"Symbol  ","Series  ","Date  ","Prev Close  ","Open Price  ","High Price  ","Low Price  ","Last Price  ","Close Price  ","Average Price ","Total Traded Quantity  ","Turnover ₹  ","No. of Trades  ","Deliverable Qty  ","% Dly Qt to Traded Qty  "
"DMART","EQ","25-Sep-2026","3,787.50","3,789.80","3,834.20","3,771.60","3,834.20","3,834.20","3,807.85","2,97,635","1,13,33,49,583.20","20,877","1,75,903","59.10"
"DMART","EQ","24-Sep-2026","3,834.80","3,818.00","3,832.10","3,780.10","3,787.50","3,787.50","3,804.67","4,29,727","1,63,49,69,457.30","21,457","2,75,476","64.10"
"DMART","EQ","23-Sep-2026","3,777.00","3,776.80","3,868.10","3,755.10","3,834.80","3,834.80","3,831.70","4,26,919","1,63,58,24,287.70","30,937","2,39,425","56.08"
"DMART","EQ","22-Sep-2026","3,800.40","3,793.30","3,830.50","3,769.30","3,777.00","3,777.00","3,799.13","4,73,697","1,79,96,34,163.40","34,519","3,04,355","64.25"
"DMART","EQ","21-Sep-2026","3,749.90","3,732.00","3,814.60","3,732.00","3,800.40","3,800.40","3,780.63","6,47,006","2,44,60,93,271.40","28,595","3,99,387","61.73"
"DMART","EQ","18-Sep-2026","3,711.20","3,711.10","3,755.80","3,680.00","3,749.90","3,749.90","3,715.61","8,81,497","3,27,53,03,215.80","31,216","6,26,100","71.03"
"DMART","EQ","17-Sep-2026","3,720.00","3,700.10","3,759.00","3,700.10","3,711.20","3,711.20","3,733.00","3,81,790","1,42,52,22,600.10","24,600","2,21,480","58.01"
"DMART","EQ","16-Sep-2026","3,680.00","3,679.00","3,730.00","3,670.00","3,720.00","3,720.00","3,703.88","4,64,459","1,72,03,02,414.40","34,499","3,15,562","67.94"
"DMART","EQ","15-Sep-2026","3,688.00","3,692.90","3,735.90","3,680.00","3,680.00","3,680.00","3,714.41","4,96,744","1,84,51,11,506.70","35,511","3,14,303","63.27"
"DMART","EQ","11-Sep-2026","3,690.00","3,677.80","3,706.20","3,650.00","3,688.00","3,688.00","3,673.83","7,10,188","2,60,91,09,780.30","39,044","4,11,932","64.45"
"DMART","EQ","10-Sep-2026","3,735.00","3,725.10","3,735.00","3,664.00","3,690.00","3,690.00","3,680.92","2,65,194","97,61,57,160.80","22,186","1,46,707","55.32"
"DMART","EQ","09-Sep-2026","3,720.20","3,710.00","3,750.00","3,705.00","3,735.00","3,735.00","3,726.30","1,83,727","68,46,22,046.40","17,928","98,535","53.63"
"DMART","EQ","08-Sep-2026","3,710.00","3,697.10","3,743.00","3,680.50","3,720.20","3,720.20","3,703.26","5,00,898","1,85,49,54,352.20","15,233","4,04,813","80.82"
"DMART","EQ","07-Sep-2026","3,770.00","3,757.00","3,768.90","3,682.30","3,710.00","3,710.00","3,706.53","3,03,872","1,12,63,12,186.60","30,736","1,68,582","55.48"
"DMART","EQ","04-Sep-2026","3,763.00","3,765.00","3,779.90","3,745.90","3,770.00","3,770.00","3,762.17","2,88,600","1,08,57,63,180.50","20,814","1,75,208","60.71"
"DMART","EQ","03-Sep-2026","3,813.40","3,824.10","3,824.10","3,752.00","3,763.00","3,763.00","3,777.11","1,86,192","70,32,67,489.50","20,581","1,00,808","54.14"
"DMART","EQ","02-Sep-2026","3,824.00","3,790.00","3,813.40","3,775.00","3,813.40","3,813.40","3,796.92","2,04,007","77,45,98,504.50","21,307","1,11,772","54.79"
"DMART","EQ","01-Sep-2026","3,900.00","3,850.00","3,850.90","3,766.10","3,824.00","3,824.00","3,795.84","3,82,602","1,45,22,96,373.60","37,592","1,83,799","48.04"
"DMART","EQ","31-Aug-2026","3,830.60","3,819.10","3,900.00","3,755.00","3,900.00","3,900.00","3,816.24","5,46,671","2,08,62,28,303.10","37,110","3,32,513","60.83"
"DMART","EQ","28-Aug-2026","3,847.40","3,850.00","3,853.90","3,822.00","3,830.60","3,830.60","3,835.85","2,76,877","1,06,20,57,685.50","19,223","1,72,060","62.14"
"DMART","EQ","27-Aug-2026","3,826.90","3,820.00","3,874.40","3,818.00","3,847.40","3,847.40","3,852.10","4,16,843","1,60,57,22,337.50","34,880","2,03,117","48.73"
"DMART","EQ","26-Aug-2026","3,909.60","3,922.90","3,935.50","3,737.20","3,826.90","3,826.90","3,806.62","23,73,823","9,03,62,40,092.80","79,945","10,10,374","42.56"
"DMART","EQ","25-Aug-2026","3,940.00","3,940.00","3,960.00","3,897.40","3,909.60","3,909.60","3,919.40","2,15,829","84,59,20,108.30","21,692","1,13,023","52.37"
"DMART","EQ","24-Aug-2026","3,906.00","3,919.90","3,940.00","3,876.20","3,940.00","3,940.00","3,909.05","2,14,118","83,69,97,752.10","24,964","80,585","37.64"
"DMART","EQ","21-Aug-2026","3,960.00","3,979.80","3,990.00","3,866.40","3,906.00","3,906.00","3,899.57","4,17,784","1,62,91,78,461.50","36,874","2,09,985","50.26"
"DMART","EQ","20-Aug-2026","3,965.00","3,973.10","4,070.00","3,955.10","3,960.00","3,960.00","4,003.40","3,99,620","1,59,98,39,075.60","29,224","1,76,862","44.26"
"DMART","EQ","19-Aug-2026","3,981.00","3,988.80","4,024.70","3,965.00","3,965.00","3,965.00","3,985.49","2,14,608","85,53,17,027.40","19,846","1,01,621","47.35"
"DMART","EQ","18-Aug-2026","3,995.00","3,989.60","4,019.10","3,946.70","3,981.00","3,981.00","3,990.86","3,39,330","1,35,42,20,187.90","24,428","1,53,490","45.23"
"DMART","EQ","17-Aug-2026","4,060.00","4,050.00","4,050.00","3,995.00","3,995.00","3,995.00","4,021.19","2,63,000","1,05,75,72,042.10","20,866","1,42,456","54.17"
"DMART","EQ","14-Aug-2026","4,070.00","4,074.80","4,098.90","4,038.00","4,060.00","4,060.00","4,064.79","3,57,867","1,45,46,54,216.70","30,801","1,97,563","55.21"
"DMART","EQ","13-Aug-2026","4,040.00","4,060.00","4,075.00","4,010.00","4,070.00","4,070.00","4,052.25","3,97,089","1,60,91,02,316.70","25,239","2,50,802","63.16"
"DMART","EQ","12-Aug-2026","4,054.90","4,035.00","4,068.90","4,020.00","4,040.00","4,040.00","4,040.82","3,36,886","1,36,12,97,282.10","26,077","2,10,205","62.40"
"DMART","EQ","11-Aug-2026","4,054.00","4,054.00","4,085.00","4,003.20","4,054.90","4,054.90","4,045.85","4,13,763","1,67,40,22,676.20","31,473","2,44,686","59.14"
"DMART","EQ","10-Aug-2026","3,900.00","3,910.00","4,059.80","3,897.00","4,054.00","4,054.00","4,000.57","5,52,732","2,21,12,41,018.20","36,050","2,37,232","42.92"
"DMART","EQ","07-Aug-2026","3,931.20","3,945.00","3,948.40","3,885.50","3,900.00","3,900.00","3,906.86","3,74,241","1,46,21,06,742.00","25,354","2,36,830","63.28"
"DMART","EQ","06-Aug-2026","3,946.00","3,988.90","3,988.90","3,927.60","3,931.20","3,931.20","3,952.53","2,50,186","98,88,66,906.40","21,438","1,24,274","49.67"
"DMART","EQ","05-Aug-2026","4,023.00","4,018.00","4,018.50","3,946.00","3,946.00","3,946.00","3,985.15","3,47,773","1,38,59,27,487.80","23,965","1,85,886","53.45"
"DMART","EQ","04-Aug-2026","4,015.00","4,023.00","4,023.00","3,969.70","4,023.00","4,023.00","3,998.85","4,48,874","1,79,49,79,987.70","23,946","2,63,482","58.70"
"DMART","EQ","03-Aug-2026","3,921.00","3,945.10","4,017.00","3,912.10","4,015.00","4,015.00","3,980.96","4,97,304","1,97,97,49,552.60","32,754","2,40,318","48.32"
"DMART","EQ","31-Jul-2026","3,874.00","3,900.10","3,946.50","3,889.70","3,921.00","3,921.00","3,920.39","5,51,952","2,16,38,65,297.30","42,854","2,87,338","52.06"
"DMART","EQ","30-Jul-2026","3,848.10","3,849.00","3,967.20","3,837.10","3,886.00","3,874.00","3,882.32","10,38,214","4,03,06,83,288.60","71,128","5,28,530","50.91"
"DMART","EQ","29-Jul-2026","3,846.60","3,859.30","3,879.80","3,826.00","3,848.00","3,848.10","3,851.01","6,29,784","2,42,53,03,487.60","60,635","3,07,262","48.79"
"DMART","EQ","28-Jul-2026","4,027.70","4,027.70","4,094.20","3,755.10","3,850.80","3,846.60","3,849.04","24,12,848","9,28,71,36,547.10","1,71,251","8,72,333","36.15"
"DMART","EQ","27-Jul-2026","4,018.80","4,030.00","4,074.10","4,013.00","4,019.00","4,027.70","4,042.95","3,84,728","1,55,54,36,082.40","40,700","1,86,771","48.55"
"DMART","EQ","24-Jul-2026","4,035.00","4,010.00","4,074.80","3,990.00","4,020.00","4,018.80","4,023.70","3,32,480","1,33,77,99,157.80","35,585","1,38,975","41.80"
"DMART","EQ","23-Jul-2026","4,000.50","3,984.00","4,124.90","3,981.90","4,042.00","4,035.00","4,061.57","7,40,773","3,00,86,99,781.80","56,112","2,82,710","38.16"
"DMART","EQ","22-Jul-2026","3,975.60","3,970.00","4,012.30","3,957.30","4,008.00","4,000.50","3,993.16","3,24,607","1,29,62,06,868.90","28,041","1,82,503","56.22"
"DMART","EQ","21-Jul-2026","3,975.50","3,974.80","4,009.00","3,955.20","3,981.10","3,975.60","3,976.20","3,14,696","1,25,12,94,688.90","26,145","1,88,502","59.90"
"DMART","EQ","20-Jul-2026","3,951.90","3,950.00","3,997.80","3,930.40","3,979.70","3,975.50","3,972.41","2,73,447","1,08,62,43,836.90","20,455","1,69,449","61.97"
"DMART","EQ","17-Jul-2026","3,950.90","3,955.00","3,989.00","3,927.50","3,950.00","3,951.90","3,954.17","3,56,574","1,40,99,54,064.60","33,908","1,76,045","49.37"
"DMART","EQ","16-Jul-2026","3,929.30","3,930.00","3,987.00","3,930.00","3,951.00","3,950.90","3,957.42","3,56,588","1,41,11,69,681.60","38,899","1,95,066","54.70"
"DMART","EQ","15-Jul-2026","3,915.90","3,919.60","3,941.80","3,886.70","3,930.00","3,929.30","3,918.56","3,46,726","1,35,86,67,382.50","41,947","1,63,175","47.06"
"DMART","EQ","14-Jul-2026","3,994.10","3,988.90","3,994.40","3,895.10","3,919.60","3,915.90","3,927.94","6,78,162","2,66,37,81,502.30","63,898","3,25,032","47.93"
"DMART","EQ","13-Jul-2026","4,081.10","3,950.00","4,012.80","3,908.00","3,994.50","3,994.10","3,983.59","22,86,738","9,10,94,26,695.70","1,68,353","11,90,115","52.04"
"DMART","EQ","10-Jul-2026","4,079.40","4,089.00","4,108.00","4,025.70","4,075.00","4,081.10","4,070.75","7,52,660","3,06,38,88,810.90","57,000","4,94,305","65.67"
"DMART","EQ","09-Jul-2026","4,038.60","4,034.00","4,086.20","3,980.00","4,077.60","4,079.40","4,048.73","5,33,044","2,15,81,50,432.20","36,421","2,44,776","45.92"
"DMART","EQ","08-Jul-2026","4,070.90","4,050.00","4,071.20","4,009.90","4,030.00","4,038.60","4,036.51","2,36,675","95,53,41,778.20","25,500","1,14,321","48.30"
"DMART","EQ","07-Jul-2026","4,064.70","4,076.10","4,094.60","4,042.40","4,070.00","4,070.90","4,067.81","5,50,082","2,23,76,30,540.30","56,721","3,25,004","59.08"
"DMART","EQ","06-Jul-2026","3,994.40","4,024.20","4,076.00","3,996.70","4,054.00","4,064.70","4,043.43","6,10,591","2,46,88,84,342.60","50,874","3,00,066","49.14"
"DMART","EQ","03-Jul-2026","4,187.00","4,090.00","4,090.00","3,982.70","3,990.00","3,994.40","4,001.80","19,01,310","7,60,86,53,764.40","1,21,234","7,65,469","40.26"
"DMART","EQ","02-Jul-2026","4,328.60","4,328.60","4,334.60","4,176.00","4,184.00","4,187.00","4,214.76","12,54,320","5,28,66,56,087.10","81,829","6,54,920","52.21"
"DMART","EQ","01-Jul-2026","4,380.70","4,368.80","4,374.70","4,220.50","4,310.00","4,328.60","4,277.66","9,30,654","3,98,10,16,760.50","79,503","4,27,044","45.89"
"DMART","EQ","30-Jun-2026","4,357.00","4,357.90","4,402.00","4,312.50","4,364.10","4,380.70","4,373.20","3,79,455","1,65,94,32,472.20","36,786","2,17,157","57.23"
"DMART","EQ","29-Jun-2026","4,294.60","4,290.10","4,385.00","4,277.70","4,347.10","4,357.00","4,348.97","7,22,211","3,14,08,71,060.90","53,787","4,17,645","57.83"
"DMART","EQ","25-Jun-2026","4,336.00","4,350.00","4,364.40","4,285.00","4,299.20","4,294.60","4,308.40","3,72,532","1,60,50,16,167.30","34,472","2,13,691","57.36"
"DMART","EQ","24-Jun-2026","4,392.90","4,395.10","4,429.40","4,304.00","4,335.00","4,336.00","4,354.19","3,07,333","1,33,81,87,401.00","37,059","1,21,431","39.51"
"DMART","EQ","23-Jun-2026","4,330.60","4,311.00","4,425.00","4,306.00","4,389.00","4,392.90","4,378.90","5,56,327","2,43,61,02,925.40","34,607","3,23,594","58.17"
"DMART","EQ","22-Jun-2026","4,286.90","4,305.70","4,352.30","4,305.70","4,320.00","4,330.60","4,329.75","2,99,785","1,29,79,94,888.20","29,368","1,71,250","57.12"
"DMART","EQ","19-Jun-2026","4,306.70","4,294.90","4,331.30","4,260.00","4,297.60","4,286.90","4,290.08","14,11,377","6,05,49,24,431.70","58,482","10,32,154","73.13"
"DMART","EQ","18-Jun-2026","4,287.50","4,300.00","4,349.60","4,287.10","4,306.00","4,306.70","4,317.09","4,33,140","1,86,99,03,580.70","38,184","2,05,288","47.40"
"DMART","EQ","17-Jun-2026","4,201.30","4,215.10","4,307.00","4,202.30","4,300.00","4,287.50","4,248.45","11,83,530","5,02,81,73,013.10","1,03,243","7,26,899","61.42"
"DMART","EQ","16-Jun-2026","4,099.00","4,109.00","4,209.00","4,109.00","4,201.60","4,201.30","4,176.14","4,83,671","2,01,98,76,423.90","39,446","2,25,086","46.54"
"DMART","EQ","15-Jun-2026","3,993.60","4,040.00","4,143.60","4,013.50","4,101.20","4,099.00","4,077.08","4,52,053","1,84,30,54,152.60","41,572","2,33,216","51.59"
"DMART","EQ","12-Jun-2026","3,987.00","4,045.00","4,045.70","3,955.00","3,998.00","3,993.60","3,990.23","3,63,313","1,44,97,00,862.40","32,836","1,94,382","53.50"
"DMART","EQ","11-Jun-2026","4,043.40","4,043.40","4,089.00","3,975.00","3,999.00","3,987.00","4,022.33","2,79,379","1,12,37,53,151.70","32,456","1,33,440","47.76"
"DMART","EQ","10-Jun-2026","4,092.00","4,078.40","4,208.80","4,031.00","4,050.00","4,043.40","4,131.77","6,04,571","2,49,79,46,262.40","56,463","2,98,178","49.32"
"DMART","EQ","09-Jun-2026","4,063.30","4,092.00","4,150.00","4,070.00","4,078.40","4,092.00","4,101.59","3,36,805","1,38,14,36,705.10","35,868","1,68,445","50.01"
"DMART","EQ","08-Jun-2026","4,144.20","4,100.00","4,147.60","4,035.20","4,041.00","4,063.30","4,101.12","2,65,674","1,08,95,61,513.20","48,225","1,48,532","55.91"
"DMART","EQ","05-Jun-2026","4,139.30","4,139.30","4,235.20","4,112.00","4,142.00","4,144.20","4,162.72","3,66,231","1,52,45,15,325.50","39,335","2,01,964","55.15"
"DMART","EQ","04-Jun-2026","4,168.40","4,160.00","4,225.00","4,128.00","4,140.40","4,139.30","4,176.28","4,87,765","2,03,70,45,256.10","47,587","2,44,946","50.22"
"DMART","EQ","03-Jun-2026","4,057.00","4,064.90","4,193.90","4,017.10","4,168.00","4,168.40","4,151.98","8,57,620","3,56,08,23,800.10","73,218","3,63,780","42.42"
"DMART","EQ","02-Jun-2026","4,071.80","4,025.00","4,068.90","3,988.80","4,053.70","4,057.00","4,039.13","4,67,977","1,89,02,21,944.30","33,330","2,61,467","55.87"
"DMART","EQ","01-Jun-2026","4,054.50","4,074.90","4,106.00","4,041.00","4,065.00","4,071.80","4,073.62","3,07,596","1,25,30,29,097.10","32,432","1,72,932","56.22"
"DMART","EQ","29-May-2026","4,124.40","4,149.90","4,149.90","4,000.10","4,051.00","4,054.50","4,063.94","21,77,691","8,85,00,02,996.90","67,232","15,23,382","69.95"
"DMART","EQ","27-May-2026","4,103.60","4,103.00","4,144.20","4,068.70","4,122.90","4,124.40","4,100.21","2,29,900","94,26,37,863.00","22,948","1,19,113","51.81"
"DMART","EQ","26-May-2026","4,097.20","4,099.90","4,119.80","4,059.90","4,090.00","4,103.60","4,095.52","4,79,388","1,96,33,45,462.90","35,347","2,66,732","55.64"
"DMART","EQ","25-May-2026","4,117.00","4,150.00","4,154.90","4,077.60","4,097.50","4,097.20","4,106.03","2,84,287","1,16,72,90,655.90","19,021","1,54,369","54.30"
"DMART","EQ","22-May-2026","4,137.20","4,145.00","4,159.00","4,103.60","4,117.90","4,117.00","4,124.80","2,07,036","85,39,82,321.30","20,414","87,654","42.34"
"DMART","EQ","21-May-2026","4,144.20","4,167.40","4,253.00","4,122.30","4,130.00","4,137.20","4,164.14","4,98,131","2,07,42,86,131.50","34,260","2,76,051","55.42"
"DMART","EQ","20-May-2026","4,236.00","4,235.00","4,240.20","4,111.00","4,158.60","4,144.20","4,153.62","3,46,215","1,43,80,44,806.40","37,049","1,48,078","42.77"
"DMART","EQ","19-May-2026","4,304.70","4,304.00","4,315.50","4,211.00","4,233.00","4,236.00","4,240.16","3,67,515","1,55,83,21,442.30","38,764","1,89,166","51.47"
"DMART","EQ","18-May-2026","4,358.70","4,335.30","4,345.60","4,268.00","4,304.00","4,304.70","4,301.51","1,68,644","72,54,24,310.20","20,531","85,225","50.54"
"DMART","EQ","15-May-2026","4,341.40","4,341.40","4,387.00","4,330.30","4,355.00","4,358.70","4,360.64","1,45,953","63,64,48,131.10","13,533","63,994","43.85"
"DMART","EQ","14-May-2026","4,334.70","4,370.00","4,388.00","4,281.20","4,340.00","4,341.40","4,344.52","3,09,428","1,34,43,16,133.50","34,611","1,62,308","52.45"
"DMART","EQ","13-May-2026","4,331.70","4,331.70","4,388.90","4,325.00","4,330.00","4,334.70","4,354.67","2,25,236","98,08,28,138.00","28,565","1,22,632","54.45"
"DMART","EQ","12-May-2026","4,389.40","4,389.00","4,419.20","4,325.00","4,330.00","4,331.70","4,373.86","2,45,222","1,07,25,67,852.60","24,510","1,34,357","54.79"
"DMART","EQ","11-May-2026","4,402.10","4,401.40","4,431.80","4,368.60","4,394.00","4,389.40","4,402.18","1,65,017","72,64,34,429.60","16,026","70,358","42.64"
"DMART","EQ","08-May-2026","4,386.50","4,410.20","4,448.00","4,382.40","4,396.10","4,402.10","4,416.58","2,66,657","1,17,77,11,988.50","24,906","1,28,857","48.32"
"DMART","EQ","07-May-2026","4,432.20","4,430.00","4,437.20","4,371.00","4,387.90","4,386.50","4,391.81","3,20,800","1,40,88,93,231.60","27,828","1,74,721","54.46"
"DMART","EQ","06-May-2026","4,358.70","4,363.40","4,444.50","4,342.10","4,416.00","4,432.20","4,410.32","3,96,395","1,74,82,29,674.10","37,062","1,93,226","48.75"
"DMART","EQ","05-May-2026","4,376.50","4,380.00","4,385.90","4,303.00","4,340.00","4,358.70","4,348.41","3,18,092","1,38,31,95,497.40","30,942","93,761","29.48"
"DMART","EQ","04-May-2026","4,585.90","4,585.00","4,585.00","4,351.00","4,365.00","4,376.50","4,406.03","13,58,897","5,98,73,41,498.80","99,821","5,77,924","42.53"
"DMART","EQ","30-Apr-2026","4,593.40","4,584.00","4,615.00","4,511.00","4,614.00","4,585.90","4,560.05","5,28,855","2,41,16,07,631.90","36,463","3,32,059","62.79"
"DMART","EQ","29-Apr-2026","4,544.40","4,558.00","4,639.90","4,558.00","4,599.90","4,593.40","4,604.02","2,99,310","1,37,80,29,572.90","23,051","1,73,295","57.90"
"DMART","EQ","28-Apr-2026","4,507.10","4,506.40","4,600.50","4,480.00","4,530.00","4,544.40","4,557.77","4,47,096","2,03,77,59,399.80","32,096","2,25,962","50.54"
"DMART","EQ","27-Apr-2026","4,443.50","4,489.80","4,529.00","4,460.30","4,500.00","4,507.10","4,513.25","4,78,314","2,15,87,49,836.00","38,488","2,55,492","53.42"
"DMART","EQ","24-Apr-2026","4,521.20","4,559.50","4,559.50","4,416.00","4,435.00","4,443.50","4,459.32","2,14,778","95,77,64,217.30","19,904","86,733","40.38"
"DMART","EQ","23-Apr-2026","4,594.80","4,590.00","4,595.00","4,512.20","4,525.30","4,521.20","4,547.21","2,56,265","1,16,52,89,541.10","22,023","1,06,149","41.42"
"DMART","EQ","22-Apr-2026","4,589.40","4,589.20","4,628.90","4,532.10","4,571.00","4,594.80","4,588.63","3,25,451","1,49,33,73,813.10","34,474","1,53,976","47.31"
"DMART","EQ","21-Apr-2026","4,605.20","4,605.20","4,627.30","4,550.00","4,590.00","4,589.40","4,587.40","4,11,473","1,88,75,90,823.40","25,177","2,46,235","59.84"
"DMART","EQ","20-Apr-2026","4,628.50","4,629.90","4,634.30","4,550.60","4,600.00","4,605.20","4,596.69","5,21,891","2,39,89,68,808.30","36,403","2,71,898","52.10"
"DMART","EQ","17-Apr-2026","4,428.30","4,446.00","4,644.00","4,435.10","4,630.00","4,628.50","4,586.01","13,66,449","6,26,65,43,386.00","76,899","7,11,542","52.07"
"DMART","EQ","16-Apr-2026","4,473.30","4,496.10","4,506.90","4,386.00","4,436.50","4,428.30","4,437.04","3,42,142","1,51,80,96,058.30","26,205","1,24,971","36.53"
"DMART","EQ","15-Apr-2026","4,448.00","4,500.00","4,509.60","4,368.00","4,465.40","4,473.30","4,457.28","8,46,585","3,77,34,64,648.50","55,287","4,91,300","58.03"
"DMART","EQ","13-Apr-2026","4,400.60","4,300.00","4,477.20","4,284.20","4,450.00","4,448.00","4,416.87","8,74,894","3,86,42,93,050.00","70,293","4,57,952","52.34"
"DMART","EQ","10-Apr-2026","4,415.60","4,415.60","4,437.10","4,348.30","4,395.20","4,400.60","4,388.79","4,41,927","1,93,95,24,457.90","38,211","2,02,995","45.93"
"DMART","EQ","09-Apr-2026","4,368.80","4,351.00","4,430.00","4,322.30","4,405.00","4,415.60","4,398.20","5,49,708","2,41,77,27,717.80","39,611","2,64,211","48.06"
"DMART","EQ","08-Apr-2026","4,466.00","4,521.30","4,538.50","4,355.00","4,374.90","4,368.80","4,406.19","10,93,580","4,81,85,22,420.30","93,686","5,50,730","50.36"
"DMART","EQ","07-Apr-2026","4,551.30","4,485.70","4,558.80","4,453.10","4,464.80","4,466.00","4,496.83","6,01,591","2,70,52,55,106.30","42,520","2,29,590","38.16"
"DMART","EQ","06-Apr-2026","4,362.40","4,450.00","4,562.60","4,353.10","4,535.00","4,551.30","4,455.40","19,15,220","8,53,30,69,582.40","1,47,229","7,46,548","38.98"
"DMART","EQ","02-Apr-2026","4,271.10","4,228.40","4,393.70","4,190.30","4,333.00","4,362.40","4,313.85","15,79,436","6,81,34,54,423.00","91,090","4,98,355","31.55"
"DMART","EQ","01-Apr-2026","3,956.80","4,075.00","4,294.80","4,066.10","4,263.30","4,271.10","4,238.30","27,10,202","11,48,66,39,137.30","1,58,130","12,62,175","46.57"
"DMART","EQ","30-Mar-2026","3,903.20","3,897.60","4,015.00","3,877.00","4,000.00","3,956.80","3,934.99","17,38,503","6,84,09,85,996.20","1,06,572","9,17,733","52.79"
"DMART","EQ","27-Mar-2026","3,910.80","3,900.00","3,940.00","3,865.50","3,915.00","3,903.20","3,911.11","15,48,765","6,05,73,88,178.50","74,581","9,77,086","63.09"
"DMART","EQ","25-Mar-2026","3,756.50","3,780.00","3,939.00","3,761.00","3,920.10","3,910.80","3,904.52","13,35,663","5,21,51,17,042.00","59,368","8,25,900","61.83"
"DMART","EQ","24-Mar-2026","3,655.60","3,730.00","3,820.50","3,685.10","3,759.80","3,756.50","3,752.98","4,16,887","1,56,45,66,837.00","34,827","1,71,479","41.13"
"DMART","EQ","23-Mar-2026","3,770.80","3,750.00","3,752.00","3,630.00","3,643.00","3,655.60","3,676.49","2,96,381","1,08,96,41,799.20","33,353","1,23,565","41.69"
"DMART","EQ","20-Mar-2026","3,808.20","3,822.10","3,848.00","3,748.70","3,769.00","3,770.80","3,792.07","3,86,084","1,46,40,58,900.00","27,986","2,04,162","52.88"
"DMART","EQ","19-Mar-2026","3,844.00","3,801.00","3,872.60","3,771.00","3,829.90","3,808.20","3,825.77","4,26,306","1,63,09,47,797.60","50,598","1,63,083","38.25"
"DMART","EQ","18-Mar-2026","3,781.40","3,800.00","3,905.30","3,790.30","3,849.00","3,844.00","3,862.03","3,40,765","1,31,60,44,095.20","33,228","1,34,723","39.54"
"DMART","EQ","17-Mar-2026","3,817.90","3,827.80","3,853.00","3,775.00","3,787.00","3,781.40","3,801.94","2,29,556","87,27,58,120.30","23,269","93,194","40.60"
"DMART","EQ","16-Mar-2026","3,834.30","3,824.30","3,834.80","3,736.10","3,815.00","3,817.90","3,783.06","4,01,345","1,51,83,11,683.70","30,400","1,46,600","36.53"
"DMART","EQ","13-Mar-2026","3,953.60","3,945.00","4,056.00","3,825.00","3,829.80","3,834.30","3,949.30","9,13,594","3,60,80,58,439.70","72,423","3,06,895","33.59"
"DMART","EQ","12-Mar-2026","3,944.80","3,928.20","3,975.00","3,856.20","3,945.00","3,953.60","3,933.66","3,52,801","1,38,77,99,789.10","29,741","2,01,472","57.11"
"DMART","EQ","11-Mar-2026","3,946.80","3,946.80","3,992.00","3,908.10","3,935.00","3,944.80","3,952.88","3,80,922","1,50,57,37,756.60","24,978","2,33,537","61.31"
"DMART","EQ","10-Mar-2026","3,966.20","3,993.00","4,000.00","3,916.90","3,960.00","3,946.80","3,953.09","3,20,407","1,26,65,96,909.30","27,059","1,02,814","32.09"
"DMART","EQ","09-Mar-2026","3,875.80","3,866.90","3,982.00","3,814.50","3,967.10","3,966.20","3,906.93","9,33,615","3,64,75,68,555.50","85,883","4,00,696","42.92"
"DMART","EQ","06-Mar-2026","3,835.40","3,825.00","3,903.90","3,825.00","3,881.50","3,875.80","3,867.50","2,24,906","86,98,24,580.20","23,461","1,03,203","45.89"
"DMART","EQ","05-Mar-2026","3,760.90","3,763.00","3,853.00","3,726.60","3,850.00","3,835.40","3,802.46","5,16,200","1,96,28,28,870.50","41,929","2,84,123","55.04"
"DMART","EQ","04-Mar-2026","3,802.50","3,772.20","3,795.00","3,736.00","3,754.60","3,760.90","3,764.42","6,03,969","2,27,35,94,797.20","63,618","3,93,845","65.21"
"DMART","EQ","02-Mar-2026","3,847.60","3,700.00","3,833.10","3,700.00","3,800.00","3,802.50","3,788.61","3,78,340","1,43,33,83,527.70","49,062","2,00,114","52.89"
"DMART","EQ","27-Feb-2026","3,865.60","3,880.20","3,883.00","3,804.00","3,855.00","3,847.60","3,848.34","4,78,983","1,84,32,89,417.90","38,257","2,94,047","61.39"
"DMART","EQ","26-Feb-2026","3,888.20","3,900.00","3,900.60","3,820.00","3,865.00","3,865.60","3,858.71","4,15,196","1,60,21,19,462.00","34,754","2,56,995","61.90"
"DMART","EQ","25-Feb-2026","3,849.30","3,880.00","3,945.80","3,857.80","3,871.60","3,888.20","3,900.81","3,25,095","1,26,81,32,677.70","30,260","1,26,191","38.82"
"DMART","EQ","24-Feb-2026","3,845.30","3,840.00","3,862.30","3,798.60","3,840.00","3,849.30","3,832.35","3,95,317","1,51,49,91,619.70","28,051","2,00,094","50.62"
"DMART","EQ","23-Feb-2026","3,866.40","3,889.00","3,900.00","3,810.30","3,838.00","3,845.30","3,847.05","4,38,695","1,68,76,81,855.00","33,031","2,55,938","58.34"
"DMART","EQ","20-Feb-2026","3,834.10","3,848.40","3,889.30","3,825.00","3,850.00","3,866.40","3,863.45","1,94,556","75,16,58,110.40","16,657","83,978","43.16"
"DMART","EQ","19-Feb-2026","3,915.20","3,915.00","3,944.00","3,821.20","3,839.00","3,834.10","3,857.04","2,86,762","1,10,60,53,515.60","25,097","1,49,373","52.09"
"DMART","EQ","18-Feb-2026","3,902.90","3,903.00","3,924.70","3,883.50","3,910.00","3,915.20","3,908.07","1,70,546","66,65,04,919.50","14,756","85,761","50.29"
"DMART","EQ","17-Feb-2026","3,880.70","3,869.90","3,940.00","3,869.90","3,899.00","3,902.90","3,904.71","1,76,705","68,99,82,397.60","18,113","68,970","39.03"
"DMART","EQ","16-Feb-2026","3,909.20","3,850.00","3,900.80","3,842.30","3,878.00","3,880.70","3,878.13","2,39,724","92,96,81,635.50","16,459","1,46,221","61.00"
"DMART","EQ","13-Feb-2026","3,963.00","3,944.30","3,949.50","3,887.00","3,890.00","3,909.20","3,911.73","2,19,061","85,69,07,560.50","24,539","1,15,090","52.54"
"DMART","EQ","12-Feb-2026","4,003.70","4,000.00","4,000.00","3,947.60","3,957.60","3,963.00","3,963.99","1,97,205","78,17,18,598.40","18,625","1,05,631","53.56"
"DMART","EQ","11-Feb-2026","4,002.20","4,014.00","4,032.20","3,970.10","4,000.00","4,003.70","3,998.67","3,24,857","1,29,89,95,552.30","24,714","1,74,091","53.59"
"DMART","EQ","10-Feb-2026","3,922.40","3,940.00","4,019.00","3,920.00","4,005.40","4,002.20","3,982.43","3,88,861","1,54,86,10,414.20","37,891","1,69,323","43.54"
"DMART","EQ","09-Feb-2026","3,889.90","3,893.10","3,939.60","3,890.20","3,924.80","3,922.40","3,919.37","2,24,953","88,16,74,861.00","25,148","1,30,783","58.14"
"DMART","EQ","06-Feb-2026","3,934.90","3,934.80","3,949.00","3,850.00","3,893.00","3,889.90","3,880.49","2,76,165","1,07,16,55,388.30","23,192","1,26,130","45.67"
"DMART","EQ","05-Feb-2026","3,824.30","3,849.00","3,949.50","3,825.10","3,930.00","3,934.90","3,901.46","8,67,140","3,38,31,09,305.80","57,032","4,11,122","47.41"
"DMART","EQ","04-Feb-2026","3,776.60","3,794.00","3,849.00","3,749.00","3,824.00","3,824.30","3,824.27","2,69,849","1,03,19,76,693.80","23,396","1,17,557","43.56"
"DMART","EQ","03-Feb-2026","3,674.20","3,750.00","3,802.40","3,709.00","3,778.80","3,776.60","3,764.01","4,12,498","1,55,26,47,055.80","45,146","2,08,497","50.54"
"DMART","EQ","02-Feb-2026","3,613.70","3,639.00","3,683.30","3,600.00","3,665.50","3,674.20","3,644.74","2,12,416","77,42,01,787.80","21,211","1,11,741","52.60"
"DMART","EQ","01-Feb-2026","3,689.50","3,690.00","3,710.00","3,529.00","3,602.50","3,613.70","3,658.56","2,89,099","1,05,76,86,155.70","26,556","1,34,545","46.54"
"DMART","EQ","30-Jan-2026","3,667.20","3,645.00","3,740.00","3,638.00","3,697.40","3,689.50","3,681.75","6,19,205","2,27,97,59,701.40","42,848","3,83,617","61.95"
"DMART","EQ","29-Jan-2026","3,735.70","3,710.40","3,727.20","3,641.00","3,668.90","3,667.20","3,671.47","4,48,584","1,64,69,64,813.20","39,884","2,74,703","61.24"
"DMART","EQ","28-Jan-2026","3,670.60","3,663.00","3,744.30","3,663.00","3,735.00","3,735.70","3,713.75","2,42,635","90,10,84,740.20","22,082","1,37,978","56.87"
"DMART","EQ","27-Jan-2026","3,665.60","3,651.00","3,686.10","3,633.80","3,685.00","3,670.60","3,663.84","3,74,815","1,37,32,62,456.70","38,289","2,09,109","55.79"
"DMART","EQ","23-Jan-2026","3,724.10","3,724.10","3,738.90","3,646.80","3,665.60","3,665.60","3,699.55","1,85,668","68,68,88,003.40","18,617","82,369","44.36"
"DMART","EQ","22-Jan-2026","3,656.70","3,690.00","3,735.00","3,658.00","3,730.00","3,724.10","3,688.51","4,09,471","1,51,03,38,155.80","32,839","2,63,325","64.31"
"DMART","EQ","21-Jan-2026","3,661.60","3,661.60","3,694.60","3,617.60","3,651.90","3,656.70","3,654.77","4,73,540","1,73,06,77,802.30","29,943","2,48,062","52.38"
"DMART","EQ","20-Jan-2026","3,766.70","3,768.00","3,786.50","3,645.50","3,665.40","3,661.60","3,694.22","5,21,411","1,92,62,07,814.80","35,068","2,82,168","54.12"
"DMART","EQ","19-Jan-2026","3,775.70","3,775.70","3,846.00","3,733.30","3,760.00","3,766.70","3,770.93","4,04,691","1,52,60,60,143.80","24,951","2,20,757","54.55"
"DMART","EQ","16-Jan-2026","3,830.30","3,820.00","3,832.00","3,741.00","3,775.30","3,775.70","3,775.13","8,17,036","3,08,44,20,718.30","54,755","4,18,477","51.22"
"DMART","EQ","14-Jan-2026","3,826.90","3,822.00","3,889.80","3,811.80","3,831.40","3,830.30","3,856.96","4,95,104","1,90,95,95,885.60","29,681","2,31,645","46.79"
"DMART","EQ","13-Jan-2026","3,832.50","3,851.50","3,889.00","3,782.70","3,832.20","3,826.90","3,817.78","6,93,948","2,64,93,41,227.10","55,108","3,29,147","47.43"
"DMART","EQ","12-Jan-2026","3,801.30","3,852.00","3,918.60","3,760.50","3,830.00","3,832.50","3,851.41","20,52,645","7,90,55,81,160.00","1,26,490","5,06,852","24.69"
"DMART","EQ","09-Jan-2026","3,789.80","3,794.00","3,833.20","3,745.10","3,807.00","3,801.30","3,792.25","6,00,885","2,27,87,04,881.10","34,190","3,02,723","50.38"
"DMART","EQ","08-Jan-2026","3,841.60","3,843.00","3,872.40","3,781.00","3,792.00","3,789.80","3,815.30","4,00,228","1,52,69,88,729.40","28,633","1,46,999","36.73"
"DMART","EQ","07-Jan-2026","3,663.70","3,665.00","3,849.90","3,662.00","3,842.60","3,841.60","3,800.80","13,17,962","5,00,93,05,888.70","76,830","3,81,982","28.98"
"DMART","EQ","06-Jan-2026","3,646.30","3,641.00","3,680.00","3,605.10","3,669.90","3,663.70","3,647.58","5,85,617","2,13,60,83,856.10","53,945","3,26,045","55.68"
"DMART","EQ","05-Jan-2026","3,719.80","3,719.10","3,719.10","3,635.30","3,641.00","3,646.30","3,658.51","5,67,365","2,07,57,11,723.90","51,632","2,47,495","43.62"
"DMART","EQ","02-Jan-2026","3,716.10","3,735.00","3,753.50","3,700.00","3,721.00","3,719.80","3,724.29","2,95,500","1,10,05,26,259.60","25,458","1,65,138","55.88"
"DMART","EQ","01-Jan-2026","3,782.20","3,794.80","3,808.00","3,703.00","3,714.20","3,716.10","3,723.73","5,17,006","1,92,51,90,460.80","27,818","3,33,365","64.48"
"DMART","EQ","31-Dec-2025","3,753.50","3,753.50","3,800.00","3,742.20","3,776.00","3,782.20","3,780.12","6,38,024","2,41,18,04,494.40","38,836","4,08,247","63.99"
"DMART","EQ","30-Dec-2025","3,788.00","3,792.00","3,805.30","3,748.20","3,750.00","3,753.50","3,776.47","4,89,287","1,84,77,76,417.60","45,267","3,65,048","74.61"
"DMART","EQ","29-Dec-2025","3,787.40","3,778.00","3,828.00","3,768.40","3,789.90","3,788.00","3,781.66","2,39,535","90,58,40,973.60","48,935","1,58,060","65.99"
"DMART","EQ","26-Dec-2025","3,800.20","3,805.00","3,824.00","3,781.20","3,790.00","3,787.40","3,794.73","2,45,539","93,17,53,629.90","19,376","1,47,040","59.88"
"DMART","EQ","24-Dec-2025","3,828.20","3,843.00","3,843.00","3,771.30","3,805.00","3,800.20","3,795.60","3,63,697","1,38,04,50,069.20","24,880","2,38,222","65.50"
"DMART","EQ","23-Dec-2025","3,818.60","3,835.00","3,844.40","3,802.50","3,832.90","3,828.20","3,826.44","2,40,671","92,09,12,239.00","33,030","1,30,152","54.08"
"DMART","EQ","22-Dec-2025","3,819.50","3,826.90","3,868.00","3,815.70","3,824.60","3,818.60","3,837.11","2,07,963","79,79,77,780.00","32,570","1,28,257","61.67"
"DMART","EQ","19-Dec-2025","3,757.20","3,796.10","3,830.00","3,756.40","3,826.70","3,819.50","3,795.03","2,65,092","1,00,60,31,419.40","36,182","1,39,306","52.55"
"DMART","EQ","18-Dec-2025","3,826.20","3,814.80","3,822.30","3,742.40","3,763.00","3,757.20","3,771.40","3,27,081","1,23,35,54,375.70","36,572","1,88,111","57.51"
"DMART","EQ","17-Dec-2025","3,856.80","3,857.50","3,869.80","3,808.70","3,820.10","3,826.20","3,828.49","4,01,218","1,53,60,60,515.60","38,475","2,69,903","67.27"
"DMART","EQ","16-Dec-2025","3,825.60","3,878.90","3,914.80","3,825.90","3,861.00","3,856.80","3,880.57","6,67,837","2,59,15,85,236.30","51,488","1,80,153","26.98"
"DMART","EQ","15-Dec-2025","3,843.00","3,859.90","3,859.90","3,812.00","3,832.90","3,825.60","3,827.65","2,41,968","92,61,69,488.50","23,042","1,55,989","64.47"
"DMART","EQ","12-Dec-2025","3,830.80","3,830.80","3,868.60","3,810.00","3,845.00","3,843.00","3,834.27","2,48,192","95,16,35,802.90","24,970","1,58,505","63.86"
"DMART","EQ","11-Dec-2025","3,816.30","3,820.00","3,848.80","3,770.00","3,808.00","3,830.80","3,816.67","3,96,885","1,51,47,78,650.30","34,331","1,99,461","50.26"
"DMART","EQ","10-Dec-2025","3,910.00","3,891.00","3,923.70","3,805.00","3,817.00","3,816.30","3,827.85","5,76,341","2,20,61,48,020.50","60,542","3,89,722","67.62"
"DMART","EQ","09-Dec-2025","3,867.60","3,867.60","3,920.00","3,841.70","3,912.00","3,910.00","3,887.20","2,55,693","99,39,30,340.10","36,802","1,38,655","54.23"
"DMART","EQ","08-Dec-2025","3,952.10","3,950.00","3,955.20","3,826.60","3,866.90","3,867.60","3,871.00","2,68,207","1,03,82,28,330.30","32,360","1,49,842","55.87"
"DMART","EQ","05-Dec-2025","3,913.30","3,913.30","3,956.40","3,904.30","3,955.20","3,952.10","3,939.90","1,84,255","72,59,45,653.10","27,821","1,16,208","63.07"
"DMART","EQ","04-Dec-2025","3,909.70","3,910.30","3,935.00","3,897.30","3,915.70","3,913.30","3,916.14","2,00,117","78,36,85,871.90","30,582","1,22,063","61.00"
"DMART","EQ","03-Dec-2025","3,961.80","3,961.80","3,969.20","3,883.00","3,905.50","3,909.70","3,905.76","3,59,508","1,40,41,50,719.60","47,808","2,27,870","63.38"
"DMART","EQ","02-Dec-2025","3,963.30","3,968.00","3,975.20","3,935.00","3,963.80","3,961.80","3,952.34","2,92,968","1,15,79,10,554.60","43,464","1,98,313","67.69"
"DMART","EQ","01-Dec-2025","3,996.50","3,997.00","4,009.50","3,946.00","3,960.50","3,963.30","3,968.89","2,56,602","1,01,84,25,372.30","34,105","1,53,363","59.77"
"DMART","EQ","28-Nov-2025","4,007.10","4,005.00","4,044.80","3,992.20","3,995.90","3,996.50","4,011.98","2,11,068","84,67,99,879.50","20,570","1,33,570","63.28"
"DMART","EQ","27-Nov-2025","4,019.10","4,029.00","4,038.00","3,986.00","4,014.90","4,007.10","4,008.83","2,37,041","95,02,56,502.30","40,312","1,48,821","62.78"
"DMART","EQ","26-Nov-2025","3,988.60","3,999.90","4,029.90","3,980.00","4,015.00","4,019.10","4,015.50","3,60,542","1,44,77,55,071.40","40,002","2,70,982","75.16"
"DMART","EQ","25-Nov-2025","3,987.50","3,997.90","4,015.40","3,960.00","3,989.50","3,988.60","3,989.06","4,46,861","1,78,25,53,419.30","50,367","3,04,481","68.14"
"DMART","EQ","24-Nov-2025","4,038.00","4,046.90","4,048.50","3,975.20","3,985.00","3,987.50","3,991.99","7,24,604","2,89,26,13,915.70","47,327","4,85,791","67.04"
"DMART","EQ","21-Nov-2025","4,085.00","4,085.00","4,098.90","4,030.50","4,040.30","4,038.00","4,056.95","3,30,945","1,34,26,26,389.60","37,700","1,79,935","54.37"
"DMART","EQ","20-Nov-2025","4,026.50","4,045.00","4,099.70","4,037.10","4,085.00","4,085.00","4,078.07","3,87,479","1,58,01,66,580.00","35,220","1,82,169","47.01"
"DMART","EQ","19-Nov-2025","3,997.20","4,010.00","4,039.00","3,997.10","4,035.00","4,026.50","4,021.35","3,78,207","1,52,09,02,536.70","29,847","2,65,485","70.20"
"DMART","EQ","18-Nov-2025","4,036.20","4,036.20","4,042.20","3,991.60","3,995.00","3,997.20","4,005.04","3,11,407","1,24,71,96,667.00","32,195","1,95,349","62.73"
"DMART","EQ","17-Nov-2025","4,053.70","4,059.90","4,086.00","4,032.00","4,039.00","4,036.20","4,044.69","1,86,267","75,33,91,541.50","19,082","1,10,104","59.11"
"DMART","EQ","14-Nov-2025","4,062.50","4,060.00","4,069.20","4,020.00","4,053.00","4,053.70","4,043.68","3,05,911","1,23,70,05,668.30","27,992","1,98,445","64.87"
"DMART","EQ","13-Nov-2025","4,058.00","4,058.00","4,090.00","4,040.40","4,060.00","4,062.50","4,071.03","2,52,053","1,02,61,15,356.60","35,009","1,60,142","63.54"
"DMART","EQ","12-Nov-2025","4,072.20","4,112.60","4,112.60","4,047.30","4,054.00","4,058.00","4,063.89","3,81,769","1,55,14,66,363.90","33,814","2,59,353","67.93"
"DMART","EQ","11-Nov-2025","4,019.00","4,025.00","4,077.40","4,020.00","4,075.00","4,072.20","4,053.36","2,72,277","1,10,36,37,150.70","26,158","1,59,379","58.54"
"DMART","EQ","10-Nov-2025","4,011.00","4,011.00","4,067.00","4,011.00","4,035.00","4,019.00","4,037.16","2,90,454","1,17,26,09,242.20","28,641","1,58,087","54.43"
"DMART","EQ","07-Nov-2025","4,082.20","4,082.20","4,082.20","3,984.60","4,015.90","4,011.00","4,011.43","11,95,522","4,79,57,51,439.10","63,430","8,18,380","68.45"
"DMART","EQ","06-Nov-2025","4,182.40","4,182.40","4,191.40","4,071.90","4,089.00","4,082.20","4,109.04","4,87,314","2,00,23,92,604.30","51,155","3,17,824","65.22"
"DMART","EQ","04-Nov-2025","4,156.00","4,160.00","4,222.00","4,145.00","4,185.00","4,182.40","4,190.23","3,14,080","1,31,60,68,391.60","31,485","1,75,425","55.85"
"DMART","EQ","03-Nov-2025","4,153.50","4,153.50","4,173.50","4,111.00","4,164.00","4,156.00","4,148.55","1,78,823","74,18,56,023.50","22,831","76,764","42.93"
"DMART","EQ","31-Oct-2025","4,161.10","4,164.10","4,204.90","4,147.00","4,152.90","4,153.50","4,170.09","2,80,621","1,17,02,13,650.60","30,814","1,76,173","62.78"
"DMART","EQ","30-Oct-2025","4,229.40","4,248.00","4,248.00","4,149.90","4,155.00","4,161.10","4,172.67","4,45,095","1,85,72,34,501.80","36,891","3,09,154","69.46"
"DMART","EQ","29-Oct-2025","4,220.90","4,225.00","4,254.00","4,213.20","4,229.00","4,229.40","4,236.56","1,48,520","62,92,14,553.00","20,919","69,080","46.51"
"DMART","EQ","28-Oct-2025","4,257.90","4,274.60","4,292.80","4,183.10","4,233.90","4,220.90","4,215.72","3,10,562","1,30,92,43,122.80","26,346","1,57,035","50.56"
"DMART","EQ","27-Oct-2025","4,213.90","4,214.00","4,264.90","4,214.00","4,255.00","4,257.90","4,245.73","2,81,638","1,19,57,57,829.90","20,475","1,62,035","57.53"
"DMART","EQ","24-Oct-2025","4,268.00","4,268.00","4,271.70","4,197.00","4,213.10","4,213.90","4,222.74","2,50,190","1,05,64,86,833.10","20,536","1,39,057","55.58"
"DMART","EQ","23-Oct-2025","4,274.50","4,287.00","4,334.50","4,256.20","4,275.00","4,268.00","4,287.04","2,74,317","1,17,60,08,820.00","21,706","1,48,504","54.14"
"DMART","EQ","21-Oct-2025","4,275.30","4,308.00","4,311.00","4,260.00","4,272.00","4,274.50","4,282.78","36,984","15,83,94,489.90","5,030","21,538","58.24"
"DMART","EQ","20-Oct-2025","4,302.50","4,310.00","4,319.70","4,260.00","4,278.00","4,275.30","4,278.48","2,28,477","97,75,33,207.70","34,507","1,16,750","51.10"
"DMART","EQ","17-Oct-2025","4,316.10","4,312.00","4,316.10","4,276.90","4,292.20","4,302.50","4,296.11","2,34,370","1,00,68,80,412.40","29,812","1,21,264","51.74"
"DMART","EQ","16-Oct-2025","4,259.60","4,278.00","4,334.80","4,267.40","4,309.80","4,316.10","4,310.22","3,63,379","1,56,62,44,329.30","28,173","1,56,560","43.08"
"DMART","EQ","15-Oct-2025","4,205.20","4,230.00","4,275.00","4,215.00","4,264.50","4,259.60","4,249.67","4,15,827","1,76,71,27,967.20","37,481","2,72,551","65.54"
"DMART","EQ","14-Oct-2025","4,202.60","4,235.00","4,246.00","4,196.70","4,203.00","4,205.20","4,213.79","2,76,492","1,16,50,78,265.40","27,126","1,29,353","46.78"
"DMART","EQ","13-Oct-2025","4,320.40","4,275.00","4,349.90","4,192.10","4,199.00","4,202.60","4,234.85","9,59,344","4,06,26,77,152.60","1,10,177","3,90,143","40.67"
"DMART","EQ","10-Oct-2025","4,305.10","4,308.90","4,365.90","4,301.50","4,328.00","4,320.40","4,334.71","4,23,959","1,83,77,39,474.60","40,025","2,19,195","51.70"
"DMART","EQ","09-Oct-2025","4,294.40","4,294.40","4,320.00","4,275.00","4,311.00","4,305.10","4,297.52","2,24,961","96,67,73,633.20","28,347","1,13,943","50.65"
"DMART","EQ","08-Oct-2025","4,303.00","4,305.00","4,323.00","4,268.00","4,285.00","4,294.40","4,298.80","4,02,659","1,73,09,49,258.40","36,992","2,29,836","57.08"
"DMART","EQ","07-Oct-2025","4,301.60","4,315.00","4,345.00","4,269.00","4,311.00","4,303.00","4,299.02","5,97,770","2,56,98,27,923.10","46,759","3,88,315","64.96"
"DMART","EQ","06-Oct-2025","4,418.40","4,375.00","4,388.10","4,269.00","4,300.00","4,301.60","4,308.77","11,91,976","5,13,59,51,765.80","91,550","6,68,478","56.08"
"DMART","EQ","03-Oct-2025","4,449.90","4,445.00","4,445.00","4,387.10","4,420.00","4,418.40","4,415.02","4,77,671","2,10,89,24,638.00","73,573","2,82,606","59.16"
"DMART","EQ","01-Oct-2025","4,475.40","4,475.40","4,529.70","4,422.00","4,452.00","4,449.90","4,448.57","5,07,811","2,25,90,30,637.20","42,939","3,22,901","63.59"
"DMART","EQ","30-Sep-2025","4,529.90","4,530.00","4,566.90","4,419.90","4,464.10","4,475.40","4,482.62","7,33,529","3,28,81,32,324.70","60,950","4,27,433","58.27"
"DMART","EQ","29-Sep-2025","4,517.80","4,500.00","4,571.00","4,483.80","4,532.00","4,529.90","4,527.22","4,29,367","1,94,38,40,412.60","41,429","2,61,187","60.83"
"DMART","EQ","26-Sep-2025","4,576.20","4,589.90","4,629.30","4,510.00","4,524.10","4,517.80","4,548.36","5,04,865","2,29,63,07,403.20","55,859","2,86,425","56.73"
"DMART","EQ","25-Sep-2025","4,645.80","4,640.00","4,651.70","4,565.10","4,580.10","4,576.20","4,604.12","4,54,357","2,09,19,16,069.20","45,914","2,69,979","59.42"
"DMART","EQ","24-Sep-2025","4,633.90","4,630.00","4,754.60","4,606.40","4,632.00","4,645.80","4,675.89","4,84,648","2,26,61,61,413.30","49,862","1,88,180","38.83"
"DMART","EQ","23-Sep-2025","4,671.20","4,695.80","4,711.70","4,572.50","4,622.70","4,633.90","4,622.88","3,98,679","1,84,30,45,207.90","34,424","1,95,618","49.07"
"DMART","EQ","22-Sep-2025","4,775.30","4,785.40","4,789.80","4,655.30","4,675.00","4,671.20","4,718.45","2,53,711","1,19,71,22,656.30","26,093","1,18,416","46.67"
"DMART","EQ","19-Sep-2025","4,760.30","4,773.00","4,798.00","4,728.00","4,783.00","4,775.30","4,769.48","4,56,609","2,17,77,88,978.30","29,068","2,83,435","62.07"
"DMART","EQ","18-Sep-2025","4,717.30","4,768.00","4,818.00","4,745.80","4,775.00","4,760.30","4,775.65","4,20,160","2,00,65,38,079.50","41,287","1,34,397","31.99"
"DMART","EQ","17-Sep-2025","4,696.20","4,712.00","4,755.10","4,693.30","4,720.00","4,717.30","4,730.65","2,99,305","1,41,59,07,396.00","31,832","1,67,253","55.88"
"DMART","EQ","16-Sep-2025","4,651.00","4,667.00","4,715.00","4,655.00","4,688.10","4,696.20","4,692.24","2,39,708","1,12,47,68,009.60","23,322","1,49,738","62.47"
"DMART","EQ","15-Sep-2025","4,616.60","4,616.00","4,697.50","4,575.00","4,655.00","4,651.00","4,643.56","3,84,078","1,78,34,88,247.00","36,428","2,20,925","57.52"
"DMART","EQ","12-Sep-2025","4,589.70","4,632.00","4,634.00","4,587.00","4,615.00","4,616.60","4,618.03","3,84,352","1,77,49,48,369.20","44,106","2,27,203","59.11"
"DMART","EQ","11-Sep-2025","4,631.30","4,642.30","4,646.00","4,562.60","4,592.00","4,589.70","4,587.97","3,81,814","1,75,17,50,830.70","41,175","2,19,143","57.40"
"DMART","EQ","10-Sep-2025","4,759.80","4,778.00","4,789.80","4,613.00","4,632.70","4,631.30","4,672.66","3,41,652","1,59,64,22,493.30","42,389","1,54,851","45.32"
"DMART","EQ","09-Sep-2025","4,714.20","4,726.10","4,778.00","4,691.50","4,765.00","4,759.80","4,749.35","1,84,352","87,55,51,286.60","28,635","76,237","41.35"
"DMART","EQ","08-Sep-2025","4,793.30","4,810.00","4,814.90","4,690.60","4,712.00","4,714.20","4,738.11","2,14,159","1,01,47,08,099.60","35,786","74,420","34.75"
"DMART","EQ","05-Sep-2025","4,829.30","4,850.00","4,898.50","4,767.20","4,800.00","4,793.30","4,814.42","2,47,794","1,19,29,85,232.90","29,614","1,04,540","42.19"
"DMART","EQ","04-Sep-2025","4,758.50","4,949.00","4,949.50","4,781.50","4,835.00","4,829.30","4,829.01","9,99,705","4,82,75,89,427.90","80,534","4,82,248","48.24"
"DMART","EQ","03-Sep-2025","4,680.00","4,680.00","4,780.00","4,675.50","4,761.90","4,758.50","4,735.07","4,06,023","1,92,25,48,919.50","41,184","2,53,711","62.49"
"DMART","EQ","02-Sep-2025","4,734.90","4,749.90","4,772.00","4,670.00","4,672.90","4,680.00","4,694.81","3,95,168","1,85,52,37,799.30","37,423","1,89,593","47.98"
"DMART","EQ","01-Sep-2025","4,755.60","4,753.00","4,829.00","4,720.00","4,748.00","4,734.90","4,782.78","5,64,620","2,70,04,52,408.00","59,900","2,87,089","50.85"
"DMART","EQ","29-Aug-2025","4,699.90","4,720.00","4,800.50","4,680.00","4,752.00","4,755.60","4,743.04","5,91,567","2,80,58,27,113.00","56,851","2,90,613","49.13"
"DMART","EQ","28-Aug-2025","4,716.40","4,805.00","4,805.00","4,671.40","4,720.00","4,699.90","4,726.81","6,48,948","3,06,74,54,955.70","58,693","3,47,280","53.51"
"DMART","EQ","26-Aug-2025","4,725.30","4,751.80","4,799.10","4,696.20","4,725.00","4,716.40","4,734.45","9,11,518","4,31,55,38,822.40","70,891","5,02,318","55.11"
"DMART","EQ","25-Aug-2025","4,698.80","4,714.50","4,750.50","4,700.10","4,721.60","4,725.30","4,726.72","8,53,238","4,03,30,17,841.30","37,395","6,69,697","78.49"
"DMART","EQ","22-Aug-2025","4,691.90","4,708.00","4,730.00","4,636.80","4,694.30","4,698.80","4,688.68","4,49,652","2,10,82,72,839.10","48,752","2,73,471","60.82"
"DMART","EQ","21-Aug-2025","4,737.90","4,737.90","4,749.60","4,673.00","4,694.00","4,691.90","4,702.84","8,73,600","4,10,84,03,687.20","38,833","6,54,151","74.88"
"DMART","EQ","20-Aug-2025","4,653.20","4,651.50","4,759.90","4,630.10","4,727.90","4,737.90","4,713.25","12,69,103","5,98,16,00,292.40","64,683","7,68,709","60.57"
"DMART","EQ","19-Aug-2025","4,558.00","4,584.90","4,661.60","4,561.30","4,656.00","4,653.20","4,624.84","8,56,309","3,96,02,90,132.40","71,610","3,47,725","40.61"
"DMART","EQ","18-Aug-2025","4,358.20","4,446.00","4,592.90","4,401.50","4,556.90","4,558.00","4,550.56","15,89,953","7,23,51,74,150.90","1,05,017","9,69,316","60.97"
"DMART","EQ","14-Aug-2025","4,334.60","4,334.60","4,394.90","4,327.10","4,347.80","4,358.20","4,366.55","6,46,059","2,82,10,49,004.40","52,281","3,88,537","60.14"
"DMART","EQ","13-Aug-2025","4,252.50","4,255.00","4,340.00","4,247.30","4,328.00","4,334.60","4,304.15","4,70,225","2,02,39,18,750.70","40,244","2,66,581","56.69"
"DMART","EQ","12-Aug-2025","4,184.50","4,184.50","4,273.40","4,184.50","4,252.00","4,252.50","4,247.29","2,78,164","1,18,14,42,518.70","28,217","1,48,884","53.52"
"DMART","EQ","11-Aug-2025","4,170.10","4,150.10","4,222.80","4,150.10","4,183.80","4,184.50","4,189.49","2,44,806","1,02,56,13,247.10","32,084","1,18,965","48.60"
"DMART","EQ","08-Aug-2025","4,263.50","4,220.00","4,280.00","4,163.00","4,168.70","4,170.10","4,212.93","2,81,763","1,18,70,47,328.30","44,650","1,37,978","48.97"
"DMART","EQ","07-Aug-2025","4,242.00","4,241.90","4,290.00","4,207.10","4,251.00","4,263.50","4,262.93","2,44,170","1,04,08,79,652.30","40,468","1,18,327","48.46"
"DMART","EQ","06-Aug-2025","4,257.80","4,284.00","4,284.00","4,222.50","4,230.00","4,242.00","4,243.57","2,56,136","1,08,69,29,780.40","27,425","1,42,529","55.65"
"DMART","EQ","05-Aug-2025","4,197.20","4,200.00","4,267.40","4,188.10","4,263.00","4,257.80","4,247.36","3,66,011","1,55,45,81,946.00","39,064","1,56,875","42.86"
"DMART","EQ","04-Aug-2025","4,196.00","4,196.00","4,225.20","4,139.10","4,215.00","4,197.20","4,186.10","2,79,716","1,17,09,19,278.50","28,821","1,14,059","40.78"
"DMART","EQ","01-Aug-2025","4,267.40","4,267.90","4,310.00","4,175.00","4,216.60","4,196.00","4,238.15","3,51,617","1,49,02,06,841.30","39,509","1,45,314","41.33"
"DMART","EQ","31-Jul-2025","4,281.40","4,235.00","4,346.80","4,235.00","4,252.00","4,267.40","4,302.81","10,85,879","4,67,23,29,207.80","88,452","3,69,556","34.03"
"DMART","EQ","30-Jul-2025","3,999.00","3,999.00","4,324.00","3,999.00","4,269.00","4,281.40","4,244.61","33,89,361","14,38,65,30,160.70","1,95,208","11,83,486","34.92"
"DMART","EQ","29-Jul-2025","3,949.90","3,976.30","4,007.10","3,931.00","4,005.00","3,999.00","3,977.73","2,77,427","1,10,35,29,095.00","24,954","1,28,349","46.26"
"DMART","EQ","28-Jul-2025","3,997.00","3,991.00","4,019.40","3,941.00","3,948.00","3,949.90","3,969.82","3,25,329","1,29,14,96,880.00","34,304","1,72,044","52.88"
"DMART","EQ","25-Jul-2025","4,021.00","4,021.80","4,027.10","3,951.10","4,000.00","3,997.00","3,987.22","4,31,585","1,72,08,25,219.90","38,493","2,54,222","58.90"
"DMART","EQ","24-Jul-2025","4,043.90","4,045.50","4,069.20","4,012.90","4,034.50","4,021.00","4,036.03","4,02,668","1,62,51,79,161.10","29,647","2,53,345","62.92"
"DMART","EQ","23-Jul-2025","4,033.30","4,039.90","4,050.50","3,995.10","4,045.20","4,043.90","4,027.59","7,09,291","2,85,67,32,871.50","27,502","5,47,257","77.16"
"DMART","EQ","22-Jul-2025","4,023.70","4,042.70","4,084.00","4,009.50","4,033.00","4,033.30","4,030.63","9,60,660","3,87,20,69,200.90","32,849","7,53,280","78.41"
"DMART","EQ","21-Jul-2025","4,048.60","4,039.80","4,049.80","4,002.60","4,020.00","4,023.70","4,028.57","4,03,439","1,62,52,80,407.80","37,520","2,58,174","63.99"
"DMART","EQ","18-Jul-2025","4,055.90","4,059.90","4,073.70","4,028.40","4,048.00","4,048.60","4,052.14","2,47,574","1,00,32,05,079.40","22,452","1,35,398","54.69"
"DMART","EQ","17-Jul-2025","4,086.00","4,095.90","4,100.00","4,049.00","4,057.00","4,055.90","4,066.74","1,68,284","68,43,67,340.00","17,955","75,019","44.58"
"DMART","EQ","16-Jul-2025","4,026.70","4,026.80","4,127.90","4,012.50","4,082.70","4,086.00","4,082.76","7,59,577","3,10,11,74,209.90","57,626","3,42,385","45.08"
"DMART","EQ","15-Jul-2025","4,011.30","4,020.10","4,058.00","3,991.70","4,026.90","4,026.70","4,027.07","15,41,742","6,20,86,99,805.60","50,303","12,02,240","77.98"
"DMART","EQ","14-Jul-2025","4,064.20","4,090.00","4,115.00","3,930.00","4,013.90","4,011.30","4,013.08","20,32,633","8,15,71,26,477.00","1,59,352","7,45,484","36.68"
"DMART","EQ","11-Jul-2025","4,169.00","4,169.00","4,185.00","4,041.00","4,069.00","4,064.20","4,085.68","8,02,558","3,27,89,96,955.50","59,630","4,39,854","54.81"
"DMART","EQ","10-Jul-2025","4,190.90","4,190.90","4,212.10","4,150.10","4,157.00","4,169.00","4,180.18","2,94,423","1,23,07,41,853.80","28,327","1,77,519","60.29"
"DMART","EQ","09-Jul-2025","4,213.00","4,213.00","4,242.40","4,171.00","4,187.00","4,190.90","4,203.62","2,34,783","98,69,39,400.50","24,402","1,03,384","44.03"
"DMART","EQ","08-Jul-2025","4,236.30","4,259.90","4,267.70","4,193.00","4,212.90","4,213.00","4,218.66","3,78,622","1,59,72,76,278.50","35,866","1,82,018","48.07"
"DMART","EQ","07-Jul-2025","4,261.10","4,279.00","4,297.00","4,230.10","4,241.00","4,236.30","4,259.33","2,47,672","1,05,49,17,022.80","24,529","95,339","38.49"
"DMART","EQ","04-Jul-2025","4,348.70","4,364.90","4,375.50","4,251.00","4,261.80","4,261.10","4,296.35","4,88,810","2,10,00,99,537.10","33,650","2,28,225","46.69"
"DMART","EQ","03-Jul-2025","4,391.90","4,349.50","4,374.80","4,217.90","4,330.00","4,348.70","4,293.92","18,33,798","7,87,41,73,119.60","1,24,847","6,15,555","33.57"
"DMART","EQ","02-Jul-2025","4,452.40","4,495.50","4,495.50","4,340.00","4,398.00","4,391.90","4,384.68","7,72,653","3,38,78,36,074.40","70,971","2,97,883","38.55"
"DMART","EQ","01-Jul-2025","4,372.30","4,389.00","4,483.60","4,380.50","4,452.50","4,452.40","4,441.40","9,53,859","4,23,64,65,202.80","84,215","4,61,331","48.36"
"DMART","EQ","30-Jun-2025","4,313.50","4,319.80","4,395.00","4,313.50","4,366.40","4,372.30","4,361.06","8,11,305","3,53,81,53,753.70","65,480","4,85,793","59.88"
"DMART","EQ","27-Jun-2025","4,315.40","4,322.90","4,348.90","4,290.00","4,319.80","4,313.50","4,316.85","2,51,774","1,08,68,71,619.00","34,143","1,03,531","41.12"
"DMART","EQ","26-Jun-2025","4,276.40","4,295.00","4,333.40","4,268.00","4,316.90","4,315.40","4,306.29","3,26,677","1,40,67,65,320.20","36,114","1,53,231","46.91"
"DMART","EQ","25-Jun-2025","4,250.60","4,251.30","4,294.00","4,236.70","4,275.00","4,276.40","4,266.27","5,33,866","2,27,76,16,664.60","37,347","3,24,635","60.81"
"DMART","EQ","24-Jun-2025","4,335.80","4,353.00","4,356.70","4,239.40","4,260.00","4,250.60","4,291.85","4,39,985","1,88,83,49,681.30","47,839","2,01,315","45.75"
"DMART","EQ","23-Jun-2025","4,300.30","4,269.10","4,358.60","4,255.40","4,327.00","4,335.80","4,309.72","8,24,556","3,55,36,05,552.70","76,600","4,22,383","51.23"
"DMART","EQ","20-Jun-2025","4,203.10","4,203.10","4,324.50","4,161.10","4,283.10","4,300.30","4,277.90","10,12,429","4,33,10,68,660.60","72,515","5,15,265","50.89"
"DMART","EQ","19-Jun-2025","4,228.40","4,229.00","4,254.00","4,160.30","4,185.10","4,203.10","4,210.37","7,41,827","3,12,33,67,403.30","63,043","3,29,827","44.46"
"DMART","EQ","18-Jun-2025","4,059.10","4,102.20","4,240.00","4,081.00","4,229.00","4,228.40","4,188.18","18,06,132","7,56,43,97,293.50","1,26,627","3,75,809","20.81"
"DMART","EQ","17-Jun-2025","4,087.00","4,087.00","4,109.00","4,041.00","4,065.80","4,059.10","4,069.85","2,32,437","94,59,83,665.90","23,730","1,05,438","45.36"
"DMART","EQ","16-Jun-2025","4,051.90","4,034.80","4,096.90","3,983.60","4,085.40","4,087.00","4,047.04","2,71,737","1,09,97,29,938.60","37,030","1,20,502","44.35"
"DMART","EQ","13-Jun-2025","4,074.00","4,034.00","4,078.50","3,983.60","4,045.00","4,051.90","4,044.70","3,03,824","1,22,88,77,188.50","29,707","1,43,897","47.36"
"DMART","EQ","12-Jun-2025","4,078.20","4,100.00","4,105.00","4,032.30","4,050.10","4,074.00","4,070.35","7,69,964","3,13,40,20,605.60","42,774","5,06,311","65.76"
"DMART","EQ","11-Jun-2025","4,080.00","4,080.00","4,134.30","4,051.00","4,080.00","4,078.20","4,086.68","6,88,519","2,81,37,59,917.40","33,307","4,53,479","65.86"
"DMART","EQ","10-Jun-2025","4,179.10","4,179.10","4,192.20","3,928.90","4,079.90","4,080.00","4,036.24","35,85,928","14,47,36,59,270.90","1,01,756","19,81,057","55.25"
"DMART","EQ","09-Jun-2025","4,201.60","4,201.60","4,227.10","4,167.00","4,180.10","4,179.10","4,196.76","2,13,415","89,56,51,753.30","20,977","85,199","39.92"
"DMART","EQ","06-Jun-2025","4,153.50","4,166.00","4,240.00","4,143.50","4,205.00","4,201.60","4,202.53","3,54,672","1,49,05,20,843.50","35,439","1,35,352","38.16"
"DMART","EQ","05-Jun-2025","4,074.50","4,078.00","4,244.80","4,074.50","4,155.00","4,153.50","4,181.02","7,83,594","3,27,62,23,418.00","75,192","2,17,766","27.79"
"DMART","EQ","04-Jun-2025","4,055.20","4,061.60","4,085.00","4,007.50","4,085.00","4,074.50","4,052.48","1,96,473","79,62,03,727.50","26,139","1,19,862","61.01"
"DMART","EQ","03-Jun-2025","4,025.50","4,025.50","4,058.50","4,014.30","4,055.90","4,055.20","4,042.24","3,10,603","1,25,55,31,522.90","39,984","1,88,445","60.67"
"DMART","EQ","02-Jun-2025","4,002.10","3,990.00","4,044.00","3,981.30","4,017.10","4,025.50","4,007.13","2,32,097","93,00,42,486.00","27,078","1,50,747","64.95"
"DMART","EQ","30-May-2025","4,042.30","4,042.30","4,085.40","3,991.80","4,007.00","4,002.10","4,013.26","4,48,046","1,79,81,27,036.40","35,686","2,95,308","65.91"
"DMART","EQ","29-May-2025","4,042.30","4,050.00","4,070.00","4,015.00","4,040.00","4,042.30","4,042.12","2,52,344","1,02,00,04,168.60","24,459","1,34,488","53.30"
"DMART","EQ","28-May-2025","4,094.00","4,094.00","4,101.90","4,040.00","4,042.00","4,042.30","4,061.29","2,54,917","1,03,52,91,829.80","23,661","1,48,744","58.35"
"DMART","EQ","27-May-2025","4,138.40","4,139.80","4,149.50","4,078.00","4,091.00","4,094.00","4,099.90","3,24,619","1,33,09,04,830.30","21,305","2,19,105","67.50"
"DMART","EQ","26-May-2025","4,140.80","4,145.00","4,170.00","4,120.00","4,135.70","4,138.40","4,140.27","1,39,851","57,90,20,811.20","19,123","58,641","41.93"
"DMART","EQ","23-May-2025","4,082.70","4,083.90","4,153.30","4,065.20","4,132.40","4,140.80","4,128.73","2,69,462","1,11,25,35,971.20","29,960","1,38,828","51.52"
"DMART","EQ","22-May-2025","4,112.70","4,112.80","4,128.00","4,051.00","4,083.60","4,082.70","4,078.51","2,77,337","1,13,11,22,352.90","34,886","1,62,706","58.67"
"DMART","EQ","21-May-2025","4,071.50","4,090.00","4,125.50","4,070.00","4,105.00","4,112.70","4,101.97","1,94,859","79,93,05,313.30","25,886","85,635","43.95"
"DMART","EQ","20-May-2025","4,206.80","4,216.00","4,233.70","4,063.20","4,083.00","4,071.50","4,106.60","4,97,090","2,04,13,51,767.50","48,665","2,45,544","49.40"
"DMART","EQ","19-May-2025","4,189.70","4,200.00","4,247.70","4,190.00","4,205.00","4,206.80","4,216.87","3,01,182","1,27,00,45,605.50","28,120","1,21,653","40.39"
"DMART","EQ","16-May-2025","4,073.50","4,070.00","4,196.00","4,042.50","4,182.10","4,189.70","4,153.50","3,86,496","1,60,53,11,986.40","39,547","1,66,593","43.10"
"DMART","EQ","15-May-2025","4,049.20","4,060.00","4,120.90","4,040.00","4,067.00","4,073.50","4,080.72","2,63,184","1,07,39,80,163.40","30,773","1,15,200","43.77"
"DMART","EQ","14-May-2025","4,064.10","4,090.10","4,098.20","4,010.10","4,050.50","4,049.20","4,040.25","3,93,288","1,58,89,82,033.00","54,780","2,04,447","51.98"
"DMART","EQ","13-May-2025","4,023.50","4,033.00","4,107.00","4,033.00","4,055.00","4,064.10","4,074.98","3,68,484","1,50,15,64,054.40","39,590","1,62,982","44.23"
"DMART","EQ","12-May-2025","3,972.40","4,050.00","4,050.00","3,995.90","4,032.00","4,023.50","4,017.15","3,30,754","1,32,86,89,087.70","38,593","1,56,015","47.17"
"DMART","EQ","09-May-2025","3,974.30","3,850.00","3,994.60","3,850.00","3,976.10","3,972.40","3,957.14","4,22,106","1,67,03,30,510.60","45,864","2,40,639","57.01"
"DMART","EQ","08-May-2025","3,999.80","4,037.70","4,069.50","3,958.00","3,966.50","3,974.30","4,009.60","4,73,679","1,89,92,64,751.60","49,099","2,33,717","49.34"
"DMART","EQ","07-May-2025","4,006.10","3,973.00","4,032.50","3,950.80","3,995.00","3,999.80","3,999.31","3,87,479","1,54,96,47,183.90","39,055","1,86,049","48.02"
"DMART","EQ","06-May-2025","4,018.40","4,018.50","4,077.00","3,993.70","4,002.00","4,006.10","4,019.13","3,99,031","1,60,37,56,216.00","40,841","1,80,211","45.16"
"DMART","EQ","05-May-2025","4,059.20","3,956.00","4,059.90","3,915.00","4,017.00","4,018.40","3,986.59","14,05,524","5,60,32,46,209.30","1,30,408","4,29,543","30.56"
"DMART","EQ","02-May-2025","4,199.90","4,180.00","4,225.00","4,022.00","4,055.00","4,059.20","4,093.25","7,52,499","3,08,01,65,681.10","77,033","3,15,732","41.96"
"DMART","EQ","30-Apr-2025","4,310.00","4,352.00","4,355.00","4,147.50","4,175.00","4,199.90","4,234.90","8,14,008","3,44,72,46,184.60","53,635","5,89,565","72.43"
"DMART","EQ","29-Apr-2025","4,366.80","4,370.00","4,414.70","4,288.50","4,305.10","4,310.00","4,319.66","3,88,125","1,67,65,69,574.50","38,500","1,78,947","46.11"
"DMART","EQ","28-Apr-2025","4,375.20","4,375.20","4,462.30","4,351.20","4,360.00","4,366.80","4,385.92","6,76,462","2,96,69,11,248.70","46,630","4,79,257","70.85"
"DMART","EQ","25-Apr-2025","4,498.80","4,501.90","4,520.70","4,350.00","4,374.00","4,375.20","4,392.93","5,40,513","2,37,44,38,269.90","55,705","3,11,301","57.59"
"DMART","EQ","24-Apr-2025","4,508.10","4,509.80","4,557.70","4,452.00","4,505.00","4,498.80","4,507.38","16,98,949","7,65,78,07,867.60","65,938","12,75,674","75.09"
"DMART","EQ","23-Apr-2025","4,435.60","4,455.50","4,533.80","4,434.00","4,506.30","4,508.10","4,471.17","12,23,678","5,47,12,72,170.20","73,207","7,78,094","63.59"
"DMART","EQ","22-Apr-2025","4,342.30","4,363.00","4,497.00","4,315.00","4,436.00","4,435.60","4,431.95","9,98,024","4,42,31,89,838.70","86,646","5,79,003","58.01"
"DMART","EQ","21-Apr-2025","4,357.10","4,357.00","4,429.00","4,321.60","4,324.50","4,342.30","4,369.63","5,61,592","2,45,39,50,329.80","46,404","3,23,412","57.59"
"DMART","EQ","17-Apr-2025","4,221.50","4,221.00","4,397.00","4,192.20","4,354.00","4,357.10","4,324.32","10,20,665","4,41,36,81,894.20","98,065","6,37,093","62.42"
"DMART","EQ","16-Apr-2025","4,212.70","4,240.00","4,265.00","4,200.20","4,224.90","4,221.50","4,227.27","3,31,624","1,40,18,64,086.10","42,636","1,35,811","40.95"
"DMART","EQ","15-Apr-2025","4,131.50","4,200.00","4,227.00","4,088.00","4,216.00","4,212.70","4,167.91","5,69,335","2,37,29,37,451.10","47,128","2,72,829","47.92"
"DMART","EQ","11-Apr-2025","4,139.30","4,157.00","4,192.00","4,113.05","4,125.00","4,131.50","4,152.40","5,70,955","2,37,08,36,320.25","53,598","3,42,950","60.07"
"DMART","EQ","09-Apr-2025","4,053.85","4,053.85","4,151.85","4,014.00","4,133.00","4,139.30","4,114.79","6,63,300","2,72,93,38,927.90","68,088","3,64,273","54.92"
"DMART","EQ","08-Apr-2025","4,023.15","4,079.00","4,100.00","4,020.00","4,055.00","4,053.85","4,063.00","5,52,578","2,24,51,24,553.30","54,313","3,11,986","56.46"
"DMART","EQ","07-Apr-2025","4,039.90","3,761.20","4,037.10","3,761.20","4,033.00","4,023.15","3,958.25","4,72,568","1,87,05,40,794.45","63,382","1,43,130","30.29"
"DMART","EQ","04-Apr-2025","4,157.80","4,155.00","4,155.00","3,943.00","4,039.95","4,039.90","4,019.24","8,18,952","3,29,15,67,531.90","81,013","2,11,572","25.83"
"DMART","EQ","03-Apr-2025","4,121.45","4,121.45","4,195.50","4,077.05","4,155.00","4,157.80","4,148.12","4,26,311","1,76,83,90,740.90","55,294","1,80,052","42.23"
"DMART","EQ","02-Apr-2025","4,003.60","4,045.00","4,131.70","3,996.00","4,104.00","4,121.45","4,073.53","3,90,709","1,59,15,66,466.05","38,694","1,74,889","44.76"
"DMART","EQ","01-Apr-2025","4,083.20","4,109.75","4,163.40","3,994.60","4,016.00","4,003.60","4,073.08","4,01,323","1,63,46,20,412.80","42,130","1,54,467","38.49"
"DMART","EQ","28-Mar-2025","4,065.00","4,065.00","4,190.00","4,055.05","4,071.00","4,083.20","4,131.94","8,86,798","3,66,41,94,046.70","91,669","3,78,748","42.71"
"DMART","EQ","27-Mar-2025","3,945.70","3,940.00","4,085.00","3,932.45","4,070.00","4,065.00","4,025.40","7,35,787","2,96,18,38,320.80","61,671","4,52,731","61.53"
"DMART","EQ","26-Mar-2025","3,998.80","4,010.00","4,018.10","3,917.30","3,936.00","3,945.70","3,956.43","3,84,630","1,52,17,62,522.95","57,742","1,96,740","51.15"
"DMART","EQ","25-Mar-2025","3,905.10","3,935.00","4,033.95","3,883.95","3,988.00","3,998.80","3,979.78","7,04,455","2,80,35,73,601.40","71,048","2,73,183","38.78"
"DMART","EQ","24-Mar-2025","3,892.20","3,900.00","3,948.95","3,890.00","3,905.30","3,905.10","3,922.15","2,09,015","81,97,87,802.20","30,279","1,03,445","49.49"
"DMART","EQ","21-Mar-2025","3,884.40","3,890.00","3,948.80","3,871.85","3,910.00","3,892.20","3,908.75","4,31,562","1,68,68,66,028.45","39,425","2,23,018","51.68"
"DMART","EQ","20-Mar-2025","3,845.20","3,864.40","3,904.75","3,831.15","3,874.15","3,884.40","3,874.66","2,67,764","1,03,74,94,385.45","31,216","1,03,875","38.79"
"DMART","EQ","19-Mar-2025","3,833.85","3,850.00","3,860.00","3,795.00","3,842.00","3,845.20","3,831.18","2,85,707","1,09,45,94,178.70","24,703","1,32,800","46.48"
"DMART","EQ","18-Mar-2025","3,825.30","3,843.75","3,868.40","3,783.00","3,829.00","3,833.85","3,826.42","2,96,518","1,13,46,01,705.30","33,289","1,34,034","45.20"
"DMART","EQ","17-Mar-2025","3,797.10","3,797.10","3,832.35","3,788.10","3,824.00","3,825.30","3,816.78","4,25,089","1,62,24,69,978.95","33,715","2,34,012","55.05"
"DMART","EQ","13-Mar-2025","3,674.20","3,681.00","3,877.05","3,670.00","3,794.10","3,797.10","3,822.08","23,25,270","8,88,73,61,347.70","1,57,947","5,74,339","24.70"
"DMART","EQ","12-Mar-2025","3,631.65","3,655.25","3,685.00","3,622.45","3,664.85","3,674.20","3,661.86","2,65,757","97,31,63,963.70","36,026","1,23,524","46.48"
"DMART","EQ","11-Mar-2025","3,603.75","3,586.95","3,639.90","3,551.55","3,639.90","3,631.65","3,603.07","2,55,758","92,15,14,483.60","30,365","1,13,522","44.39"
"DMART","EQ","10-Mar-2025","3,593.60","3,600.00","3,624.95","3,548.20","3,601.00","3,603.75","3,599.79","3,27,825","1,18,01,01,821.15","35,096","1,99,805","60.95"
"DMART","EQ","07-Mar-2025","3,540.50","3,568.00","3,636.30","3,549.95","3,585.00","3,593.60","3,599.70","6,81,832","2,45,43,92,006.85","45,301","3,92,769","57.60"
"DMART","EQ","06-Mar-2025","3,474.50","3,505.00","3,552.00","3,475.00","3,550.00","3,540.50","3,506.42","7,97,590","2,79,66,84,512.50","38,845","5,49,607","68.91"
"DMART","EQ","05-Mar-2025","3,408.40","3,408.40","3,505.00","3,408.40","3,482.90","3,474.50","3,469.60","4,17,930","1,45,00,49,745.70","37,054","2,62,963","62.92"
"DMART","EQ","04-Mar-2025","3,453.20","3,429.70","3,460.00","3,400.00","3,410.00","3,408.40","3,426.91","6,37,407","2,18,43,36,225.90","43,277","4,67,580","73.36"
"DMART","EQ","03-Mar-2025","3,403.95","3,425.00","3,472.00","3,340.00","3,465.00","3,453.20","3,386.77","8,07,297","2,73,41,32,159.80","54,384","5,69,362","70.53"
"DMART","EQ","28-Feb-2025","3,507.20","3,507.00","3,532.55","3,391.00","3,409.00","3,403.95","3,438.05","7,99,598","2,74,90,59,524.70","56,624","5,80,202","72.56"
"DMART","EQ","27-Feb-2025","3,530.75","3,556.00","3,575.00","3,492.05","3,515.00","3,507.20","3,520.95","4,69,275","1,65,22,94,220.80","41,435","3,10,082","66.08"
"DMART","EQ","25-Feb-2025","3,570.90","3,557.00","3,571.00","3,516.65","3,533.75","3,530.75","3,544.37","3,75,510","1,33,09,44,503.90","33,097","2,41,474","64.31"
"DMART","EQ","24-Feb-2025","3,596.70","3,589.80","3,611.40","3,555.55","3,562.00","3,570.90","3,592.78","3,70,764","1,33,20,74,315.55","31,298","2,46,737","66.55"
"DMART","EQ","21-Feb-2025","3,623.80","3,630.00","3,663.00","3,569.50","3,602.75","3,596.70","3,613.00","5,32,244","1,92,29,98,315.35","32,216","3,79,227","71.25"
"DMART","EQ","20-Feb-2025","3,685.00","3,687.00","3,709.00","3,615.00","3,629.55","3,623.80","3,638.62","5,52,762","2,01,12,90,497.50","43,034","3,45,302","62.47"
"DMART","EQ","19-Feb-2025","3,676.60","3,674.30","3,713.95","3,627.45","3,694.35","3,685.00","3,683.55","2,65,834","97,92,13,005.00","28,457","1,32,379","49.80"
"DMART","EQ","18-Feb-2025","3,621.50","3,630.00","3,705.95","3,606.25","3,670.00","3,676.60","3,666.42","3,72,638","1,36,62,46,996.75","47,197","1,65,785","44.49"
"DMART","EQ","17-Feb-2025","3,682.65","3,645.05","3,683.00","3,596.60","3,634.60","3,621.50","3,622.53","5,71,642","2,07,07,91,568.80","60,864","3,77,428","66.03"
"DMART","EQ","14-Feb-2025","3,696.50","3,706.00","3,755.10","3,636.85","3,669.95","3,682.65","3,698.99","2,86,886","1,06,11,88,819.45","47,379","74,987","26.14"
"DMART","EQ","13-Feb-2025","3,689.90","3,698.90","3,722.30","3,659.00","3,687.50","3,696.50","3,694.56","2,43,492","89,95,95,236.15","33,569","1,10,497","45.38"
"DMART","EQ","12-Feb-2025","3,682.70","3,681.50","3,699.90","3,585.00","3,699.90","3,689.90","3,648.76","4,78,915","1,74,74,46,088.45","57,429","2,50,796","52.37"
"DMART","EQ","11-Feb-2025","3,722.05","3,724.80","3,749.60","3,663.00","3,673.00","3,682.70","3,686.91","3,15,000","1,16,13,75,560.60","49,760","1,54,754","49.13"
"DMART","EQ","10-Feb-2025","3,743.50","3,756.60","3,813.00","3,693.05","3,708.10","3,722.05","3,754.59","4,28,010","1,60,70,03,505.65","48,183","1,57,434","36.78"
"DMART","EQ","07-Feb-2025","3,748.45","3,750.00","3,764.10","3,695.40","3,748.30","3,743.50","3,731.31","3,01,644","1,12,55,28,756.25","45,377","1,46,781","48.66"
"DMART","EQ","06-Feb-2025","3,865.70","3,905.00","3,905.00","3,724.05","3,750.00","3,748.45","3,775.69","4,00,410","1,51,18,25,821.10","57,685","1,39,076","34.73"
"DMART","EQ","05-Feb-2025","3,919.85","3,910.00","4,015.00","3,841.00","3,850.00","3,865.70","3,915.46","6,93,767","2,71,64,14,582.75","87,917","3,06,950","44.24"
"DMART","EQ","04-Feb-2025","3,947.85","3,954.95","4,017.65","3,890.00","3,912.30","3,919.85","3,937.41","7,70,272","3,03,28,78,199.65","85,806","3,71,034","48.17"
"DMART","EQ","03-Feb-2025","4,023.75","3,899.95","4,090.00","3,859.30","3,939.05","3,947.85","4,006.22","18,42,880","7,38,29,79,752.80","1,19,914","8,22,972","44.66"
"DMART","EQ","01-Feb-2025","3,664.65","3,670.00","4,084.70","3,633.00","3,984.65","4,023.75","3,966.36","31,23,773","12,39,00,00,195.25","1,54,729","13,24,552","42.40"
"DMART","EQ","31-Jan-2025","3,575.40","3,575.00","3,703.70","3,570.00","3,660.00","3,664.65","3,651.01","3,39,017","1,23,77,55,961.70","42,207","1,45,370","42.88"
"DMART","EQ","30-Jan-2025","3,568.10","3,572.05","3,585.00","3,553.60","3,580.00","3,575.40","3,573.99","3,25,453","1,16,31,66,226.50","22,741","2,07,070","63.63"
"DMART","EQ","29-Jan-2025","3,559.30","3,555.80","3,586.20","3,540.95","3,569.00","3,568.10","3,566.54","3,87,658","1,38,25,98,197.80","38,062","2,37,397","61.24"
"DMART","EQ","28-Jan-2025","3,532.95","3,540.20","3,595.00","3,495.30","3,595.00","3,559.30","3,549.24","4,90,412","1,74,05,91,972.20","35,513","3,08,262","62.86"
"DMART","EQ","27-Jan-2025","3,579.95","3,565.00","3,565.00","3,507.00","3,535.30","3,532.95","3,526.34","3,87,420","1,36,61,72,869.85","34,381","2,52,341","65.13"
"DMART","EQ","24-Jan-2025","3,598.35","3,598.00","3,608.50","3,535.00","3,581.35","3,579.95","3,575.74","2,88,983","1,03,33,28,736.20","23,667","1,64,862","57.05"
"DMART","EQ","23-Jan-2025","3,561.60","3,555.00","3,609.80","3,530.00","3,600.00","3,598.35","3,590.98","2,63,606","94,66,04,238.90","29,689","1,29,480","49.12"
"DMART","EQ","22-Jan-2025","3,587.80","3,604.00","3,619.00","3,524.50","3,560.00","3,561.60","3,569.50","3,20,915","1,14,55,05,915.15","36,385","1,55,767","48.54"
"DMART","EQ","21-Jan-2025","3,614.70","3,614.70","3,630.00","3,547.35","3,592.00","3,587.80","3,589.92","2,11,130","75,79,40,822.45","28,791","68,652","32.52"
"DMART","EQ","20-Jan-2025","3,620.65","3,624.00","3,640.00","3,598.00","3,609.00","3,614.70","3,613.34","1,95,566","70,66,45,522.85","23,306","90,274","46.16"
"DMART","EQ","17-Jan-2025","3,600.95","3,610.00","3,649.95","3,580.95","3,615.00","3,620.65","3,617.25","2,44,753","88,53,33,222.90","26,106","83,754","34.22"
"DMART","EQ","16-Jan-2025","3,568.45","3,570.00","3,643.30","3,570.00","3,604.00","3,600.95","3,608.84","3,95,260","1,42,64,28,977.40","36,218","1,83,539","46.44"
"DMART","EQ","15-Jan-2025","3,476.50","3,500.05","3,578.95","3,476.50","3,570.00","3,568.45","3,538.10","7,44,961","2,63,57,43,766.50","51,815","4,28,646","57.54"
"DMART","EQ","14-Jan-2025","3,507.45","3,529.95","3,538.95","3,443.00","3,488.00","3,476.50","3,473.06","7,46,217","2,59,16,53,404.85","89,933","3,89,633","52.21"
"DMART","EQ","13-Jan-2025","3,686.25","3,501.00","3,643.95","3,469.95","3,500.00","3,507.45","3,564.78","29,52,386","10,52,46,16,467.20","2,05,738","13,18,457","44.66"
"DMART","EQ","10-Jan-2025","3,813.80","3,837.80","3,837.80","3,666.65","3,702.35","3,686.25","3,726.71","9,02,001","3,36,15,00,531.30","83,421","4,52,553","50.17"
"DMART","EQ","09-Jan-2025","3,843.00","3,853.50","3,860.00","3,790.10","3,811.35","3,813.80","3,813.89","7,27,974","2,77,64,09,582.95","47,424","4,98,514","68.48"
"DMART","EQ","08-Jan-2025","3,830.30","3,857.00","3,873.95","3,761.80","3,842.00","3,843.00","3,817.65","8,49,681","3,24,37,88,544.45","67,715","4,31,896","50.83"
"DMART","EQ","07-Jan-2025","3,934.75","3,934.00","3,958.95","3,820.00","3,828.00","3,830.30","3,895.71","6,72,094","2,61,82,85,168.55","66,549","3,32,256","49.44"
"DMART","EQ","06-Jan-2025","4,025.20","4,025.20","4,061.75","3,920.10","3,929.00","3,934.75","3,986.08","8,89,155","3,54,42,44,783.75","86,875","2,75,431","30.98"
"DMART","EQ","03-Jan-2025","3,611.10","3,840.00","4,165.90","3,820.00","4,011.90","4,025.20","4,074.18","92,84,385","37,82,62,29,508.40","4,03,198","20,49,286","22.07"
"DMART","EQ","02-Jan-2025","3,561.00","3,564.95","3,635.00","3,550.25","3,615.30","3,611.10","3,602.98","5,66,194","2,03,99,87,930.85","47,951","3,67,823","64.96"
"DMART","EQ","01-Jan-2025","3,561.85","3,560.00","3,586.95","3,536.55","3,562.00","3,561.00","3,562.20","2,41,116","85,89,04,274.65","30,908","1,24,353","51.57"
"DMART","EQ","31-Dec-2024","3,588.55","3,555.00","3,577.95","3,510.10","3,559.55","3,561.85","3,542.84","6,93,775","2,45,79,36,698.55","48,002","4,57,385","65.93"
"DMART","EQ","30-Dec-2024","3,568.35","3,570.00","3,669.90","3,495.05","3,544.95","3,588.55","3,569.84","23,47,725","8,38,10,03,196.10","1,17,051","15,97,848","68.06"
"DMART","EQ","27-Dec-2024","3,511.65","3,481.05","3,573.40","3,481.05","3,569.90","3,568.35","3,556.12","4,51,012","1,60,38,52,233.10","42,780","2,41,912","53.64"
"DMART","EQ","26-Dec-2024","3,459.65","3,462.70","3,524.00","3,446.20","3,492.10","3,511.65","3,488.83","6,11,648","2,13,39,33,809.10","47,713","3,56,498","58.28"
"DMART","EQ","24-Dec-2024","3,460.55","3,474.00","3,524.90","3,450.85","3,455.00","3,459.65","3,488.10","4,65,809","1,62,47,87,227.50","33,552","2,25,798","48.47"
"DMART","EQ","23-Dec-2024","3,408.30","3,443.45","3,475.90","3,419.05","3,474.00","3,460.55","3,450.52","6,42,122","2,21,56,57,405.90","43,604","4,31,329","67.17"
"DMART","EQ","20-Dec-2024","3,498.15","3,519.95","3,519.95","3,399.00","3,406.50","3,408.30","3,459.71","9,14,445","3,16,37,17,975.30","68,576","4,55,521","49.81"
"DMART","EQ","19-Dec-2024","3,515.70","3,500.00","3,522.70","3,455.70","3,499.85","3,498.15","3,498.64","6,84,534","2,39,49,36,542.00","65,633","4,15,131","60.64"
"DMART","EQ","18-Dec-2024","3,542.95","3,542.95","3,558.00","3,492.70","3,514.90","3,515.70","3,517.78","7,48,691","2,63,37,27,731.75","63,258","4,68,298","62.55"
"DMART","EQ","17-Dec-2024","3,623.80","3,627.05","3,629.95","3,519.00","3,532.95","3,542.95","3,571.22","9,88,419","3,52,98,57,876.00","87,237","5,96,460","60.34"
"DMART","EQ","16-Dec-2024","3,652.30","3,650.00","3,672.50","3,612.25","3,621.95","3,623.80","3,630.36","5,95,919","2,16,34,02,079.45","79,398","3,44,207","57.76"
"DMART","EQ","13-Dec-2024","3,688.45","3,688.45","3,694.80","3,612.00","3,653.00","3,652.30","3,643.83","8,06,508","2,93,87,81,112.95","93,619","4,13,383","51.26"
"DMART","EQ","12-Dec-2024","3,708.30","3,729.95","3,736.80","3,678.45","3,690.00","3,688.45","3,707.50","5,76,170","2,13,61,49,458.35","49,887","2,88,715","50.11"
"DMART","EQ","11-Dec-2024","3,816.90","3,700.00","3,760.00","3,671.35","3,718.00","3,708.30","3,721.62","18,39,723","6,84,67,40,945.25","1,46,939","8,22,353","44.70"
"DMART","EQ","10-Dec-2024","3,829.05","3,835.00","3,853.00","3,776.60","3,813.65","3,816.90","3,812.27","5,73,687","2,18,70,48,254.65","51,094","3,59,623","62.69"
"DMART","EQ","09-Dec-2024","3,805.55","3,800.00","3,844.00","3,761.00","3,835.00","3,829.05","3,803.76","9,48,370","3,60,73,76,059.45","96,661","5,57,720","58.81"
"DMART","EQ","06-Dec-2024","3,863.95","3,889.00","3,920.45","3,784.05","3,806.00","3,805.55","3,833.27","11,41,350","4,37,50,98,823.95","1,02,767","6,52,161","57.14"
"DMART","EQ","05-Dec-2024","3,850.10","3,865.00","3,882.00","3,822.70","3,878.10","3,863.95","3,849.02","4,67,723","1,80,02,75,423.30","41,339","2,89,454","61.89"
"DMART","EQ","04-Dec-2024","3,829.85","3,850.00","3,889.25","3,801.05","3,845.05","3,850.10","3,843.61","7,91,735","3,04,31,18,328.15","86,465","4,11,439","51.97"
"DMART","EQ","03-Dec-2024","3,678.40","3,678.40","3,853.10","3,655.70","3,846.00","3,829.85","3,774.51","9,79,946","3,69,88,16,415.40","87,509","4,13,145","42.16"
"DMART","EQ","02-Dec-2024","3,709.60","3,715.45","3,722.95","3,622.70","3,687.00","3,678.40","3,647.76","9,75,522","3,55,84,73,722.30","61,432","6,75,372","69.23"
"DMART","EQ","29-Nov-2024","3,716.55","3,714.70","3,730.45","3,661.55","3,710.00","3,709.60","3,700.93","9,13,178","3,37,96,06,809.75","61,789","6,46,620","70.81"
"DMART","EQ","28-Nov-2024","3,661.25","3,696.65","3,757.90","3,651.00","3,709.85","3,716.55","3,719.22","6,58,002","2,44,72,54,419.10","54,222","3,73,055","56.70"
"DMART","EQ","27-Nov-2024","3,659.15","3,674.00","3,692.50","3,610.05","3,675.85","3,661.25","3,661.74","3,61,531","1,32,38,32,585.00","42,795","2,03,551","56.30"
"DMART","EQ","26-Nov-2024","3,621.05","3,635.00","3,681.00","3,622.00","3,663.85","3,659.15","3,659.16","4,44,828","1,62,76,97,511.95","51,971","2,60,410","58.54"
"DMART","EQ","25-Nov-2024","3,613.65","3,686.00","3,738.60","3,592.10","3,600.00","3,621.05","3,672.73","11,44,350","4,20,28,87,691.65","1,08,847","7,01,162","61.27"
"DMART","EQ","22-Nov-2024","3,622.90","3,615.85","3,656.10","3,564.00","3,610.00","3,613.65","3,625.09","9,40,870","3,41,07,38,331.30","1,01,401","6,97,551","74.14"
"DMART","EQ","21-Nov-2024","3,752.45","3,765.05","3,774.55","3,604.05","3,615.85","3,622.90","3,646.96","9,34,131","3,40,67,38,910.25","1,23,074","6,43,910","68.93"
"DMART","EQ","19-Nov-2024","3,790.55","3,792.50","3,794.55","3,737.65","3,757.50","3,752.45","3,768.41","8,13,368","3,06,51,03,776.00","63,380","6,75,123","83.00"
"DMART","EQ","18-Nov-2024","3,823.85","3,948.00","3,948.00","3,757.60","3,775.00","3,790.55","3,792.41","6,56,068","2,48,80,76,033.45","52,156","4,78,576","72.95"
"DMART","EQ","14-Nov-2024","3,759.55","3,785.20","3,858.85","3,769.00","3,821.50","3,823.85","3,827.65","3,05,991","1,17,12,26,361.75","48,805","1,54,563","50.51"
"DMART","EQ","13-Nov-2024","3,777.00","3,774.00","3,874.95","3,751.00","3,758.00","3,759.55","3,798.79","4,19,503","1,59,36,05,208.10","71,563","1,60,793","38.33"
"DMART","EQ","12-Nov-2024","3,885.70","3,910.00","3,910.00","3,762.55","3,774.00","3,777.00","3,823.29","6,83,988","2,61,50,84,135.15","83,857","4,77,195","69.77"
"DMART","EQ","11-Nov-2024","3,874.50","3,899.65","3,940.00","3,814.30","3,875.00","3,885.70","3,889.20","4,17,671","1,62,44,05,300.00","68,004","2,29,899","55.04"
"DMART","EQ","08-Nov-2024","3,889.10","3,873.05","3,910.10","3,860.15","3,878.00","3,874.50","3,874.92","4,28,073","1,65,87,47,434.60","34,604","3,14,580","73.49"
"DMART","EQ","07-Nov-2024","3,922.30","3,940.00","3,943.20","3,871.00","3,872.35","3,889.10","3,899.61","2,79,832","1,09,12,34,883.20","51,312","1,96,242","70.13"
"DMART","EQ","06-Nov-2024","3,926.55","3,925.00","3,950.00","3,915.65","3,927.00","3,922.30","3,926.23","3,57,725","1,40,45,09,957.45","73,888","2,38,887","66.78"
"DMART","EQ","05-Nov-2024","3,945.85","3,945.85","3,958.85","3,905.05","3,930.80","3,926.55","3,929.35","3,53,931","1,39,07,17,601.85","40,834","2,43,201","68.71"
"DMART","EQ","04-Nov-2024","4,001.60","4,000.75","4,006.10","3,899.65","3,948.00","3,945.85","3,933.64","3,91,414","1,53,96,79,995.40","49,376","2,77,831","70.98"
"DMART","EQ","01-Nov-2024","3,930.70","3,949.95","4,010.00","3,939.95","4,006.00","4,001.60","3,994.87","67,509","26,96,89,642.40","10,357","36,318","53.80"
"DMART","EQ","31-Oct-2024","3,932.45","3,930.00","3,939.35","3,876.00","3,931.00","3,930.70","3,924.73","2,67,667","1,05,05,21,864.55","41,761","1,52,292","56.90"
"DMART","EQ","30-Oct-2024","3,965.15","4,000.00","4,036.95","3,920.00","3,930.00","3,932.45","3,938.21","6,51,051","2,56,39,75,927.60","95,346","4,33,144","66.53"
"DMART","EQ","29-Oct-2024","3,987.50","4,000.00","4,010.00","3,940.20","3,980.00","3,965.15","3,972.69","3,04,479","1,20,95,99,313.80","69,498","1,70,618","56.04"
"DMART","EQ","28-Oct-2024","4,052.20","4,052.20","4,094.30","3,975.00","3,985.90","3,987.50","4,023.88","2,97,228","1,19,60,10,072.35","64,389","1,75,563","59.07"
"DMART","EQ","25-Oct-2024","4,060.10","4,061.95","4,125.00","3,985.45","4,040.00","4,052.20","4,057.22","4,23,224","1,71,71,13,071.00","80,978","1,90,343","44.97"
"DMART","EQ","24-Oct-2024","4,156.10","4,155.75","4,187.90","4,044.65","4,059.00","4,060.10","4,097.93","4,35,991","1,78,66,59,724.55","48,935","2,57,401","59.04"
"DMART","EQ","23-Oct-2024","4,005.20","4,009.00","4,224.80","3,978.00","4,154.45","4,156.10","4,130.95","6,86,716","2,83,67,91,638.30","79,899","3,09,475","45.07"
"DMART","EQ","22-Oct-2024","3,973.45","3,999.90","4,057.00","3,965.90","4,004.95","4,005.20","4,005.57","6,98,102","2,79,62,98,406.30","77,039","3,48,679","49.95"
"DMART","EQ","21-Oct-2024","3,986.70","4,000.05","4,073.00","3,961.00","3,965.15","3,973.45","3,996.45","4,94,815","1,97,75,03,245.00","53,568","2,69,686","54.50"
"DMART","EQ","18-Oct-2024","4,087.70","4,100.00","4,114.00","3,975.10","3,990.00","3,986.70","4,013.90","10,94,839","4,39,45,76,919.35","1,05,076","7,59,784","69.40"
"DMART","EQ","17-Oct-2024","4,173.80","4,175.00","4,180.00","4,044.00","4,121.00","4,087.70","4,120.40","7,31,365","3,01,35,12,809.70","74,432","4,32,432","59.13"
"DMART","EQ","16-Oct-2024","4,193.55","4,209.00","4,215.00","4,149.00","4,150.00","4,173.80","4,189.11","6,88,895","2,88,58,54,087.85","64,434","4,59,706","66.73"
"DMART","EQ","15-Oct-2024","4,183.60","4,230.00","4,238.95","4,180.60","4,201.00","4,193.55","4,198.23","13,55,665","5,69,13,89,479.05","1,12,868","8,66,969","63.95"
"DMART","EQ","14-Oct-2024","4,572.70","4,204.00","4,299.00","4,139.95","4,191.00","4,183.60","4,204.15","48,76,749","20,50,25,83,580.35","4,54,617","23,91,843","49.05"
"DMART","EQ","11-Oct-2024","4,607.50","4,643.10","4,643.10","4,529.00","4,570.00","4,572.70","4,559.77","4,10,581","1,87,21,55,901.05","32,107","2,86,810","69.85"
"DMART","EQ","10-Oct-2024","4,645.40","4,664.80","4,698.90","4,572.00","4,612.00","4,607.50","4,631.71","3,16,729","1,46,69,96,181.30","46,177","1,51,810","47.93"
"DMART","EQ","09-Oct-2024","4,465.45","4,510.00","4,688.75","4,481.65","4,650.00","4,645.40","4,632.90","10,59,581","4,90,89,29,111.10","1,10,000","6,38,660","60.27"
"DMART","EQ","08-Oct-2024","4,544.15","4,544.15","4,619.90","4,435.00","4,482.95","4,465.45","4,496.01","10,09,173","4,53,72,48,299.95","1,06,711","6,53,955","64.80"
"DMART","EQ","07-Oct-2024","4,737.55","4,741.00","4,752.90","4,518.00","4,534.00","4,544.15","4,561.36","18,64,971","8,50,68,07,856.20","1,82,627","12,80,396","68.66"
"DMART","EQ","04-Oct-2024","4,942.60","4,875.00","4,875.00","4,696.10","4,725.00","4,737.55","4,771.97","29,83,666","14,23,79,54,491.85","2,69,617","18,98,393","63.63"
"DMART","EQ","03-Oct-2024","4,954.35","4,924.55","5,015.00","4,881.00","4,941.00","4,942.60","4,959.61","6,15,247","3,05,13,83,387.40","76,674","3,66,933","59.64"
"DMART","EQ","01-Oct-2024","5,096.30","5,095.00","5,138.00","4,936.10","4,959.00","4,954.35","4,989.19","5,62,718","2,80,75,06,477.15","78,725","3,76,272","66.87"
"DMART","EQ","30-Sep-2024","5,102.30","5,102.30","5,215.00","5,080.00","5,109.00","5,096.30","5,127.47","4,37,174","2,24,15,95,825.30","55,452","2,45,827","56.23"
"DMART","EQ","27-Sep-2024","5,198.05","5,224.60","5,226.00","5,090.00","5,112.00","5,102.30","5,125.11","5,66,687","2,90,43,33,037.60","62,974","4,22,689","74.59"
"DMART","EQ","26-Sep-2024","5,265.50","5,313.45","5,313.45","5,164.00","5,188.90","5,198.05","5,205.13","3,72,440","1,93,85,99,495.60","64,214","2,41,040","64.72"
"DMART","EQ","25-Sep-2024","5,391.45","5,400.00","5,417.50","5,232.00","5,300.00","5,265.50","5,285.53","5,29,354","2,79,79,18,813.95","50,640","3,60,108","68.03"
"DMART","EQ","24-Sep-2024","5,297.45","5,304.95","5,484.85","5,231.15","5,397.85","5,391.45","5,392.96","6,72,936","3,62,91,19,841.60","81,580","2,54,727","37.85"
"DMART","EQ","23-Sep-2024","5,320.55","5,355.15","5,363.00","5,260.25","5,305.50","5,297.45","5,294.84","1,79,528","95,05,72,389.90","27,590","77,049","42.92"
"DMART","EQ","20-Sep-2024","5,342.50","5,360.00","5,417.95","5,225.10","5,342.35","5,320.55","5,316.28","5,98,428","3,18,14,09,021.50","76,261","3,30,226","55.18"
"DMART","EQ","19-Sep-2024","5,265.20","5,295.00","5,443.95","5,180.00","5,335.00","5,342.50","5,297.02","3,92,198","2,07,74,79,946.05","43,016","2,31,008","58.90"
"DMART","EQ","18-Sep-2024","5,219.85","5,225.00","5,289.00","5,219.90","5,261.00","5,265.20","5,257.82","2,01,983","1,06,19,89,365.20","26,748","1,04,314","51.64"
"DMART","EQ","17-Sep-2024","5,204.80","5,227.00","5,254.00","5,200.10","5,202.00","5,219.85","5,219.07","1,55,984","81,40,91,583.15","26,311","86,140","55.22"
"DMART","EQ","16-Sep-2024","5,187.05","5,188.05","5,260.00","5,176.15","5,220.00","5,204.80","5,212.18","1,98,479","1,03,45,08,022.65","27,624","1,13,068","56.97"
"DMART","EQ","13-Sep-2024","5,238.55","5,250.90","5,255.85","5,155.00","5,192.90","5,187.05","5,217.58","3,95,545","2,06,37,86,429.20","54,707","2,13,655","54.02"
"DMART","EQ","12-Sep-2024","5,299.10","5,330.00","5,376.05","5,216.90","5,236.00","5,238.55","5,279.45","3,80,591","2,00,93,10,656.90","48,040","2,43,524","63.99"
"DMART","EQ","11-Sep-2024","5,344.40","5,357.90","5,449.00","5,279.10","5,295.00","5,299.10","5,352.23","4,61,780","2,47,15,55,054.85","55,989","2,18,855","47.39"
"DMART","EQ","10-Sep-2024","5,361.40","5,361.40","5,422.45","5,315.00","5,338.00","5,344.40","5,368.18","4,00,985","2,15,25,58,146.15","62,502","2,13,143","53.15"
"DMART","EQ","09-Sep-2024","5,303.45","5,303.45","5,395.00","5,216.05","5,360.00","5,361.40","5,336.56","5,94,876","3,17,45,91,236.25","70,682","3,29,770","55.44"
"DMART","EQ","06-Sep-2024","5,308.15","5,293.00","5,354.55","5,202.00","5,309.80","5,303.45","5,292.14","7,21,164","3,81,64,98,220.15","71,590","3,90,735","54.18"
"DMART","EQ","05-Sep-2024","5,100.90","5,084.10","5,361.15","5,077.10","5,270.05","5,308.15","5,249.10","13,23,435","6,94,68,48,909.20","1,19,558","6,58,381","49.75"
"DMART","EQ","04-Sep-2024","4,980.60","4,974.00","5,109.00","4,960.35","5,100.20","5,100.90","5,049.61","3,19,841","1,61,50,71,348.70","35,604","1,99,987","62.53"
"DMART","EQ","03-Sep-2024","4,999.85","5,029.00","5,039.80","4,965.00","4,981.00","4,980.60","5,008.00","2,22,027","1,11,19,12,061.70","38,277","1,36,973","61.69"
"DMART","EQ","02-Sep-2024","4,927.45","4,977.00","5,023.95","4,951.00","5,000.00","4,999.85","4,981.71","2,90,596","1,44,76,64,904.55","45,053","1,73,550","59.72"
"DMART","EQ","30-Aug-2024","5,008.80","5,020.00","5,042.00","4,900.00","4,930.00","4,927.45","4,953.72","5,64,035","2,79,40,68,928.00","64,668","3,76,595","66.77"
"DMART","EQ","29-Aug-2024","4,964.85","4,991.50","5,155.55","4,980.65","5,011.95","5,008.80","5,062.36","9,39,641","4,75,67,99,323.40","88,593","4,42,356","47.08"
"DMART","EQ","28-Aug-2024","4,958.55","4,995.50","4,995.50","4,905.00","4,967.00","4,964.85","4,937.73","5,04,521","2,49,11,88,971.20","41,032","3,73,753","74.08"
"DMART","BL","28-Aug-2024","4,128.35","4,937.00","4,937.00","4,937.00","4,937.00","4,937.00","4,937.00","1,63,000","80,47,31,000.00","1","-","-"
"DMART","EQ","27-Aug-2024","4,959.40","5,010.00","5,010.00","4,925.65","4,955.00","4,958.55","4,962.42","1,44,910","71,91,03,761.55","18,996","70,099","48.37"
"DMART","EQ","26-Aug-2024","4,901.50","4,903.00","4,978.75","4,900.10","4,968.90","4,959.40","4,950.35","4,75,103","2,35,19,24,718.60","65,675","3,39,124","71.38"
"DMART","EQ","23-Aug-2024","5,057.85","5,045.00","5,088.80","4,880.00","4,926.95","4,901.50","4,928.77","8,02,974","3,95,76,74,235.15","76,207","5,37,262","66.91"
"DMART","EQ","22-Aug-2024","5,099.45","5,145.00","5,145.00","5,021.15","5,036.00","5,057.85","5,090.09","3,53,198","1,79,78,08,151.65","27,686","2,67,866","75.84"
"DMART","EQ","21-Aug-2024","5,079.20","5,095.00","5,164.00","5,051.85","5,100.00","5,099.45","5,108.50","7,96,491","4,06,88,76,960.70","57,626","4,75,453","59.69"
"DMART","EQ","20-Aug-2024","5,002.70","5,008.00","5,095.95","4,987.70","5,075.00","5,079.20","5,043.49","3,20,092","1,61,43,80,438.70","36,777","2,06,563","64.53"
"DMART","EQ","19-Aug-2024","5,021.30","5,040.00","5,048.00","4,982.05","5,000.10","5,002.70","5,000.59","1,71,799","85,90,95,894.45","18,386","1,16,067","67.56"
"DMART","EQ","16-Aug-2024","4,960.30","4,995.00","5,025.00","4,902.70","5,013.25","5,021.30","4,979.78","1,93,826","96,52,10,113.70","27,122","1,09,243","56.36"
"DMART","EQ","14-Aug-2024","4,929.50","4,950.00","5,020.00","4,913.30","4,961.95","4,960.30","4,956.68","2,82,580","1,40,06,58,167.50","22,587","2,05,022","72.55"
"DMART","EQ","13-Aug-2024","5,013.80","5,039.95","5,048.00","4,905.50","4,913.70","4,929.50","4,959.77","1,38,438","68,66,20,283.40","21,880","72,049","52.04"
"DMART","EQ","12-Aug-2024","4,989.95","4,999.00","5,025.00","4,960.55","4,995.90","5,013.80","5,005.22","1,67,412","83,79,34,571.05","25,574","98,967","59.12"
"DMART","EQ","09-Aug-2024","4,980.10","5,033.00","5,063.80","4,971.35","4,975.00","4,989.95","5,001.51","1,02,057","51,04,38,957.75","12,487","58,230","57.06"
"DMART","EQ","08-Aug-2024","5,018.50","5,049.95","5,063.90","4,942.00","5,000.00","4,980.10","5,000.28","3,48,300","1,74,15,96,458.05","49,175","2,14,216","61.50"
"DMART","EQ","07-Aug-2024","4,909.90","4,960.00","5,063.55","4,954.45","5,018.40","5,018.50","5,017.81","3,22,153","1,61,65,03,101.55","42,917","1,97,237","61.22"
"DMART","EQ","06-Aug-2024","4,817.45","4,818.15","5,045.25","4,818.15","4,900.00","4,909.90","4,972.21","7,98,720","3,97,14,06,739.80","66,386","3,41,561","42.76"
"DMART","EQ","05-Aug-2024","4,909.70","4,861.50","5,010.00","4,801.00","4,810.00","4,817.45","4,889.92","7,15,443","3,49,84,59,491.25","62,721","4,41,483","61.71"
"DMART","EQ","02-Aug-2024","4,993.80","4,950.00","5,029.75","4,890.15","4,905.00","4,909.70","4,959.62","4,86,355","2,41,21,35,047.40","36,662","3,65,235","75.10"
"DMART","EQ","01-Aug-2024","4,935.95","4,949.00","5,008.00","4,883.00","4,990.00","4,993.80","4,947.06","2,02,176","1,00,01,75,913.85","29,478","1,00,086","49.50"
"DMART","EQ","31-Jul-2024","5,027.20","5,040.00","5,068.90","4,910.20","4,953.90","4,935.95","4,964.60","9,12,329","4,52,93,47,855.80","71,401","7,12,164","78.06"
"DMART","EQ","30-Jul-2024","5,112.85","5,140.00","5,175.55","5,000.10","5,014.00","5,027.20","5,074.60","2,99,951","1,52,21,32,193.20","34,151","1,75,753","58.59"
"DMART","EQ","29-Jul-2024","5,071.60","5,144.00","5,144.00","5,041.80","5,095.45","5,112.85","5,092.17","2,06,613","1,05,21,08,069.95","31,407","1,04,386","50.52"
"DMART","EQ","26-Jul-2024","5,171.35","5,199.00","5,199.00","5,040.00","5,075.65","5,071.60","5,096.60","2,34,445","1,19,48,72,540.45","32,620","1,01,752","43.40"
"DMART","EQ","25-Jul-2024","5,158.45","5,148.00","5,184.90","5,058.10","5,160.00","5,171.35","5,133.25","3,93,012","2,01,74,30,766.10","32,669","3,00,348","76.42"
"DMART","EQ","24-Jul-2024","5,065.25","5,100.00","5,205.00","5,082.65","5,141.10","5,158.45","5,154.76","6,30,155","3,24,82,99,121.15","55,384","4,24,600","67.38"
"DMART","EQ","23-Jul-2024","5,012.85","5,013.00","5,095.45","4,925.10","5,065.00","5,065.25","5,039.32","4,31,809","2,17,60,25,230.15","35,898","2,88,595","66.83"
"DMART","EQ","22-Jul-2024","5,010.70","4,955.00","5,031.95","4,922.75","5,010.50","5,012.85","4,999.60","5,59,762","2,79,85,85,634.95","22,401","4,74,058","84.69"
"DMART","EQ","19-Jul-2024","5,083.45","5,062.10","5,078.50","4,955.00","4,999.35","5,010.70","5,015.06","4,44,963","2,23,15,18,304.20","33,762","3,33,426","74.93"
"DMART","EQ","18-Jul-2024","5,039.85","5,039.85","5,096.95","5,028.00","5,080.00","5,083.45","5,048.35","8,37,644","4,22,87,18,351.95","45,226","6,75,183","80.61"
"DMART","EQ","16-Jul-2024","4,988.85","5,000.00","5,104.00","4,979.00","5,039.90","5,039.85","5,041.89","10,62,769","5,35,83,62,389.65","60,856","7,86,761","74.03"
"DMART","EQ","15-Jul-2024","4,943.65","5,126.45","5,164.00","4,943.65","4,990.00","4,988.85","5,005.45","14,05,587","7,03,55,89,838.05","1,05,021","7,24,609","51.55"
"DMART","EQ","12-Jul-2024","4,898.90","4,939.90","5,016.95","4,909.00","4,950.00","4,943.65","4,962.01","5,98,090","2,96,77,30,619.35","59,368","3,67,632","61.47"
"DMART","EQ","11-Jul-2024","4,834.45","4,853.90","4,969.00","4,832.25","4,893.50","4,898.90","4,908.14","5,68,246","2,78,90,31,416.05","71,817","2,95,807","52.06"
"DMART","EQ","10-Jul-2024","4,806.35","4,825.00","4,894.35","4,731.10","4,817.95","4,834.45","4,811.34","2,84,146","1,36,71,23,560.15","31,638","1,15,111","40.51"
"DMART","EQ","09-Jul-2024","4,851.55","4,853.10","4,893.95","4,780.00","4,800.15","4,806.35","4,843.15","4,21,547","2,04,16,13,395.30","33,082","2,98,694","70.86"
"DMART","EQ","08-Jul-2024","4,853.10","4,860.00","4,935.20","4,820.00","4,836.00","4,851.55","4,884.05","7,06,765","3,45,18,73,871.10","40,990","5,14,530","72.80"
"DMART","EQ","05-Jul-2024","4,768.10","4,768.85","4,871.00","4,742.80","4,847.05","4,853.10","4,804.16","3,59,691","1,72,80,12,762.80","36,747","2,17,123","60.36"
"DMART","EQ","04-Jul-2024","4,792.90","4,785.10","4,825.00","4,725.00","4,768.00","4,768.10","4,776.91","3,17,759","1,51,79,05,452.20","27,103","1,99,042","62.64"
"DMART","EQ","03-Jul-2024","4,773.85","4,760.00","4,810.90","4,700.70","4,797.90","4,792.90","4,766.42","7,99,111","3,80,88,97,496.50","58,301","5,08,252","63.60"
"DMART","EQ","02-Jul-2024","4,735.90","4,759.10","4,825.25","4,719.55","4,782.00","4,773.85","4,766.31","3,60,009","1,71,59,13,867.15","41,249","1,80,024","50.01"
"DMART","EQ","01-Jul-2024","4,716.75","4,725.10","4,754.45","4,612.50","4,721.90","4,735.90","4,693.69","6,42,169","3,01,41,39,806.60","55,571","3,71,674","57.88"
"DMART","EQ","28-Jun-2024","4,900.10","4,900.00","4,921.95","4,680.00","4,713.05","4,716.75","4,786.31","6,85,009","3,27,86,65,000.40","77,687","3,53,444","51.60"
"DMART","EQ","27-Jun-2024","4,801.00","4,819.95","4,960.00","4,738.00","4,940.00","4,900.10","4,844.09","5,03,719","2,44,00,61,569.80","56,743","2,51,214","49.87"
"DMART","EQ","26-Jun-2024","4,783.35","4,775.00","4,823.95","4,690.00","4,812.00","4,801.00","4,739.74","5,46,313","2,58,93,79,652.15","55,455","3,01,616","55.21"
"DMART","EQ","25-Jun-2024","4,833.70","4,850.00","4,905.00","4,755.00","4,787.00","4,783.35","4,823.56","3,76,890","1,81,79,52,580.65","39,149","1,65,655","43.95"
"DMART","EQ","24-Jun-2024","4,804.85","4,792.00","4,875.00","4,765.85","4,833.00","4,833.70","4,827.48","3,56,824","1,72,25,61,390.50","34,227","1,41,775","39.73"
"DMART","EQ","21-Jun-2024","4,861.70","4,928.00","5,082.95","4,763.00","4,790.00","4,804.85","4,890.95","7,26,519","3,55,33,70,289.20","62,109","2,68,842","37.00"
"DMART","EQ","20-Jun-2024","4,933.90","4,947.45","5,022.50","4,832.20","4,866.90","4,861.70","4,906.75","5,77,843","2,83,53,29,597.35","72,031","2,42,587","41.98"
"DMART","EQ","19-Jun-2024","5,039.30","5,079.00","5,219.00","4,901.35","4,914.00","4,933.90","5,079.85","14,38,750","7,30,86,40,558.55","1,27,961","4,11,614","28.61"
"DMART","EQ","18-Jun-2024","4,739.95","4,739.95","5,080.00","4,734.80","5,035.00","5,039.30","4,956.69","20,54,168","10,18,18,67,566.25","1,65,007","7,57,719","36.89"
"DMART","EQ","14-Jun-2024","4,656.65","4,692.00","4,759.95","4,671.05","4,728.00","4,739.95","4,730.43","2,58,982","1,22,50,96,760.15","36,492","1,44,581","55.83"
"DMART","EQ","13-Jun-2024","4,666.75","4,697.25","4,739.95","4,640.05","4,655.00","4,656.65","4,683.94","2,38,268","1,11,60,32,514.60","28,781","1,39,954","58.74"
"DMART","EQ","12-Jun-2024","4,701.45","4,710.05","4,740.00","4,645.00","4,658.00","4,666.75","4,691.89","5,55,091","2,60,44,24,005.10","54,555","3,90,688","70.38"
"DMART","EQ","11-Jun-2024","4,778.40","4,800.00","4,829.90","4,676.00","4,699.00","4,701.45","4,764.71","2,66,806","1,27,12,54,024.45","35,923","1,61,726","60.62"
"DMART","EQ","10-Jun-2024","4,747.25","4,769.05","4,812.00","4,688.00","4,770.00","4,778.40","4,765.25","2,76,907","1,31,95,30,863.15","40,992","1,35,420","48.90"
"DMART","EQ","07-Jun-2024","4,687.05","4,700.00","4,806.35","4,690.75","4,743.00","4,747.25","4,737.86","3,52,969","1,67,23,16,801.80","45,372","1,59,253","45.12"
"DMART","EQ","06-Jun-2024","4,862.25","4,861.95","4,861.95","4,675.25","4,700.00","4,687.05","4,750.76","6,64,303","3,15,59,46,867.85","71,495","3,91,341","58.91"
"DMART","EQ","05-Jun-2024","4,548.75","4,590.00","4,900.00","4,562.20","4,855.00","4,862.25","4,766.58","14,95,770","7,12,97,01,078.50","1,56,460","9,74,291","65.14"
"DMART","EQ","04-Jun-2024","4,349.35","4,399.00","4,590.00","4,355.65","4,525.00","4,548.75","4,483.43","10,93,378","4,90,20,87,754.70","1,15,337","4,60,820","42.15"
"DMART","EQ","03-Jun-2024","4,302.15","4,392.95","4,400.00","4,301.00","4,346.00","4,349.35","4,353.27","2,79,797","1,21,80,32,178.25","46,532","1,18,118","42.22"
"DMART","EQ","31-May-2024","4,444.95","4,440.00","4,450.00","4,250.40","4,287.35","4,302.15","4,318.97","8,66,438","3,74,21,22,049.45","84,063","4,88,994","56.44"
"DMART","EQ","30-May-2024","4,476.85","4,475.90","4,497.25","4,410.00","4,440.80","4,444.95","4,440.82","1,41,706","62,92,90,432.35","23,280","64,909","45.81"
"DMART","EQ","29-May-2024","4,474.45","4,474.00","4,564.85","4,435.10","4,470.00","4,476.85","4,492.89","2,34,524","1,05,36,89,799.35","32,405","84,677","36.11"
"DMART","EQ","28-May-2024","4,537.35","4,551.90","4,588.85","4,440.20","4,465.00","4,474.45","4,501.40","2,24,693","1,01,14,33,679.30","35,211","1,24,721","55.51"
"DMART","EQ","27-May-2024","4,684.50","4,651.55","4,669.00","4,508.00","4,542.00","4,537.35","4,560.93","3,92,853","1,79,17,76,437.30","60,734","1,95,421","49.74"
"DMART","EQ","24-May-2024","4,793.55","4,797.90","4,841.40","4,674.10","4,675.70","4,684.50","4,734.51","3,07,316","1,45,49,89,481.50","50,917","2,01,287","65.50"
"DMART","EQ","23-May-2024","4,798.80","4,794.50","4,812.00","4,755.80","4,790.50","4,793.55","4,785.13","1,51,025","72,26,74,210.00","40,091","85,995","56.94"
"DMART","EQ","22-May-2024","4,705.90","4,763.15","4,924.20","4,737.15","4,777.90","4,798.80","4,827.67","7,16,981","3,46,13,47,727.65","86,073","3,78,228","52.75"
"DMART","EQ","21-May-2024","4,670.65","4,670.00","4,737.45","4,605.45","4,696.00","4,705.90","4,695.22","1,79,171","84,12,48,033.85","27,344","1,05,032","58.62"
"DMART","EQ","18-May-2024","4,682.90","4,694.30","4,694.30","4,618.65","4,674.65","4,670.65","4,666.05","17,889","8,34,71,042.80","3,233","9,445","52.80"
"DMART","EQ","17-May-2024","4,671.25","4,680.00","4,710.00","4,665.05","4,700.00","4,682.90","4,686.61","2,03,113","95,19,10,808.05","22,432","1,41,524","69.68"
"DMART","EQ","16-May-2024","4,652.45","4,674.30","4,699.00","4,660.05","4,675.00","4,671.25","4,673.04","5,19,285","2,42,66,40,406.95","39,104","4,33,947","83.57"
"DMART","EQ","15-May-2024","4,597.05","4,614.95","4,680.00","4,597.10","4,655.00","4,652.45","4,647.45","2,98,259","1,38,61,43,825.95","38,729","1,85,393","62.16"
"DMART","EQ","14-May-2024","4,693.70","4,739.00","4,755.00","4,550.35","4,615.00","4,597.05","4,621.20","3,76,741","1,74,09,96,128.90","55,397","1,92,190","51.01"
"DMART","EQ","13-May-2024","4,796.80","4,799.95","4,809.00","4,667.00","4,683.15","4,693.70","4,714.11","1,90,782","89,93,66,520.95","33,021","95,930","50.28"
"DMART","EQ","10-May-2024","4,798.65","4,798.65","4,852.00","4,735.85","4,794.95","4,796.80","4,792.13","2,90,601","1,39,25,98,331.05","43,141","1,79,179","61.66"
"DMART","EQ","09-May-2024","4,806.75","4,806.75","4,895.60","4,730.00","4,776.70","4,798.65","4,810.72","6,18,014","2,97,30,93,221.00","43,753","4,10,388","66.40"
"DMART","EQ","08-May-2024","4,660.45","4,674.80","4,863.80","4,670.00","4,801.00","4,806.75","4,762.05","8,29,723","3,95,11,85,047.90","63,012","5,02,862","60.61"
"DMART","EQ","07-May-2024","4,600.60","4,619.95","4,698.00","4,581.00","4,656.00","4,660.45","4,656.24","4,31,030","2,00,69,77,351.30","42,607","2,62,125","60.81"
"DMART","EQ","06-May-2024","4,612.35","4,620.00","4,739.90","4,576.00","4,589.85","4,600.60","4,616.79","6,43,041","2,96,87,84,118.95","56,698","3,61,899","56.28"
"DMART","EQ","03-May-2024","4,605.05","4,626.95","4,627.00","4,545.05","4,618.45","4,612.35","4,591.60","4,36,785","2,00,55,41,781.45","30,468","3,42,806","78.48"
"DMART","EQ","02-May-2024","4,603.80","4,609.95","4,642.45","4,578.00","4,605.00","4,605.05","4,602.63","2,56,067","1,17,85,80,756.20","34,407","1,51,831","59.29"
"DMART","EQ","30-Apr-2024","4,483.80","4,455.15","4,650.00","4,455.15","4,605.00","4,603.80","4,609.25","6,37,696","2,93,93,03,077.00","60,341","3,32,999","52.22"
"DMART","EQ","29-Apr-2024","4,553.15","4,560.50","4,562.45","4,450.00","4,483.15","4,483.80","4,487.25","3,85,596","1,73,02,63,950.55","47,447","2,47,816","64.27"
"DMART","EQ","26-Apr-2024","4,657.10","4,657.05","4,719.95","4,531.50","4,562.00","4,553.15","4,618.74","2,54,510","1,17,55,14,406.05","33,716","1,28,669","50.56"
"DMART","EQ","25-Apr-2024","4,797.55","4,801.00","4,817.65","4,615.15","4,655.00","4,657.10","4,715.72","4,62,020","2,17,87,57,663.95","43,230","2,87,849","62.30"
"DMART","EQ","24-Apr-2024","4,800.55","4,820.00","4,835.70","4,778.00","4,789.95","4,797.55","4,803.54","1,99,877","96,01,16,585.15","21,009","1,15,051","57.56"
"DMART","EQ","23-Apr-2024","4,758.00","4,804.50","4,890.00","4,773.00","4,785.00","4,800.55","4,811.87","4,58,148","2,20,45,47,694.80","57,078","2,36,333","51.58"
"DMART","EQ","22-Apr-2024","4,696.00","4,743.00","4,815.95","4,692.05","4,763.00","4,758.00","4,735.14","2,57,706","1,22,02,73,751.75","35,874","1,40,389","54.48"
"DMART","EQ","19-Apr-2024","4,627.10","4,766.95","4,836.70","4,651.10","4,711.00","4,696.00","4,721.01","7,78,084","3,67,33,42,149.95","77,642","3,06,831","39.43"
"DMART","EQ","18-Apr-2024","4,644.30","4,644.30","4,694.30","4,605.00","4,637.95","4,627.10","4,630.41","4,17,772","1,93,44,54,965.60","35,489","3,16,775","75.82"
"DMART","EQ","16-Apr-2024","4,686.80","4,650.00","4,689.30","4,611.35","4,630.00","4,644.30","4,650.21","2,45,231","1,14,03,76,252.05","29,695","1,53,075","62.42"
"DMART","EQ","15-Apr-2024","4,765.05","4,680.00","4,736.55","4,620.60","4,687.00","4,686.80","4,680.43","3,58,707","1,67,89,01,939.60","44,259","2,17,622","60.67"
"DMART","EQ","12-Apr-2024","4,754.00","4,753.90","4,806.75","4,725.00","4,765.85","4,765.05","4,767.17","6,76,863","3,22,67,20,889.45","50,060","4,55,600","67.31"
"DMART","EQ","10-Apr-2024","4,716.15","4,736.60","4,831.85","4,711.00","4,737.35","4,754.00","4,788.34","7,28,446","3,48,80,46,554.60","65,013","3,81,123","52.32"
"DMART","EQ","09-Apr-2024","4,672.80","4,671.95","4,747.80","4,622.00","4,715.00","4,716.15","4,693.56","2,85,672","1,34,08,19,639.60","34,162","1,28,812","45.09"
"DMART","EQ","08-Apr-2024","4,619.25","4,648.15","4,748.00","4,640.00","4,660.00","4,672.80","4,699.65","4,61,322","2,16,80,53,968.60","50,443","2,07,556","44.99"
"DMART","EQ","05-Apr-2024","4,645.05","4,645.00","4,685.00","4,557.00","4,639.85","4,619.25","4,615.20","4,18,022","1,92,92,53,380.95","59,293","1,96,915","47.11"
"DMART","EQ","04-Apr-2024","4,460.90","4,562.00","4,715.00","4,540.00","4,639.80","4,645.05","4,640.74","15,64,457","7,26,02,35,478.55","1,43,517","5,26,027","33.62"
"DMART","EQ","03-Apr-2024","4,411.85","4,455.00","4,494.45","4,415.00","4,465.00","4,460.90","4,457.24","2,57,333","1,14,69,95,749.90","35,963","1,19,429","46.41"
"DMART","EQ","02-Apr-2024","4,483.30","4,503.00","4,563.00","4,400.05","4,407.00","4,411.85","4,471.01","4,42,907","1,98,02,39,672.20","49,326","2,12,374","47.95"
"DMART","EQ","01-Apr-2024","4,525.60","4,570.00","4,592.00","4,456.30","4,484.00","4,483.30","4,504.59","4,10,983","1,85,13,09,836.30","46,285","2,05,331","49.96"
"DMART","EQ","28-Mar-2024","4,420.55","4,424.95","4,560.00","4,397.05","4,529.90","4,525.60","4,490.05","8,92,567","4,00,76,74,168.60","1,10,180","3,90,669","43.77"
"DMART","EQ","27-Mar-2024","4,486.20","4,480.50","4,533.00","4,387.05","4,417.90","4,420.55","4,465.38","8,14,043","3,63,50,12,739.25","99,248","4,09,756","50.34"
"DMART","EQ","26-Mar-2024","4,297.60","4,315.75","4,509.45","4,297.25","4,450.00","4,486.20","4,456.46","18,38,678","8,19,40,04,087.00","1,59,311","6,54,549","35.60"
"DMART","EQ","22-Mar-2024","4,163.10","4,159.80","4,330.50","4,151.15","4,292.00","4,297.60","4,248.00","9,21,652","3,91,51,76,732.70","79,173","4,95,386","53.75"
"DMART","EQ","21-Mar-2024","4,056.35","4,117.00","4,238.00","4,091.50","4,158.00","4,163.10","4,171.84","11,30,832","4,71,76,51,353.95","1,22,479","5,16,145","45.64"
"DMART","EQ","20-Mar-2024","4,014.10","4,015.00","4,068.00","4,009.25","4,049.95","4,056.35","4,046.78","3,46,426","1,40,19,09,028.75","45,163","1,95,333","56.39"
"DMART","EQ","19-Mar-2024","4,010.55","4,008.00","4,046.05","3,983.05","4,006.00","4,014.10","4,023.11","4,51,330","1,81,57,49,844.05","39,740","2,93,312","64.99"
"DMART","EQ","18-Mar-2024","3,932.10","3,932.10","4,019.00","3,918.70","4,000.00","4,010.55","3,990.28","2,30,448","91,95,51,488.30","27,791","1,24,805","54.16"
"DMART","EQ","15-Mar-2024","4,019.25","4,019.45","4,035.00","3,904.00","3,912.00","3,932.10","3,948.09","3,48,203","1,37,47,35,732.95","47,833","2,37,559","68.22"
"DMART","EQ","14-Mar-2024","3,967.80","3,966.95","4,040.00","3,890.00","4,032.00","4,019.25","3,962.14","3,55,226","1,40,74,56,574.05","42,904","1,93,682","54.52"
"DMART","EQ","13-Mar-2024","4,031.70","4,055.00","4,056.00","3,932.05","3,970.00","3,967.80","3,978.66","5,21,699","2,07,56,61,388.80","52,382","3,22,672","61.85"
"DMART","EQ","12-Mar-2024","3,979.65","3,999.00","4,042.00","3,900.00","4,028.40","4,031.70","4,022.08","4,99,999","2,01,10,34,651.20","65,538","2,98,103","59.62"
"DMART","EQ","11-Mar-2024","3,925.95","3,948.85","4,025.00","3,936.05","3,986.00","3,979.65","3,985.47","6,89,781","2,74,90,98,040.80","73,724","4,13,076","59.89"
"DMART","EQ","07-Mar-2024","3,888.65","3,888.65","3,942.65","3,877.20","3,923.00","3,925.95","3,916.56","3,30,459","1,29,42,61,023.15","44,335","2,05,627","62.22"
"DMART","EQ","06-Mar-2024","3,834.50","3,834.50","3,895.00","3,825.15","3,892.00","3,888.65","3,870.48","3,08,886","1,19,55,38,533.15","40,993","1,93,382","62.61"
"DMART","EQ","05-Mar-2024","3,846.35","3,830.00","3,884.35","3,811.30","3,830.05","3,834.50","3,850.32","1,85,829","71,55,01,819.85","26,342","1,13,423","61.04"
"DMART","EQ","04-Mar-2024","3,868.25","3,870.95","3,878.65","3,831.00","3,851.15","3,846.35","3,847.89","1,53,055","58,89,38,887.15","20,849","99,861","65.25"
"DMART","EQ","02-Mar-2024","3,884.15","3,913.00","3,913.00","3,856.65","3,874.95","3,868.25","3,877.90","11,564","4,48,44,040.20","2,231","8,808","76.17"
"DMART","EQ","01-Mar-2024","3,918.90","3,925.00","3,936.75","3,867.00","3,896.25","3,884.15","3,886.01","2,61,674","1,01,68,66,927.85","36,865","1,55,230","59.32"
"DMART","EQ","29-Feb-2024","3,850.00","3,818.40","3,940.00","3,797.05","3,915.20","3,918.90","3,889.51","4,99,782","1,94,39,06,938.05","54,851","2,97,686","59.56"
"DMART","EQ","28-Feb-2024","3,852.20","3,856.40","3,948.30","3,838.10","3,851.80","3,850.00","3,898.29","5,05,405","1,97,02,15,477.30","54,484","1,91,742","37.94"
"DMART","EQ","27-Feb-2024","3,850.35","3,859.00","3,885.00","3,818.05","3,841.55","3,852.20","3,857.62","2,56,237","98,84,63,881.35","38,900","1,55,346","60.63"
"DMART","EQ","26-Feb-2024","3,840.55","3,840.55","3,859.00","3,796.25","3,852.00","3,850.35","3,838.13","3,46,646","1,33,04,73,170.85","49,802","2,57,661","74.33"
"DMART","EQ","23-Feb-2024","3,851.45","3,860.00","3,872.00","3,828.65","3,849.00","3,840.55","3,843.92","2,26,731","87,15,35,597.30","29,696","1,43,379","63.24"
"DMART","EQ","22-Feb-2024","3,835.75","3,860.00","3,869.00","3,801.85","3,848.00","3,851.45","3,841.80","2,37,411","91,20,85,513.35","32,965","1,39,830","58.90"
"DMART","EQ","21-Feb-2024","3,756.20","3,752.00","3,889.00","3,752.00","3,833.00","3,835.75","3,837.42","5,92,509","2,27,37,08,803.50","62,565","2,79,980","47.25"
"DMART","EQ","20-Feb-2024","3,707.25","3,701.00","3,784.00","3,691.40","3,751.60","3,756.20","3,743.23","3,16,518","1,18,47,99,219.05","31,286","1,81,184","57.24"
"DMART","EQ","19-Feb-2024","3,693.30","3,673.30","3,722.00","3,673.30","3,707.00","3,707.25","3,705.48","2,26,669","83,99,17,737.35","22,636","1,56,040","68.84"
"DMART","EQ","16-Feb-2024","3,678.60","3,698.60","3,724.65","3,665.10","3,690.00","3,693.30","3,689.26","7,26,598","2,68,06,10,243.00","30,894","6,29,462","86.63"
"DMART","EQ","15-Feb-2024","3,722.40","3,722.40","3,729.95","3,671.35","3,685.00","3,678.60","3,684.99","5,07,420","1,86,98,39,975.35","26,272","4,39,018","86.52"
"DMART","EQ","14-Feb-2024","3,703.20","3,700.00","3,739.00","3,691.05","3,711.00","3,722.40","3,709.70","2,57,694","95,59,67,821.95","20,867","1,96,431","76.23"
"DMART","EQ","13-Feb-2024","3,675.60","3,685.05","3,728.00","3,660.90","3,700.00","3,703.20","3,702.36","2,94,135","1,08,89,93,408.20","31,032","2,30,660","78.42"
"DMART","EQ","12-Feb-2024","3,719.20","3,719.20","3,734.95","3,644.30","3,675.00","3,675.60","3,678.59","1,99,148","73,25,83,085.05","24,378","1,45,095","72.86"
"DMART","EQ","09-Feb-2024","3,731.05","3,732.15","3,758.00","3,699.00","3,723.00","3,719.20","3,726.93","3,06,425","1,14,20,23,531.95","21,085","2,46,640","80.49"
"DMART","EQ","08-Feb-2024","3,717.70","3,718.95","3,787.95","3,715.00","3,729.90","3,731.05","3,750.72","2,61,689","98,15,21,272.30","33,232","1,60,690","61.40"
"DMART","EQ","07-Feb-2024","3,727.40","3,759.00","3,785.00","3,703.00","3,716.00","3,717.70","3,722.21","1,73,087","64,42,65,505.70","22,707","1,16,941","67.56"
"DMART","EQ","06-Feb-2024","3,729.60","3,730.00","3,737.70","3,702.05","3,737.00","3,727.40","3,719.67","1,48,110","55,09,20,790.70","22,162","98,040","66.19"
"DMART","EQ","05-Feb-2024","3,784.30","3,785.00","3,791.55","3,720.05","3,729.00","3,729.60","3,742.71","2,16,052","80,86,20,557.30","24,647","1,55,391","71.92"
"DMART","EQ","02-Feb-2024","3,808.20","3,808.20","3,815.00","3,770.00","3,771.00","3,784.30","3,789.87","1,86,318","70,61,21,419.05","25,854","1,26,263","67.77"
"DMART","EQ","01-Feb-2024","3,792.70","3,810.00","3,826.60","3,772.00","3,792.00","3,808.20","3,802.95","1,88,297","71,60,83,953.55","22,581","1,10,306","58.58"
"DMART","EQ","31-Jan-2024","3,687.30","3,680.00","3,821.40","3,652.75","3,810.00","3,792.70","3,737.71","3,53,880","1,32,27,00,337.45","42,575","2,28,499","64.57"
"DMART","EQ","30-Jan-2024","3,749.40","3,740.00","3,772.85","3,680.00","3,699.00","3,687.30","3,722.82","2,63,265","98,00,89,118.40","25,384","1,76,412","67.01"
"DMART","EQ","29-Jan-2024","3,734.25","3,700.00","3,764.20","3,689.00","3,764.20","3,749.40","3,718.63","2,16,522","80,51,65,861.85","30,423","1,15,614","53.40"
"DMART","EQ","25-Jan-2024","3,727.75","3,731.00","3,750.00","3,695.50","3,745.00","3,734.25","3,722.88","2,00,269","74,55,76,877.15","20,247","1,32,233","66.03"
"DMART","EQ","24-Jan-2024","3,675.90","3,675.90","3,748.00","3,646.05","3,720.00","3,727.75","3,683.59","3,16,651","1,16,64,11,333.80","35,707","2,07,502","65.53"
"DMART","EQ","23-Jan-2024","3,676.50","3,675.00","3,714.00","3,651.05","3,672.00","3,675.90","3,671.32","2,99,750","1,10,04,79,058.05","38,566","2,05,493","68.55"
"DMART","EQ","20-Jan-2024","3,731.70","3,705.00","3,719.90","3,667.00","3,681.00","3,676.50","3,683.99","3,40,503","1,25,44,10,115.50","37,186","2,56,767","75.41"
"DMART","EQ","19-Jan-2024","3,748.85","3,762.95","3,768.70","3,704.50","3,745.00","3,731.70","3,725.25","5,65,533","2,10,67,51,916.50","48,776","4,57,469","80.89"
"DMART","EQ","18-Jan-2024","3,786.45","3,786.45","3,790.00","3,740.00","3,748.00","3,748.85","3,752.27","4,89,754","1,83,76,89,966.00","52,535","3,91,505","79.94"
"DMART","EQ","17-Jan-2024","3,828.30","3,750.00","3,811.90","3,750.00","3,782.00","3,786.45","3,798.42","5,16,399","1,96,14,98,708.90","37,585","4,29,406","83.15"
"DMART","EQ","16-Jan-2024","3,858.25","3,860.00","3,865.00","3,807.00","3,825.10","3,828.30","3,847.46","4,45,672","1,71,47,05,081.10","31,482","3,57,948","80.32"
"DMART","EQ","15-Jan-2024","3,841.00","3,924.95","3,933.00","3,851.00","3,855.05","3,858.25","3,871.77","5,05,101","1,95,56,32,982.35","38,601","2,69,839","53.42"
"DMART","EQ","12-Jan-2024","3,821.35","3,827.95","3,848.00","3,794.10","3,843.00","3,841.00","3,814.82","4,56,627","1,74,19,49,639.70","51,041","3,42,708","75.05"
"DMART","EQ","11-Jan-2024","3,822.00","3,845.00","3,845.00","3,805.00","3,827.00","3,821.35","3,820.72","2,13,492","81,56,93,892.65","25,489","1,53,943","72.11"
"DMART","EQ","10-Jan-2024","3,810.75","3,818.90","3,837.95","3,792.35","3,823.00","3,822.00","3,812.31","3,38,253","1,28,95,24,775.00","45,735","2,57,121","76.01"
"DMART","EQ","09-Jan-2024","3,804.40","3,810.10","3,850.00","3,787.00","3,818.95","3,810.75","3,805.11","4,40,688","1,67,68,64,669.85","43,380","3,18,714","72.32"
"DMART","EQ","08-Jan-2024","3,863.50","3,893.95","3,919.90","3,791.00","3,814.50","3,804.40","3,835.04","6,92,896","2,65,72,83,724.35","54,922","5,04,742","72.85"
"DMART","EQ","05-Jan-2024","3,897.85","3,902.00","3,940.00","3,810.00","3,880.00","3,863.50","3,867.98","5,13,823","1,98,74,55,241.75","48,459","3,11,395","60.60"
"DMART","EQ","04-Jan-2024","3,932.35","3,965.00","3,965.00","3,888.00","3,903.95","3,897.85","3,906.30","7,54,490","2,94,72,64,163.80","68,295","5,79,138","76.76"
"DMART","EQ","03-Jan-2024","4,103.35","4,080.00","4,080.00","3,919.40","3,940.00","3,932.35","3,966.82","9,64,470","3,82,58,82,144.90","1,05,162","5,83,810","60.53"
"DMART","EQ","02-Jan-2024","4,064.75","4,070.00","4,155.00","4,006.25","4,091.00","4,103.35","4,068.07","8,43,252","3,43,04,04,309.45","43,456","6,90,879","81.93"
"DMART","EQ","01-Jan-2024","4,082.65","4,075.00","4,080.00","4,042.10","4,065.00","4,064.75","4,064.09","1,31,614","53,48,90,999.00","18,875","81,710","62.08"
"DMART","EQ","29-Dec-2023","4,044.65","4,045.10","4,098.90","3,984.20","4,060.00","4,082.65","4,056.30","2,24,994","91,26,43,430.70","26,564","1,31,293","58.35"
"DMART","EQ","28-Dec-2023","4,027.45","4,048.90","4,058.40","4,015.00","4,045.00","4,044.65","4,036.70","4,03,866","1,63,02,84,749.50","36,020","3,07,389","76.11"
"DMART","EQ","27-Dec-2023","4,023.45","4,020.00","4,063.30","4,000.00","4,008.00","4,027.45","4,034.91","3,49,033","1,40,83,18,232.90","43,980","2,44,581","70.07"
"DMART","EQ","26-Dec-2023","4,007.95","4,009.95","4,038.20","3,995.35","4,023.90","4,023.45","4,019.22","2,99,135","1,20,22,88,505.70","22,896","2,17,036","72.55"
"DMART","EQ","22-Dec-2023","3,954.50","3,977.95","4,015.00","3,962.05","4,010.00","4,007.95","3,995.49","2,24,831","89,83,09,382.55","24,375","1,53,537","68.29"
"DMART","EQ","21-Dec-2023","3,965.90","3,950.00","4,009.90","3,920.05","3,956.00","3,954.50","3,955.83","2,86,850","1,13,47,29,052.35","41,448","1,64,844","57.47"
"DMART","EQ","20-Dec-2023","4,021.35","4,011.00","4,046.45","3,905.00","3,970.00","3,965.90","3,974.58","2,44,858","97,32,07,021.95","31,818","1,30,733","53.39"
"DMART","EQ","19-Dec-2023","4,010.15","4,010.00","4,048.95","3,990.25","4,030.00","4,021.35","4,017.74","1,85,004","74,32,97,339.75","25,960","96,697","52.27"
"DMART","EQ","18-Dec-2023","4,045.65","4,045.00","4,079.80","4,000.00","4,002.00","4,010.15","4,038.15","2,21,527","89,45,59,551.90","28,836","1,25,471","56.64"
"DMART","EQ","15-Dec-2023","4,070.05","4,085.00","4,097.90","4,017.00","4,041.75","4,045.65","4,043.78","3,00,270","1,21,42,26,919.95","31,779","1,78,914","59.58"
"DMART","EQ","14-Dec-2023","4,033.05","4,044.95","4,081.00","3,996.05","4,079.00","4,070.05","4,046.33","2,64,682","1,07,09,90,252.25","28,805","1,38,114","52.18"
"DMART","EQ","13-Dec-2023","4,075.40","4,075.00","4,075.40","3,945.10","4,042.00","4,033.05","4,011.75","3,88,573","1,55,88,58,691.05","43,525","2,12,032","54.57"
"DMART","EQ","12-Dec-2023","4,069.75","4,080.90","4,100.00","4,038.10","4,073.55","4,075.40","4,055.83","3,49,447","1,41,72,97,555.60","29,457","2,60,550","74.56"
"DMART","EQ","11-Dec-2023","4,070.65","4,070.65","4,075.00","4,025.05","4,075.00","4,069.75","4,046.40","2,39,939","97,08,89,721.95","25,584","1,42,343","59.32"
"DMART","EQ","08-Dec-2023","4,115.45","4,155.95","4,170.00","4,027.65","4,065.00","4,070.65","4,109.53","4,95,575","2,03,65,82,232.85","47,713","3,17,477","64.06"
"DMART","EQ","07-Dec-2023","4,137.15","4,140.05","4,206.00","4,095.00","4,124.00","4,115.45","4,123.81","4,14,582","1,70,96,57,250.70","34,000","2,51,724","60.72"
"DMART","EQ","06-Dec-2023","4,039.55","4,039.55","4,175.00","4,039.00","4,153.00","4,137.15","4,123.89","8,61,085","3,55,10,20,441.60","70,238","4,95,511","57.54"
"DMART","EQ","05-Dec-2023","3,967.10","3,950.00","4,041.00","3,949.00","4,036.00","4,039.55","4,018.24","4,43,420","1,78,17,65,965.35","38,558","2,84,584","64.18"
"DMART","EQ","04-Dec-2023","3,988.40","4,000.00","4,049.00","3,950.05","3,966.10","3,967.10","3,998.00","3,89,629","1,55,77,36,032.00","45,957","2,26,060","58.02"
"DMART","EQ","01-Dec-2023","3,949.75","3,969.65","3,995.00","3,931.15","3,985.00","3,988.40","3,969.64","3,80,041","1,50,86,25,996.20","50,483","2,27,332","59.82"
"DMART","EQ","30-Nov-2023","3,861.50","3,878.00","3,962.00","3,834.00","3,950.00","3,949.75","3,926.61","6,98,850","2,74,41,14,333.35","59,505","4,79,909","68.67"
"DMART","EQ","29-Nov-2023","3,912.15","3,915.00","3,937.00","3,841.00","3,869.95","3,861.50","3,898.21","3,33,845","1,30,13,97,652.20","38,098","2,03,003","60.81"
"DMART","EQ","28-Nov-2023","3,842.90","3,815.00","3,934.00","3,815.00","3,927.00","3,912.15","3,891.02","4,49,705","1,74,98,11,340.35","56,231","2,70,749","60.21"
"DMART","EQ","24-Nov-2023","3,844.40","3,820.00","3,869.00","3,799.00","3,845.20","3,842.90","3,838.04","96,391","36,99,52,658.05","16,404","48,429","50.24"
"DMART","EQ","23-Nov-2023","3,838.25","3,848.00","3,865.00","3,798.95","3,843.00","3,844.40","3,841.69","2,01,012","77,22,25,715.15","22,512","1,12,891","56.16"
"DMART","EQ","22-Nov-2023","3,814.95","3,820.00","3,873.85","3,812.35","3,845.00","3,838.25","3,840.73","2,00,608","77,04,80,859.30","19,933","1,10,425","55.05"
"DMART","EQ","21-Nov-2023","3,792.90","3,796.00","3,842.00","3,796.00","3,815.15","3,814.95","3,820.86","1,96,060","74,91,17,034.95","15,656","1,31,119","66.88"
"DMART","EQ","20-Nov-2023","3,810.90","3,810.90","3,833.00","3,771.70","3,804.00","3,792.90","3,803.25","2,52,998","96,22,14,032.65","29,850","1,73,274","68.49"
"DMART","EQ","17-Nov-2023","3,790.25","3,794.95","3,843.00","3,780.00","3,806.00","3,810.90","3,818.47","2,66,479","1,01,75,42,794.30","32,657","1,54,643","58.03"
"DMART","EQ","16-Nov-2023","3,791.95","3,795.00","3,800.00","3,765.00","3,793.80","3,790.25","3,785.53","1,48,945","56,38,35,253.10","16,464","83,319","55.94"
"DMART","EQ","15-Nov-2023","3,798.45","3,810.00","3,814.95","3,750.10","3,788.45","3,791.95","3,769.70","3,72,291","1,40,34,24,447.50","45,871","2,35,939","63.37"
"DMART","EQ","13-Nov-2023","3,802.70","3,809.95","3,819.80","3,740.20","3,795.05","3,798.45","3,779.05","1,66,502","62,92,19,846.65","24,729","75,428","45.30"
"DMART","EQ","12-Nov-2023","3,798.40","3,815.00","3,825.00","3,798.80","3,802.00","3,802.70","3,810.64","40,179","15,31,07,885.90","8,119","23,498","58.48"
"DMART","EQ","10-Nov-2023","3,747.60","3,750.00","3,800.00","3,738.55","3,798.80","3,798.40","3,780.48","2,05,429","77,66,20,677.25","24,159","1,08,089","52.62"
"DMART","EQ","09-Nov-2023","3,712.40","3,733.90","3,765.00","3,725.00","3,750.00","3,747.60","3,748.01","2,48,748","93,23,09,708.30","23,361","1,59,441","64.10"
"DMART","EQ","08-Nov-2023","3,653.30","3,658.00","3,727.95","3,658.00","3,726.80","3,712.40","3,690.15","2,46,719","91,04,31,217.40","23,204","1,80,413","73.12"
"DMART","EQ","07-Nov-2023","3,649.55","3,649.50","3,667.95","3,636.00","3,655.10","3,653.30","3,648.96","2,87,032","1,04,73,68,335.10","23,881","2,25,238","78.47"
"DMART","EQ","06-Nov-2023","3,649.70","3,654.55","3,692.90","3,635.30","3,649.25","3,649.55","3,652.74","2,77,254","1,01,27,37,455.05","35,876","2,02,615","73.08"
"DMART","EQ","03-Nov-2023","3,647.45","3,667.60","3,667.60","3,621.25","3,650.00","3,649.70","3,652.67","3,16,179","1,15,48,97,112.60","15,533","2,39,121","75.63"
"DMART","EQ","02-Nov-2023","3,639.45","3,639.00","3,677.95","3,624.15","3,653.00","3,647.45","3,648.82","2,16,100","78,85,10,037.35","23,295","1,33,763","61.90"
"DMART","EQ","01-Nov-2023","3,633.40","3,637.50","3,660.60","3,621.00","3,628.05","3,639.45","3,643.60","2,42,467","88,34,52,384.35","18,703","1,85,565","76.53"
"DMART","EQ","31-Oct-2023","3,646.65","3,657.65","3,671.25","3,620.00","3,632.55","3,633.40","3,642.72","8,20,386","2,98,84,34,850.15","34,609","7,38,850","90.06"
"DMART","EQ","30-Oct-2023","3,665.45","3,686.70","3,688.00","3,624.25","3,646.85","3,646.65","3,648.50","2,54,298","92,78,07,247.20","34,874","1,59,028","62.54"
"DMART","EQ","27-Oct-2023","3,684.65","3,700.00","3,758.00","3,651.00","3,664.95","3,665.45","3,691.13","3,65,480","1,34,90,33,019.05","36,295","2,74,330","75.06"
"DMART","EQ","26-Oct-2023","3,740.55","3,728.05","3,731.95","3,662.00","3,700.00","3,684.65","3,693.23","2,89,964","1,07,09,04,929.45","46,899","1,69,509","58.46"
"DMART","EQ","25-Oct-2023","3,668.95","3,685.00","3,755.00","3,620.10","3,741.00","3,740.55","3,718.83","3,33,022","1,23,84,51,464.15","47,110","1,77,791","53.39"
"DMART","EQ","23-Oct-2023","3,749.50","3,750.05","3,768.00","3,641.35","3,650.00","3,668.95","3,714.88","2,97,128","1,10,37,96,335.50","38,144","1,77,516","59.74"
"DMART","EQ","20-Oct-2023","3,766.85","3,760.05","3,780.95","3,742.10","3,750.00","3,749.50","3,756.35","2,00,038","75,14,13,072.20","19,905","1,30,347","65.16"
"DMART","EQ","19-Oct-2023","3,795.95","3,790.00","3,790.00","3,746.85","3,774.00","3,766.85","3,766.41","1,68,075","63,30,38,608.10","30,902","94,579","56.27"
"DMART","EQ","18-Oct-2023","3,842.85","3,842.85","3,853.10","3,776.25","3,800.00","3,795.95","3,805.95","3,56,321","1,35,61,41,529.50","57,835","2,44,412","68.59"
"DMART","EQ","17-Oct-2023","3,856.80","3,879.15","3,885.00","3,834.30","3,836.70","3,842.85","3,848.10","3,94,330","1,51,74,19,515.75","27,364","2,63,421","66.80"
"DMART","EQ","16-Oct-2023","3,935.85","3,825.05","3,873.90","3,772.75","3,865.00","3,856.80","3,836.17","11,02,582","4,22,96,88,611.75","88,286","5,25,820","47.69"
"DMART","EQ","13-Oct-2023","3,862.75","3,853.95","3,941.00","3,836.05","3,920.00","3,935.85","3,921.51","5,54,574","2,17,47,68,280.80","49,217","2,93,515","52.93"
"DMART","EQ","12-Oct-2023","3,852.05","3,874.80","3,890.00","3,820.30","3,848.00","3,862.75","3,856.44","2,26,262","87,25,65,829.35","25,631","1,14,283","50.51"
"DMART","EQ","11-Oct-2023","3,793.80","3,812.50","3,889.00","3,804.30","3,837.45","3,852.05","3,850.60","3,04,828","1,17,37,70,872.95","37,310","1,52,264","49.95"
"DMART","EQ","10-Oct-2023","3,798.60","3,809.95","3,829.85","3,775.55","3,791.10","3,793.80","3,793.54","2,84,836","1,08,05,36,027.20","33,946","1,89,873","66.66"
"DMART","EQ","09-Oct-2023","3,833.95","3,809.60","3,818.00","3,771.00","3,799.00","3,798.60","3,793.16","2,78,929","1,05,80,22,329.05","45,991","1,48,793","53.34"
"DMART","EQ","06-Oct-2023","3,861.50","3,860.00","3,890.80","3,786.75","3,830.00","3,833.95","3,841.46","3,45,055","1,32,55,16,303.45","34,293","1,43,111","41.47"
"DMART","EQ","05-Oct-2023","3,872.95","3,880.00","3,938.40","3,842.05","3,848.65","3,861.50","3,897.10","6,07,632","2,36,80,03,771.25","58,167","2,65,911","43.76"
"DMART","EQ","04-Oct-2023","3,725.70","3,760.00","3,909.95","3,760.00","3,860.00","3,872.95","3,850.85","17,37,108","6,68,93,38,851.35","1,59,060","7,44,502","42.86"
"DMART","EQ","03-Oct-2023","3,675.60","3,675.40","3,740.25","3,616.00","3,734.00","3,725.70","3,678.09","2,35,045","86,45,17,411.40","29,864","1,12,784","47.98"
"DMART","EQ","29-Sep-2023","3,671.05","3,671.05","3,698.00","3,651.30","3,680.70","3,675.60","3,670.38","3,21,455","1,17,98,60,457.60","29,081","2,19,938","68.42"
"DMART","EQ","28-Sep-2023","3,640.70","3,692.00","3,692.00","3,651.00","3,665.00","3,671.05","3,672.01","4,51,168","1,65,66,95,224.55","26,929","3,34,524","74.15"
"DMART","EQ","27-Sep-2023","3,633.60","3,650.00","3,669.00","3,625.00","3,650.00","3,640.70","3,641.47","4,27,214","1,55,56,86,171.70","30,627","3,10,304","72.63"
"DMART","EQ","26-Sep-2023","3,664.10","3,664.10","3,680.95","3,625.00","3,630.00","3,633.60","3,645.23","1,70,690","62,22,03,897.30","22,925","1,18,369","69.35"
"DMART","EQ","25-Sep-2023","3,689.10","3,700.00","3,702.95","3,656.20","3,664.85","3,664.10","3,677.01","1,12,473","41,35,64,328.75","22,528","66,599","59.21"
"DMART","EQ","22-Sep-2023","3,686.95","3,687.00","3,717.55","3,653.95","3,697.25","3,689.10","3,677.74","1,48,096","54,46,58,703.70","16,179","85,357","57.64"
"DMART","EQ","21-Sep-2023","3,729.40","3,747.00","3,775.00","3,679.00","3,690.00","3,686.95","3,712.35","1,91,005","70,90,78,293.20","25,201","98,843","51.75"
"DMART","EQ","20-Sep-2023","3,797.90","3,789.95","3,789.95","3,715.50","3,738.00","3,729.40","3,746.98","1,82,671","68,44,65,282.10","23,954","1,05,656","57.84"
"DMART","EQ","18-Sep-2023","3,796.00","3,795.80","3,810.00","3,771.25","3,797.05","3,797.90","3,792.75","1,14,208","43,31,62,054.00","16,384","55,900","48.95"
"DMART","EQ","15-Sep-2023","3,808.05","3,819.85","3,820.00","3,770.00","3,785.00","3,796.00","3,798.08","2,52,016","95,71,77,152.70","24,351","1,66,186","65.94"
"DMART","EQ","14-Sep-2023","3,813.70","3,845.00","3,850.00","3,775.00","3,801.00","3,808.05","3,802.35","2,81,679","1,07,10,41,338.85","24,154","1,55,018","55.03"
"DMART","EQ","13-Sep-2023","3,753.25","3,760.95","3,823.95","3,731.20","3,792.00","3,813.70","3,792.22","2,82,452","1,07,11,20,332.05","29,425","1,31,041","46.39"
"DMART","EQ","12-Sep-2023","3,810.75","3,836.00","3,847.00","3,740.05","3,752.10","3,753.25","3,773.36","2,89,753","1,09,33,43,618.65","28,074","1,67,345","57.75"
"DMART","EQ","11-Sep-2023","3,782.40","3,791.70","3,815.00","3,772.40","3,809.00","3,810.75","3,801.97","1,70,276","64,73,83,646.15","21,250","96,381","56.60"
"DMART","EQ","08-Sep-2023","3,785.10","3,820.00","3,825.00","3,776.00","3,783.05","3,782.40","3,791.06","1,55,200","58,83,71,758.55","18,327","85,741","55.25"
"DMART","EQ","07-Sep-2023","3,796.80","3,815.00","3,856.80","3,770.00","3,780.00","3,785.10","3,813.26","4,43,562","1,69,14,15,288.95","55,489","2,37,600","53.57"
"DMART","EQ","06-Sep-2023","3,776.90","3,777.00","3,810.20","3,760.50","3,790.00","3,796.80","3,791.75","2,24,923","85,28,52,432.15","34,873","1,18,288","52.59"
"DMART","EQ","05-Sep-2023","3,755.75","3,759.95","3,794.95","3,727.70","3,775.00","3,776.90","3,755.60","2,32,853","87,45,02,698.60","21,824","1,43,733","61.73"
"DMART","EQ","04-Sep-2023","3,761.05","3,771.95","3,781.95","3,739.10","3,750.00","3,755.75","3,756.79","1,45,378","54,61,54,234.55","21,520","69,065","47.51"
"DMART","EQ","01-Sep-2023","3,720.40","3,730.00","3,765.00","3,716.00","3,759.80","3,761.05","3,742.47","3,61,003","1,35,10,42,578.25","34,195","2,47,260","68.49"
"DMART","EQ","31-Aug-2023","3,736.30","3,736.30","3,750.00","3,680.10","3,715.00","3,720.40","3,722.28","6,72,799","2,50,43,48,191.70","53,495","4,15,099","61.70"
"DMART","EQ","30-Aug-2023","3,664.35","3,693.95","3,742.75","3,684.55","3,733.80","3,736.30","3,722.93","4,40,057","1,63,83,01,370.60","44,835","2,40,011","54.54"
"DMART","EQ","29-Aug-2023","3,592.90","3,632.00","3,675.00","3,615.00","3,666.00","3,664.35","3,641.54","6,15,528","2,24,14,72,641.40","36,993","3,54,636","57.61"
"DMART","EQ","28-Aug-2023","3,534.60","3,533.00","3,635.95","3,533.00","3,591.50","3,592.90","3,599.47","6,19,104","2,22,84,47,037.95","44,901","4,13,006","66.71"
"DMART","EQ","25-Aug-2023","3,561.50","3,554.00","3,573.65","3,530.05","3,533.00","3,534.60","3,551.63","2,54,513","90,39,36,852.50","21,900","1,93,064","75.86"
"DMART","EQ","24-Aug-2023","3,539.30","3,550.00","3,569.95","3,545.00","3,567.00","3,561.50","3,560.63","3,52,847","1,25,63,58,753.80","21,112","2,97,441","84.30"
"DMART","EQ","23-Aug-2023","3,568.90","3,582.00","3,582.00","3,531.50","3,544.00","3,539.30","3,545.40","3,41,109","1,20,93,69,544.95","38,098","2,42,243","71.02"
"DMART","EQ","22-Aug-2023","3,547.70","3,550.00","3,582.95","3,530.55","3,571.60","3,568.90","3,563.44","2,58,022","91,94,45,083.80","21,860","1,68,960","65.48"
"DMART","EQ","21-Aug-2023","3,540.95","3,540.00","3,565.00","3,522.00","3,549.00","3,547.70","3,546.92","3,19,920","1,13,47,30,737.05","23,824","2,40,284","75.11"
"DMART","EQ","18-Aug-2023","3,507.65","3,510.00","3,594.15","3,501.00","3,532.00","3,540.95","3,556.43","5,70,307","2,02,82,59,450.35","47,899","3,49,188","61.23"
"DMART","EQ","17-Aug-2023","3,499.35","3,509.25","3,552.00","3,500.00","3,510.00","3,507.65","3,511.36","8,05,813","2,82,94,99,061.95","33,806","6,74,811","83.74"
"DMART","EQ","16-Aug-2023","3,509.30","3,527.95","3,527.95","3,491.25","3,500.00","3,499.35","3,505.61","3,21,024","1,12,53,85,661.45","38,391","2,42,100","75.41"
"DMART","EQ","14-Aug-2023","3,550.05","3,567.95","3,567.95","3,500.00","3,515.00","3,509.30","3,521.20","2,44,504","86,09,47,348.25","42,942","1,57,508","64.42"
"DMART","EQ","11-Aug-2023","3,598.20","3,600.00","3,607.85","3,545.00","3,552.90","3,550.05","3,560.56","7,40,365","2,63,61,16,725.00","58,286","6,07,022","81.99"
"DMART","EQ","10-Aug-2023","3,628.75","3,633.95","3,644.95","3,587.00","3,605.00","3,598.20","3,613.63","3,81,556","1,37,88,01,757.20","42,432","3,05,601","80.09"
"DMART","EQ","09-Aug-2023","3,648.45","3,648.45","3,659.95","3,615.35","3,630.00","3,628.75","3,631.75","2,57,378","93,47,32,504.55","26,633","1,88,663","73.30"
"DMART","EQ","08-Aug-2023","3,640.35","3,660.00","3,686.70","3,635.00","3,643.00","3,648.45","3,662.25","2,69,119","98,55,79,751.35","28,911","1,83,724","68.27"
"DMART","EQ","07-Aug-2023","3,652.10","3,661.90","3,671.25","3,630.05","3,639.90","3,640.35","3,643.06","3,40,841","1,24,17,03,505.65","22,268","2,55,947","75.09"
"DMART","EQ","04-Aug-2023","3,699.90","3,699.90","3,700.00","3,640.00","3,656.90","3,652.10","3,663.77","4,82,851","1,76,90,56,849.00","45,170","3,47,244","71.92"
"DMART","EQ","03-Aug-2023","3,713.40","3,713.40","3,725.00","3,675.00","3,703.00","3,699.90","3,699.72","1,68,745","62,43,09,063.20","25,975","1,06,995","63.41"
"DMART","EQ","02-Aug-2023","3,740.30","3,750.00","3,779.90","3,690.05","3,705.20","3,713.40","3,723.87","2,06,748","76,99,03,691.50","26,349","1,02,048","49.36"
"DMART","EQ","01-Aug-2023","3,752.80","3,758.95","3,768.15","3,716.20","3,744.00","3,740.30","3,740.29","2,12,462","79,46,70,334.40","25,750","1,43,723","67.65"
"DMART","EQ","31-Jul-2023","3,713.90","3,713.05","3,764.00","3,703.00","3,752.00","3,752.80","3,748.05","2,76,799","1,03,74,57,046.60","31,515","1,56,287","56.46"
"DMART","EQ","28-Jul-2023","3,693.35","3,704.00","3,729.00","3,674.05","3,718.65","3,713.90","3,696.07","2,19,187","81,01,30,773.05","23,482","1,28,980","58.84"
"DMART","EQ","27-Jul-2023","3,712.65","3,717.80","3,732.15","3,661.05","3,702.00","3,693.35","3,700.28","2,86,460","1,05,99,82,256.95","27,972","1,80,616","63.05"
"DMART","EQ","26-Jul-2023","3,677.05","3,691.55","3,718.40","3,672.05","3,712.50","3,712.65","3,698.56","1,82,427","67,47,16,479.00","18,532","1,07,755","59.07"
"DMART","EQ","25-Jul-2023","3,668.20","3,668.05","3,701.75","3,660.05","3,672.00","3,677.05","3,680.38","2,37,637","87,45,95,347.25","26,028","1,31,123","55.18"
"DMART","EQ","24-Jul-2023","3,675.70","3,676.00","3,680.00","3,642.05","3,670.85","3,668.20","3,659.11","1,97,861","72,39,95,928.00","19,309","1,13,853","57.54"
"DMART","EQ","21-Jul-2023","3,678.80","3,653.00","3,692.00","3,643.60","3,680.00","3,675.70","3,673.18","3,69,923","1,35,87,94,303.70","27,565","2,51,276","67.93"
"DMART","EQ","20-Jul-2023","3,705.85","3,705.85","3,713.35","3,668.05","3,680.00","3,678.80","3,680.75","5,03,722","1,85,40,73,976.35","49,860","3,64,695","72.40"
"DMART","EQ","19-Jul-2023","3,676.50","3,689.95","3,720.00","3,678.55","3,710.00","3,705.85","3,702.42","2,77,417","1,02,71,14,756.85","33,703","1,20,509","43.44"
"DMART","EQ","18-Jul-2023","3,713.55","3,700.00","3,711.95","3,672.00","3,677.00","3,676.50","3,690.12","4,99,878","1,84,46,09,052.50","51,780","3,12,288","62.47"
"DMART","EQ","17-Jul-2023","3,838.75","3,796.85","3,823.35","3,700.00","3,705.00","3,713.55","3,754.89","10,45,261","3,92,48,39,586.60","98,332","5,19,607","49.71"
"DMART","EQ","14-Jul-2023","3,821.65","3,840.80","3,881.85","3,782.00","3,840.00","3,838.75","3,818.18","3,69,703","1,41,15,92,990.95","32,789","2,19,215","59.29"
"DMART","EQ","13-Jul-2023","3,806.35","3,823.00","3,828.00","3,795.00","3,820.00","3,821.65","3,808.75","2,50,708","95,48,85,115.00","21,929","1,74,767","69.71"
"DMART","EQ","12-Jul-2023","3,827.10","3,847.10","3,850.00","3,790.00","3,800.00","3,806.35","3,808.85","3,62,068","1,37,90,63,251.15","30,036","2,40,053","66.30"
"DMART","EQ","11-Jul-2023","3,767.70","3,786.95","3,838.00","3,772.05","3,833.00","3,827.10","3,821.94","1,75,289","66,99,44,363.45","25,081","79,766","45.51"
"DMART","EQ","10-Jul-2023","3,808.95","3,810.00","3,834.25","3,757.00","3,765.00","3,767.70","3,786.43","1,80,959","68,51,89,070.60","27,819","88,343","48.82"
"DMART","EQ","07-Jul-2023","3,815.90","3,818.00","3,844.00","3,800.00","3,820.00","3,808.95","3,823.27","2,06,827","79,07,55,705.15","28,579","86,200","41.68"
"DMART","EQ","06-Jul-2023","3,820.10","3,844.00","3,850.00","3,810.00","3,817.90","3,815.90","3,826.03","2,47,801","94,80,94,880.65","27,247","1,41,230","56.99"
"DMART","EQ","05-Jul-2023","3,857.20","3,880.00","3,897.00","3,801.20","3,829.00","3,820.10","3,837.66","3,11,494","1,19,54,07,365.50","40,075","1,54,664","49.65"
"DMART","EQ","04-Jul-2023","3,868.60","3,929.95","3,929.95","3,844.25","3,860.00","3,857.20","3,882.34","5,54,478","2,15,26,69,821.50","55,574","2,07,521","37.43"
"DMART","EQ","03-Jul-2023","3,889.20","3,889.20","3,948.00","3,843.00","3,856.00","3,868.60","3,883.89","3,71,884","1,44,43,56,586.00","47,006","1,53,128","41.18"
"DMART","EQ","30-Jun-2023","3,963.60","3,965.00","3,966.00","3,880.00","3,895.00","3,889.20","3,908.88","4,01,857","1,57,08,11,732.05","44,142","2,02,357","50.36"
"DMART","EQ","28-Jun-2023","3,872.10","3,865.00","3,988.00","3,852.05","3,984.00","3,963.60","3,933.06","4,78,728","1,88,28,65,147.15","42,330","2,61,130","54.55"
"DMART","EQ","27-Jun-2023","3,848.25","3,849.00","3,919.95","3,841.00","3,853.95","3,872.10","3,880.00","4,99,702","1,93,88,42,183.65","36,147","2,43,282","48.69"
"DMART","EQ","26-Jun-2023","3,744.05","3,744.05","3,879.00","3,744.05","3,872.00","3,848.25","3,821.59","3,44,384","1,31,60,95,312.90","39,101","1,14,050","33.12"
"DMART","EQ","23-Jun-2023","3,812.15","3,823.95","3,845.00","3,731.90","3,750.00","3,744.05","3,767.25","2,78,868","1,05,05,65,959.10","40,052","1,03,575","37.14"
"DMART","EQ","22-Jun-2023","3,919.50","3,935.00","3,940.00","3,800.00","3,815.00","3,812.15","3,851.06","3,11,631","1,20,01,10,553.05","38,856","1,35,523","43.49"
"DMART","EQ","21-Jun-2023","3,986.90","3,987.00","4,028.85","3,898.05","3,914.40","3,919.50","3,950.76","3,10,779","1,22,78,12,734.05","36,237","1,17,363","37.76"
"DMART","EQ","20-Jun-2023","3,975.70","3,985.00","4,045.00","3,910.00","3,986.70","3,986.90","3,988.91","5,31,748","2,12,10,93,185.55","55,801","1,38,048","25.96"
"DMART","EQ","19-Jun-2023","4,085.60","4,086.00","4,150.00","3,956.25","3,991.90","3,975.70","4,010.19","7,03,098","2,81,95,57,111.80","77,166","2,66,221","37.86"
"DMART","EQ","16-Jun-2023","3,917.70","3,952.00","4,144.00","3,951.50","4,084.00","4,085.60","4,067.03","21,13,207","8,59,44,82,153.40","1,70,577","6,77,990","32.08"
"DMART","EQ","15-Jun-2023","3,704.85","3,745.00","3,960.00","3,723.25","3,946.00","3,917.70","3,848.59","11,59,134","4,46,10,31,885.15","96,977","4,43,651","38.27"
"DMART","EQ","14-Jun-2023","3,677.90","3,693.75","3,740.00","3,662.00","3,709.00","3,704.85","3,710.19","3,76,196","1,39,57,59,230.90","52,168","2,13,236","56.68"
"DMART","EQ","13-Jun-2023","3,629.40","3,644.00","3,703.45","3,630.00","3,670.00","3,677.90","3,676.69","3,53,631","1,30,01,93,195.20","33,962","1,75,352","49.59"
"DMART","EQ","12-Jun-2023","3,632.10","3,646.95","3,646.95","3,584.05","3,638.00","3,629.40","3,618.81","2,47,071","89,41,03,511.50","34,488","1,16,108","46.99"
"DMART","EQ","09-Jun-2023","3,546.80","3,586.00","3,648.00","3,568.55","3,635.00","3,632.10","3,617.37","6,61,360","2,39,23,85,462.90","63,985","3,14,671","47.58"
"DMART","EQ","08-Jun-2023","3,544.05","3,554.80","3,572.70","3,535.00","3,545.00","3,546.80","3,556.70","1,85,099","65,83,42,066.95","25,284","1,08,992","58.88"
"DMART","EQ","07-Jun-2023","3,527.75","3,536.00","3,550.00","3,516.05","3,548.50","3,544.05","3,540.59","2,28,651","80,95,60,532.20","22,590","1,64,078","71.76"
"DMART","EQ","06-Jun-2023","3,536.85","3,536.00","3,565.00","3,495.05","3,536.00","3,527.75","3,533.24","1,79,039","63,25,87,779.60","25,945","1,10,870","61.93"
"DMART","EQ","05-Jun-2023","3,531.60","3,550.00","3,555.00","3,521.70","3,539.00","3,536.85","3,541.49","1,82,062","64,47,71,412.95","19,759","1,15,132","63.24"
"DMART","EQ","02-Jun-2023","3,500.90","3,510.00","3,555.00","3,506.10","3,520.00","3,531.60","3,533.34","3,96,067","1,39,94,39,562.20","37,674","2,55,654","64.55"
"DMART","EQ","01-Jun-2023","3,471.25","3,480.00","3,527.00","3,473.00","3,501.00","3,500.90","3,509.43","1,89,632","66,54,99,662.95","28,344","1,11,390","58.74"
"DMART","EQ","31-May-2023","3,507.50","3,519.90","3,522.35","3,437.35","3,454.00","3,471.25","3,476.43","9,17,960","3,19,12,26,380.70","71,009","6,81,526","74.24"
"DMART","EQ","30-May-2023","3,503.30","3,517.95","3,530.00","3,496.85","3,510.00","3,507.50","3,506.52","2,94,224","1,03,17,01,689.90","35,937","2,08,889","71.00"
"DMART","EQ","29-May-2023","3,501.75","3,540.00","3,545.00","3,482.25","3,502.05","3,503.30","3,500.73","2,28,840","80,11,06,384.50","31,272","1,34,083","58.59"
"DMART","EQ","26-May-2023","3,435.35","3,448.90","3,512.00","3,442.10","3,494.00","3,501.75","3,483.34","2,77,113","96,52,79,227.25","25,815","1,64,627","59.41"
"DMART","EQ","25-May-2023","3,429.55","3,430.00","3,450.75","3,429.00","3,438.00","3,435.35","3,436.00","1,53,240","52,65,32,466.95","17,267","93,675","61.13"
"DMART","EQ","24-May-2023","3,432.95","3,432.00","3,439.90","3,406.20","3,434.00","3,429.55","3,425.62","1,48,601","50,90,50,984.70","19,963","1,03,035","69.34"
"DMART","EQ","23-May-2023","3,425.10","3,425.50","3,445.00","3,420.60","3,434.65","3,432.95","3,432.23","1,68,585","57,86,21,998.65","26,744","1,14,331","67.82"
"DMART","EQ","22-May-2023","3,395.25","3,400.00","3,438.75","3,382.15","3,424.00","3,425.10","3,418.60","2,21,481","75,71,56,029.65","34,221","1,29,923","58.66"
"DMART","EQ","19-May-2023","3,368.55","3,390.00","3,434.00","3,375.60","3,399.85","3,395.25","3,408.24","2,65,437","90,46,72,105.30","32,914","1,40,076","52.77"
"DMART","EQ","18-May-2023","3,400.20","3,420.05","3,451.10","3,352.00","3,375.00","3,368.55","3,406.49","2,89,248","98,53,19,011.75","38,986","1,65,518","57.22"
"DMART","EQ","17-May-2023","3,479.25","3,491.70","3,498.50","3,394.00","3,403.00","3,400.20","3,422.87","5,60,388","1,91,81,34,627.20","64,044","3,74,256","66.79"
"DMART","EQ","16-May-2023","3,523.40","3,535.40","3,557.05","3,475.00","3,480.05","3,479.25","3,492.70","5,36,281","1,87,30,67,990.65","72,662","3,34,489","62.37"
"DMART","EQ","15-May-2023","3,677.55","3,550.00","3,589.00","3,506.60","3,523.00","3,523.40","3,543.02","9,43,990","3,34,45,75,202.20","95,414","5,35,576","56.74"
"DMART","EQ","12-May-2023","3,704.65","3,715.00","3,717.00","3,641.00","3,675.00","3,677.55","3,675.30","2,53,518","93,17,55,015.25","37,279","1,25,930","49.67"
"DMART","EQ","11-May-2023","3,672.30","3,673.30","3,730.10","3,665.00","3,703.00","3,704.65","3,702.50","1,78,603","66,12,77,459.80","20,997","86,030","48.17"
"DMART","EQ","10-May-2023","3,659.70","3,660.00","3,693.65","3,622.65","3,679.50","3,672.30","3,662.80","1,81,718","66,55,97,258.10","27,270","92,398","50.85"
"DMART","EQ","09-May-2023","3,677.85","3,721.00","3,750.00","3,640.20","3,652.40","3,659.70","3,686.60","3,85,755","1,42,21,26,040.65","45,825","1,63,439","42.37"
"DMART","EQ","08-May-2023","3,598.20","3,615.10","3,690.00","3,610.00","3,686.00","3,677.85","3,659.94","3,13,499","1,14,73,88,371.90","33,333","1,86,769","59.58"
"DMART","EQ","05-May-2023","3,584.50","3,560.05","3,605.00","3,556.35","3,594.00","3,598.20","3,591.77","1,83,726","65,99,00,927.50","28,491","1,02,554","55.82"
"DMART","EQ","04-May-2023","3,554.00","3,550.00","3,589.00","3,533.00","3,580.00","3,584.50","3,575.40","1,48,562","53,11,69,288.75","22,059","68,372","46.02"
"DMART","EQ","03-May-2023","3,545.90","3,540.00","3,584.80","3,516.05","3,550.00","3,554.00","3,560.44","1,95,083","69,45,80,805.70","23,486","82,553","42.32"
"DMART","EQ","02-May-2023","3,511.95","3,515.00","3,552.75","3,504.65","3,549.00","3,545.90","3,537.29","2,37,127","83,87,86,856.55","28,501","1,31,676","55.53"
"DMART","EQ","28-Apr-2023","3,500.80","3,500.80","3,522.00","3,480.00","3,514.00","3,511.95","3,501.70","2,24,156","78,49,27,747.50","18,239","1,44,525","64.48"
"DMART","EQ","27-Apr-2023","3,461.60","3,460.10","3,509.95","3,449.20","3,504.95","3,500.80","3,478.16","2,35,408","81,87,86,381.30","24,088","1,64,855","70.03"
"DMART","EQ","26-Apr-2023","3,465.85","3,465.85","3,476.15","3,447.00","3,460.00","3,461.60","3,458.27","3,00,045","1,03,76,36,485.40","30,386","2,34,675","78.21"
"DMART","EQ","25-Apr-2023","3,467.20","3,469.05","3,479.00","3,443.05","3,474.90","3,465.85","3,456.86","1,79,508","62,05,33,550.30","38,411","1,08,008","60.17"
"DMART","EQ","24-Apr-2023","3,455.90","3,469.80","3,474.00","3,445.00","3,472.10","3,467.20","3,456.74","95,563","33,03,36,170.25","16,608","49,572","51.87"
"DMART","EQ","21-Apr-2023","3,482.20","3,482.10","3,482.20","3,440.00","3,459.90","3,455.90","3,454.13","1,91,220","66,04,99,322.60","23,943","1,17,312","61.35"
"DMART","EQ","20-Apr-2023","3,476.20","3,489.20","3,492.00","3,455.00","3,480.00","3,482.20","3,473.32","1,37,578","47,78,52,269.05","16,473","87,831","63.84"
"DMART","EQ","19-Apr-2023","3,506.80","3,506.75","3,528.00","3,470.00","3,478.75","3,476.20","3,481.32","1,57,606","54,86,77,351.05","26,636","74,840","47.49"
"DMART","EQ","18-Apr-2023","3,497.10","3,501.95","3,565.00","3,461.00","3,501.00","3,506.80","3,504.16","3,04,634","1,06,74,86,672.50","38,861","1,10,606","36.31"
"DMART","EQ","17-Apr-2023","3,501.05","3,500.00","3,530.00","3,446.00","3,506.00","3,497.10","3,488.84","2,39,351","83,50,57,016.70","40,295","1,15,466","48.24"
"DMART","EQ","13-Apr-2023","3,473.10","3,480.00","3,518.95","3,470.05","3,497.00","3,501.05","3,490.86","1,59,631","55,72,49,536.95","19,490","85,012","53.26"
"DMART","EQ","12-Apr-2023","3,454.20","3,467.00","3,498.00","3,458.00","3,479.00","3,473.10","3,475.23","2,14,203","74,44,04,236.15","26,839","1,12,602","52.57"
"DMART","EQ","11-Apr-2023","3,450.70","3,465.00","3,499.00","3,446.00","3,455.00","3,454.20","3,467.63","1,93,991","67,26,89,851.60","25,501","75,855","39.10"
"DMART","EQ","10-Apr-2023","3,496.10","3,504.00","3,533.95","3,437.80","3,447.00","3,450.70","3,473.10","2,42,779","84,31,95,226.05","30,679","95,119","39.18"
"DMART","EQ","06-Apr-2023","3,654.85","3,644.85","3,644.85","3,480.10","3,488.00","3,496.10","3,524.22","8,86,236","3,12,32,87,056.85","83,386","3,75,130","42.33"
"DMART","EQ","05-Apr-2023","3,553.75","3,571.95","3,666.70","3,565.05","3,656.00","3,654.85","3,636.58","4,81,018","1,74,92,60,966.15","50,133","1,76,717","36.74"
"DMART","EQ","03-Apr-2023","3,401.05","3,413.05","3,580.00","3,413.05","3,570.00","3,553.75","3,505.66","4,29,164","1,50,45,02,927.90","52,640","1,44,629","33.70"
"DMART","EQ","31-Mar-2023","3,325.45","3,325.00","3,415.00","3,325.00","3,411.00","3,401.05","3,393.61","2,86,361","97,17,98,241.90","27,004","1,87,940","65.63"
"DMART","EQ","29-Mar-2023","3,316.45","3,320.00","3,385.00","3,315.00","3,326.00","3,325.45","3,343.94","2,76,925","92,60,21,195.20","33,573","1,43,942","51.98"
"DMART","EQ","28-Mar-2023","3,306.80","3,308.00","3,355.00","3,300.00","3,320.00","3,316.45","3,323.64","1,55,615","51,72,08,620.55","24,837","73,175","47.02"
"DMART","EQ","27-Mar-2023","3,358.40","3,367.00","3,369.00","3,300.30","3,312.00","3,306.80","3,326.84","2,11,474","70,35,40,682.55","23,477","1,50,801","71.31"
"DMART","EQ","24-Mar-2023","3,373.50","3,372.00","3,386.05","3,350.05","3,362.00","3,358.40","3,359.98","1,78,783","60,07,07,613.15","29,810","1,23,431","69.04"
"DMART","EQ","23-Mar-2023","3,361.40","3,361.35","3,393.80","3,342.10","3,365.00","3,373.50","3,362.81","1,91,330","64,34,06,436.60","27,285","1,15,147","60.18"
"DMART","EQ","22-Mar-2023","3,357.60","3,365.00","3,415.00","3,355.00","3,360.65","3,361.40","3,374.45","2,26,672","76,48,92,860.00","41,725","1,41,064","62.23"
"DMART","EQ","21-Mar-2023","3,366.10","3,371.90","3,374.05","3,326.15","3,362.00","3,357.60","3,356.88","2,23,590","75,05,63,902.25","29,702","1,44,563","64.66"
"DMART","EQ","20-Mar-2023","3,311.30","3,295.00","3,377.55","3,295.00","3,353.00","3,366.10","3,327.71","2,40,057","79,88,39,533.75","33,429","1,19,295","49.69"
"DMART","EQ","17-Mar-2023","3,382.15","3,398.00","3,399.00","3,300.00","3,345.00","3,311.30","3,322.90","5,62,867","1,87,03,50,841.20","53,860","3,89,266","69.16"
"DMART","EQ","16-Mar-2023","3,337.25","3,337.25","3,455.15","3,292.00","3,384.00","3,382.15","3,377.82","3,53,906","1,19,54,31,708.55","51,986","1,52,843","43.19"
"DMART","EQ","15-Mar-2023","3,350.95","3,350.00","3,363.15","3,330.00","3,339.35","3,337.25","3,340.16","2,31,760","77,41,15,797.10","46,698","1,69,422","73.10"
"DMART","EQ","14-Mar-2023","3,351.75","3,350.00","3,367.70","3,303.30","3,355.00","3,350.95","3,347.62","2,68,245","89,79,81,792.70","40,306","1,84,285","68.70"
"DMART","EQ","13-Mar-2023","3,391.85","3,391.85","3,415.00","3,348.10","3,359.00","3,351.75","3,366.83","1,95,345","65,76,92,513.75","34,755","1,22,454","62.69"
"DMART","EQ","10-Mar-2023","3,397.85","3,390.00","3,415.70","3,380.05","3,405.00","3,391.85","3,391.38","2,65,311","89,97,69,178.95","41,995","1,81,233","68.31"
"DMART","EQ","09-Mar-2023","3,389.70","3,393.00","3,413.30","3,385.00","3,402.90","3,397.85","3,399.16","3,89,606","1,32,43,34,635.05","30,943","2,99,110","76.77"
"DMART","EQ","08-Mar-2023","3,437.15","3,439.75","3,453.00","3,380.50","3,390.00","3,389.70","3,405.19","3,55,089","1,20,91,43,998.95","50,975","2,16,969","61.10"
"DMART","EQ","06-Mar-2023","3,463.25","3,480.60","3,482.90","3,423.20","3,451.00","3,437.15","3,451.25","1,89,782","65,49,85,201.70","39,726","1,09,387","57.64"
"DMART","EQ","03-Mar-2023","3,443.20","3,460.45","3,474.00","3,420.40","3,461.00","3,463.25","3,445.90","2,64,633","91,18,97,834.45","34,807","1,66,778","63.02"
"DMART","EQ","02-Mar-2023","3,439.35","3,447.00","3,450.00","3,425.50","3,444.00","3,443.20","3,433.31","1,91,133","65,62,18,559.40","23,414","1,44,467","75.58"
"DMART","EQ","01-Mar-2023","3,416.95","3,441.40","3,474.00","3,431.05","3,445.00","3,439.35","3,449.92","1,45,318","50,13,35,780.75","20,002","73,065","50.28"
"DMART","EQ","28-Feb-2023","3,491.30","3,490.20","3,508.00","3,373.00","3,438.00","3,416.95","3,441.60","3,28,221","1,12,96,04,593.70","47,256","1,87,276","57.06"
"DMART","EQ","27-Feb-2023","3,499.20","3,485.05","3,499.90","3,441.00","3,486.50","3,491.30","3,472.28","1,32,235","45,91,57,273.25","26,687","68,738","51.98"
"DMART","EQ","24-Feb-2023","3,478.75","3,496.15","3,514.40","3,468.00","3,499.00","3,499.20","3,491.75","1,13,844","39,75,15,123.15","13,596","66,749","58.63"
"DMART","EQ","23-Feb-2023","3,500.15","3,503.90","3,515.00","3,437.00","3,480.00","3,478.75","3,482.14","2,37,976","82,86,64,675.15","26,788","1,29,283","54.33"
"DMART","EQ","22-Feb-2023","3,525.60","3,502.00","3,521.85","3,486.60","3,505.00","3,500.15","3,501.53","1,17,550","41,16,05,026.00","13,876","70,734","60.17"
"DMART","EQ","21-Feb-2023","3,552.85","3,570.00","3,570.00","3,516.25","3,524.50","3,525.60","3,529.22","3,02,260","1,06,67,40,787.65","24,661","2,37,738","78.65"
"DMART","EQ","20-Feb-2023","3,545.00","3,545.95","3,574.75","3,540.05","3,551.00","3,552.85","3,558.47","1,91,038","67,98,02,824.50","15,442","1,35,954","71.17"
"DMART","EQ","17-Feb-2023","3,541.70","3,530.00","3,567.70","3,515.00","3,551.00","3,545.00","3,542.71","2,02,556","71,75,96,262.40","16,310","1,56,148","77.09"
"DMART","EQ","16-Feb-2023","3,545.60","3,546.00","3,567.95","3,535.00","3,542.95","3,541.70","3,548.95","3,15,147","1,11,84,40,033.20","35,632","2,32,683","73.83"
"DMART","EQ","15-Feb-2023","3,482.70","3,480.00","3,568.65","3,464.30","3,559.00","3,545.60","3,513.96","2,11,636","74,36,79,751.55","21,130","1,29,613","61.24"
"DMART","EQ","14-Feb-2023","3,495.20","3,509.00","3,512.00","3,472.00","3,483.00","3,482.70","3,484.73","4,96,970","1,73,18,04,792.25","28,431","4,32,240","86.98"
"DMART","EQ","13-Feb-2023","3,498.85","3,502.00","3,510.00","3,483.00","3,495.00","3,495.20","3,496.45","2,52,484","88,27,96,567.90","33,068","1,69,191","67.01"
"DMART","EQ","10-Feb-2023","3,482.05","3,499.50","3,544.25","3,490.60","3,498.00","3,498.85","3,508.00","3,93,156","1,37,91,92,947.25","27,866","2,65,987","67.65"
"DMART","EQ","09-Feb-2023","3,458.60","3,469.65","3,544.15","3,465.15","3,494.95","3,482.05","3,503.29","3,72,567","1,30,52,10,146.55","34,711","1,60,793","43.16"
"DMART","EQ","08-Feb-2023","3,440.90","3,449.00","3,510.00","3,446.05","3,462.00","3,458.60","3,473.37","2,17,382","75,50,48,148.35","25,602","1,13,980","52.43"
"DMART","EQ","07-Feb-2023","3,441.50","3,471.50","3,475.00","3,438.95","3,444.90","3,440.90","3,448.25","3,69,288","1,27,33,96,759.80","28,932","2,40,851","65.22"
"DMART","EQ","06-Feb-2023","3,470.35","3,476.50","3,488.40","3,432.00","3,448.00","3,441.50","3,444.08","3,14,363","1,08,26,92,840.60","39,134","2,11,933","67.42"
"DMART","EQ","03-Feb-2023","3,502.90","3,517.65","3,522.90","3,465.00","3,469.50","3,470.35","3,487.28","3,22,648","1,12,51,64,408.70","40,207","2,06,018","63.85"
"DMART","EQ","02-Feb-2023","3,551.35","3,547.00","3,577.80","3,485.00","3,506.00","3,502.90","3,513.96","2,22,692","78,25,31,855.20","30,657","1,10,257","49.51"
"DMART","EQ","01-Feb-2023","3,502.30","3,558.00","3,580.00","3,469.70","3,549.00","3,551.35","3,544.80","3,61,698","1,28,21,45,275.85","41,015","1,98,517","54.88"
"DMART","EQ","31-Jan-2023","3,546.30","3,555.05","3,582.15","3,492.65","3,510.70","3,502.30","3,516.19","5,37,429","1,88,97,03,039.30","40,315","4,06,388","75.62"
"DMART","EQ","30-Jan-2023","3,562.35","3,574.90","3,575.00","3,486.05","3,540.00","3,546.30","3,531.45","2,72,767","96,32,62,355.50","36,893","1,39,135","51.01"
"DMART","EQ","27-Jan-2023","3,515.10","3,532.70","3,584.00","3,518.50","3,575.00","3,562.35","3,550.96","3,08,090","1,09,40,16,386.00","31,879","1,75,620","57.00"
"DMART","EQ","25-Jan-2023","3,513.50","3,531.10","3,554.50","3,507.30","3,540.00","3,515.10","3,528.25","4,74,769","1,67,51,03,899.80","26,131","3,04,451","64.13"
"DMART","EQ","24-Jan-2023","3,434.00","3,450.00","3,578.00","3,441.00","3,538.00","3,513.50","3,522.30","7,68,031","2,70,52,34,947.00","56,077","3,34,933","43.61"
"DMART","EQ","23-Jan-2023","3,513.75","3,525.00","3,529.75","3,425.00","3,439.00","3,434.00","3,449.68","8,92,606","3,07,92,06,674.25","1,18,316","6,06,648","67.96"
"DMART","EQ","20-Jan-2023","3,565.10","3,571.95","3,580.00","3,510.00","3,518.90","3,513.75","3,528.26","5,22,635","1,84,39,92,408.60","71,779","3,51,073","67.17"
"DMART","EQ","19-Jan-2023","3,648.60","3,647.00","3,647.80","3,560.00","3,563.00","3,565.10","3,587.14","5,83,389","2,09,26,98,525.20","77,387","3,67,552","63.00"
"DMART","EQ","18-Jan-2023","3,689.80","3,708.25","3,720.00","3,641.50","3,645.50","3,648.60","3,676.12","4,07,988","1,49,98,11,716.95","56,845","2,31,685","56.79"
"DMART","EQ","17-Jan-2023","3,678.35","3,681.05","3,733.85","3,675.00","3,682.00","3,689.80","3,699.56","4,63,947","1,71,64,00,383.35","53,814","1,96,528","42.36"
"DMART","EQ","16-Jan-2023","3,863.70","3,690.00","3,748.00","3,645.20","3,680.25","3,678.35","3,683.27","18,09,273","6,66,40,37,077.85","1,82,092","6,81,391","37.66"
"DMART","EQ","13-Jan-2023","3,911.80","3,925.00","3,929.65","3,850.10","3,855.00","3,863.70","3,874.00","2,83,280","1,09,74,27,125.65","40,272","1,84,711","65.20"
"DMART","EQ","12-Jan-2023","3,872.90","3,892.00","3,925.50","3,863.00","3,914.00","3,911.80","3,898.78","2,12,520","82,85,69,215.05","24,458","97,956","46.09"
"DMART","EQ","11-Jan-2023","3,877.40","3,896.00","3,910.00","3,860.00","3,862.00","3,872.90","3,887.38","1,56,403","60,79,97,379.20","26,129","86,066","55.03"
"DMART","EQ","10-Jan-2023","3,879.55","3,898.00","3,919.45","3,861.00","3,880.00","3,877.40","3,881.29","3,57,855","1,38,89,37,635.20","29,904","2,65,532","74.20"
"DMART","EQ","09-Jan-2023","3,842.50","3,905.80","3,915.00","3,855.55","3,880.00","3,879.55","3,887.71","2,80,205","1,08,93,54,805.70","34,828","1,33,081","47.49"
"DMART","EQ","06-Jan-2023","3,857.80","3,870.00","3,930.00","3,835.00","3,845.00","3,842.50","3,867.52","3,45,746","1,33,71,80,729.45","44,751","1,18,424","34.25"
"DMART","EQ","05-Jan-2023","3,924.20","3,955.00","3,964.00","3,845.50","3,868.40","3,857.80","3,878.93","4,83,903","1,87,70,28,242.75","61,715","2,64,008","54.56"
"DMART","EQ","04-Jan-2023","4,060.90","4,049.95","4,049.95","3,916.00","3,931.00","3,924.20","3,968.15","7,40,436","2,93,81,59,218.90","82,103","3,36,792","45.49"
"DMART","EQ","03-Jan-2023","4,072.75","4,072.75","4,099.00","4,044.00","4,064.00","4,060.90","4,075.11","1,14,013","46,46,15,851.10","14,332","47,477","41.64"
"DMART","EQ","02-Jan-2023","4,068.75","4,075.00","4,117.95","4,055.00","4,070.00","4,072.75","4,079.63","1,19,118","48,59,57,395.15","14,245","33,298","27.95"
"DMART","EQ","30-Dec-2022","4,178.30","4,178.00","4,195.00","4,025.15","4,052.00","4,068.75","4,135.27","3,87,431","1,60,21,29,876.10","46,088","1,55,061","40.02"
"DMART","EQ","29-Dec-2022","4,017.75","4,003.15","4,207.95","3,971.80","4,159.70","4,178.30","4,092.24","4,75,188","1,94,45,81,543.15","58,320","2,57,381","54.16"
"DMART","EQ","28-Dec-2022","4,074.60","4,077.95","4,077.95","4,007.40","4,009.20","4,017.75","4,027.10","1,30,503","52,55,48,403.55","18,805","52,387","40.14"
"DMART","EQ","27-Dec-2022","4,036.60","4,060.00","4,094.00","4,005.00","4,075.00","4,074.60","4,052.19","1,68,072","68,10,59,411.25","26,401","58,450","34.78"
"DMART","EQ","26-Dec-2022","3,875.60","3,896.00","4,049.00","3,871.00","4,040.00","4,036.60","3,978.85","2,05,540","81,78,12,253.55","26,775","80,422","39.13"
"DMART","EQ","23-Dec-2022","3,921.55","3,896.55","3,911.75","3,835.00","3,877.00","3,875.60","3,865.81","2,55,257","98,67,75,914.85","39,510","1,18,479","46.42"
"DMART","EQ","22-Dec-2022","3,993.20","4,008.00","4,029.00","3,905.50","3,917.00","3,921.55","3,933.98","2,83,003","1,11,33,27,251.70","37,033","1,22,812","43.40"
"DMART","EQ","21-Dec-2022","4,089.55","4,094.00","4,109.95","3,975.15","4,000.00","3,993.20","4,027.82","2,52,192","1,01,57,83,540.80","33,323","1,13,869","45.15"
"DMART","EQ","20-Dec-2022","4,090.20","4,088.00","4,138.60","4,052.15","4,086.95","4,089.55","4,097.79","2,17,791","89,24,62,284.45","30,021","88,298","40.54"
"DMART","EQ","19-Dec-2022","3,990.00","4,020.00","4,099.90","4,000.00","4,088.00","4,090.20","4,074.48","3,00,724","1,22,52,95,090.20","46,513","1,23,307","41.00"
"DMART","EQ","16-Dec-2022","4,182.00","4,140.65","4,150.50","3,956.00","4,008.00","3,990.00","4,034.42","3,80,722","1,53,59,91,960.15","39,283","1,98,050","52.02"
"DMART","EQ","15-Dec-2022","4,201.10","4,209.00","4,228.95","4,151.00","4,157.95","4,182.00","4,197.73","3,12,108","1,31,01,45,120.10","34,408","1,93,588","62.03"
"DMART","EQ","14-Dec-2022","4,108.95","4,089.10","4,209.85","4,089.10","4,204.00","4,201.10","4,174.47","5,45,140","2,27,56,68,489.15","42,846","3,19,406","58.59"
"DMART","EQ","13-Dec-2022","4,057.35","4,060.00","4,120.00","4,060.00","4,105.00","4,108.95","4,093.39","2,75,766","1,12,88,16,727.70","26,192","1,58,528","57.49"
"DMART","EQ","12-Dec-2022","4,002.40","3,980.00","4,074.00","3,948.00","4,051.15","4,057.35","4,033.19","2,42,444","97,78,21,871.15","31,737","1,31,538","54.26"
"DMART","EQ","09-Dec-2022","4,037.20","4,054.90","4,057.75","3,983.40","3,987.25","4,002.40","4,013.17","2,65,654","1,06,61,13,563.00","35,340","1,87,715","70.66"
"DMART","EQ","08-Dec-2022","4,083.15","4,090.00","4,090.00","4,015.40","4,032.75","4,037.20","4,042.11","1,77,556","71,77,00,469.95","26,318","95,213","53.62"
"DMART","EQ","07-Dec-2022","4,063.40","4,080.00","4,100.00","4,045.15","4,092.00","4,083.15","4,076.88","2,57,217","1,04,86,41,994.20","30,489","1,43,231","55.68"
"DMART","EQ","06-Dec-2022","4,028.15","4,018.00","4,094.00","3,995.00","4,094.00","4,063.40","4,036.94","2,24,614","90,67,53,306.70","37,352","1,19,810","53.34"
"DMART","EQ","05-Dec-2022","4,005.75","4,010.00","4,049.95","3,975.00","4,029.00","4,028.15","4,006.31","2,17,716","87,22,37,804.10","31,136","1,18,631","54.49"
"DMART","EQ","02-Dec-2022","4,044.15","4,049.00","4,055.00","3,992.55","4,006.00","4,005.75","4,019.82","2,22,148","89,29,94,168.40","32,843","1,26,750","57.06"
"DMART","EQ","01-Dec-2022","4,025.50","4,041.00","4,064.00","4,032.10","4,047.00","4,044.15","4,048.13","2,55,279","1,03,34,01,601.40","30,731","1,53,975","60.32"
"DMART","EQ","30-Nov-2022","3,965.10","3,975.00","4,040.00","3,955.00","4,029.00","4,025.50","4,000.20","6,04,666","2,41,87,84,309.55","51,709","4,20,289","69.51"
"DMART","EQ","29-Nov-2022","3,907.70","3,907.00","3,977.55","3,898.00","3,964.00","3,965.10","3,940.68","3,44,369","1,35,70,48,475.05","46,835","1,96,087","56.94"
"DMART","EQ","28-Nov-2022","3,904.45","3,913.40","3,934.00","3,890.00","3,899.00","3,907.70","3,914.68","2,28,975","89,63,62,913.65","30,371","1,40,789","61.49"
"DMART","EQ","25-Nov-2022","3,968.05","3,969.00","3,977.05","3,901.00","3,902.90","3,904.45","3,910.87","2,91,850","1,14,13,87,570.35","41,243","1,67,394","57.36"
"DMART","EQ","24-Nov-2022","3,954.75","3,974.35","3,994.75","3,951.10","3,960.05","3,968.05","3,968.34","1,55,797","61,82,55,956.10","21,264","91,171","58.52"
"DMART","EQ","23-Nov-2022","3,955.20","3,975.00","3,998.60","3,934.25","3,943.40","3,954.75","3,960.54","1,82,631","72,33,17,974.05","27,940","77,649","42.52"
"DMART","EQ","22-Nov-2022","3,882.30","3,884.95","4,026.00","3,883.00","3,950.00","3,955.20","3,961.31","5,04,844","1,99,98,41,143.95","55,951","1,40,125","27.76"
"DMART","EQ","21-Nov-2022","3,910.60","3,923.00","3,936.00","3,871.05","3,883.00","3,882.30","3,890.23","2,04,061","79,38,44,872.65","28,352","1,31,889","64.63"
"DMART","EQ","18-Nov-2022","3,949.20","3,968.90","4,020.00","3,890.05","3,929.70","3,910.60","3,924.92","4,02,297","1,57,89,84,851.70","49,487","2,22,438","55.29"
"DMART","EQ","17-Nov-2022","4,011.70","4,000.00","4,009.95","3,940.00","3,955.00","3,949.20","3,966.27","3,65,371","1,44,91,60,402.65","54,974","2,20,847","60.44"
"DMART","EQ","16-Nov-2022","4,053.80","4,053.80","4,059.95","4,003.15","4,013.50","4,011.70","4,015.30","2,90,474","1,16,63,38,932.25","35,345","1,98,920","68.48"
"DMART","EQ","15-Nov-2022","4,098.35","4,082.00","4,109.80","4,046.00","4,046.50","4,053.80","4,059.70","4,96,893","2,01,72,34,976.55","47,751","3,92,297","78.95"
"DMART","BL","14-Nov-2022","4,193.65","4,128.35","4,128.35","4,128.35","4,128.35","4,128.35","4,128.35","2,54,062","1,04,88,56,857.70","1","-","-"
"DMART","EQ","14-Nov-2022","4,128.35","4,144.80","4,144.80","4,081.80","4,096.00","4,098.35","4,099.24","3,00,509","1,23,18,57,218.95","41,339","1,82,472","60.72"
"DMART","EQ","11-Nov-2022","4,138.85","4,159.55","4,169.00","4,117.05","4,127.00","4,128.35","4,133.46","2,14,392","88,61,80,704.10","25,174","1,48,506","69.27"
"DMART","EQ","10-Nov-2022","4,158.70","4,158.70","4,175.00","4,104.40","4,142.00","4,138.85","4,140.61","2,54,477","1,05,36,89,904.10","26,936","1,66,328","65.36"
"DMART","EQ","09-Nov-2022","4,173.50","4,199.00","4,199.00","4,118.00","4,160.45","4,158.70","4,152.70","3,61,585","1,50,15,55,773.10","29,878","2,63,380","72.84"
"DMART","EQ","07-Nov-2022","4,167.35","4,188.80","4,214.10","4,140.50","4,169.00","4,173.50","4,167.76","3,95,435","1,64,80,78,833.10","37,716","2,95,016","74.61"
"DMART","EQ","04-Nov-2022","4,194.20","4,200.00","4,207.95","4,150.00","4,168.00","4,167.35","4,158.41","5,32,072","2,21,25,74,717.25","30,680","4,43,053","83.27"
"DMART","BL","03-Nov-2022","4,229.95","4,193.65","4,193.65","4,193.65","4,193.65","4,193.65","4,193.65","2,54,062","1,06,54,47,106.30","1","-","-"
"DMART","EQ","03-Nov-2022","4,193.65","4,180.00","4,230.00","4,165.00","4,197.00","4,194.20","4,192.27","1,53,178","64,21,63,397.45","19,248","67,287","43.93"
"DMART","EQ","02-Nov-2022","4,247.50","4,264.80","4,268.00","4,177.00","4,193.00","4,193.65","4,206.55","2,54,614","1,07,10,47,232.10","28,597","1,36,981","53.80"
"DMART","EQ","01-Nov-2022","4,320.90","4,329.00","4,347.10","4,232.55","4,260.00","4,247.50","4,273.02","2,49,229","1,06,49,60,363.45","33,889","1,37,413","55.14"
"DMART","EQ","31-Oct-2022","4,307.35","4,316.50","4,348.00","4,290.00","4,324.00","4,320.90","4,318.52","1,86,409","80,50,11,023.70","27,787","99,772","53.52"
"DMART","EQ","28-Oct-2022","4,271.40","4,281.40","4,320.00","4,251.55","4,315.00","4,307.35","4,285.77","1,20,314","51,56,38,123.00","21,779","62,518","51.96"
"DMART","EQ","27-Oct-2022","4,235.60","4,248.00","4,300.00","4,217.30","4,295.00","4,271.40","4,256.18","3,01,435","1,28,29,62,945.80","37,330","1,78,015","59.06"
"DMART","EQ","25-Oct-2022","4,229.95","4,221.00","4,249.50","4,165.00","4,237.85","4,235.60","4,220.61","1,60,107","67,57,49,284.35","21,666","84,485","52.77"
"DMART","BL","25-Oct-2022","4,386.55","4,229.95","4,229.95","4,229.95","4,229.95","4,229.95","4,229.95","1,36,685","57,81,70,715.75","1","-","-"
"DMART","EQ","24-Oct-2022","4,215.55","4,271.90","4,273.00","4,210.00","4,229.90","4,229.95","4,245.29","71,402","30,31,22,078.00","12,772","39,069","54.72"
"DMART","EQ","21-Oct-2022","4,226.25","4,244.00","4,249.75","4,190.50","4,222.85","4,215.55","4,214.21","1,84,554","77,77,49,299.95","20,377","97,017","52.57"
"DMART","EQ","20-Oct-2022","4,167.85","4,155.00","4,233.00","4,140.45","4,224.00","4,226.25","4,218.63","2,92,757","1,23,50,34,681.65","28,364","1,32,328","45.20"
"DMART","EQ","19-Oct-2022","4,139.35","4,168.00","4,194.10","4,139.35","4,164.95","4,167.85","4,174.08","2,66,990","1,11,44,37,494.60","41,264","1,18,511","44.39"
"DMART","EQ","18-Oct-2022","4,153.45","4,188.00","4,189.00","4,110.00","4,135.00","4,139.35","4,147.01","3,46,218","1,43,57,69,983.90","40,195","1,36,277","39.36"
"DMART","EQ","17-Oct-2022","4,306.15","4,283.95","4,307.95","4,140.05","4,151.25","4,153.45","4,185.40","9,50,223","3,97,70,66,361.15","1,27,112","4,05,493","42.67"
"DMART","EQ","14-Oct-2022","4,309.95","4,398.50","4,399.00","4,291.15","4,298.05","4,306.15","4,327.41","1,88,039","81,37,21,165.75","26,372","90,872","48.33"
"DMART","EQ","13-Oct-2022","4,352.90","4,366.00","4,366.00","4,300.10","4,314.95","4,309.95","4,320.60","1,71,144","73,94,44,408.60","23,476","79,508","46.46"
"DMART","EQ","12-Oct-2022","4,381.10","4,398.75","4,429.00","4,330.00","4,336.90","4,352.90","4,381.62","2,07,335","90,84,63,619.40","29,232","82,902","39.98"
"DMART","EQ","11-Oct-2022","4,471.75","4,485.00","4,486.00","4,358.50","4,363.00","4,381.10","4,415.03","2,68,072","1,18,35,46,221.70","36,991","1,21,524","45.33"
"DMART","EQ","10-Oct-2022","4,471.45","4,440.10","4,495.00","4,406.05","4,465.00","4,471.75","4,462.47","1,83,914","82,07,10,022.35","23,050","66,542","36.18"
"DMART","EQ","07-Oct-2022","4,413.85","4,435.95","4,482.00","4,411.25","4,465.50","4,471.45","4,450.60","2,13,203","94,88,80,898.95","27,095","71,168","33.38"
"DMART","EQ","06-Oct-2022","4,479.55","4,540.00","4,540.00","4,400.00","4,415.00","4,413.85","4,460.73","3,26,251","1,45,53,16,402.05","47,890","1,50,800","46.22"
"DMART","EQ","04-Oct-2022","4,443.75","4,600.00","4,600.00","4,460.55","4,480.00","4,479.55","4,509.24","6,05,857","2,73,19,54,321.55","73,911","2,21,501","36.56"
"DMART","BL","03-Oct-2022","4,232.25","4,386.55","4,386.55","4,386.55","4,386.55","4,386.55","4,386.55","2,10,164","92,18,94,894.20","1","-","-"
"DMART","EQ","03-Oct-2022","4,386.55","4,399.00","4,465.85","4,389.80","4,438.10","4,443.75","4,439.81","2,96,102","1,31,46,37,181.15","33,574","1,30,398","44.04"
"DMART","EQ","30-Sep-2022","4,240.55","4,270.00","4,400.00","4,251.20","4,390.05","4,386.55","4,347.05","3,52,698","1,53,31,94,846.25","41,096","1,50,916","42.79"
"DMART","EQ","29-Sep-2022","4,318.15","4,365.00","4,416.95","4,220.10","4,241.00","4,240.55","4,301.15","5,18,364","2,22,95,61,548.10","53,759","3,01,069","58.08"
"DMART","EQ","28-Sep-2022","4,283.20","4,249.00","4,367.95","4,240.00","4,300.55","4,318.15","4,335.27","3,52,261","1,52,71,46,581.10","49,099","1,88,760","53.59"
"DMART","EQ","27-Sep-2022","4,375.30","4,375.30","4,417.50","4,270.00","4,285.00","4,283.20","4,318.35","2,37,462","1,02,54,43,506.90","31,927","1,06,654","44.91"
"DMART","EQ","26-Sep-2022","4,367.00","4,323.00","4,448.00","4,261.00","4,330.80","4,375.30","4,369.40","4,03,076","1,76,11,99,310.25","53,673","1,55,560","38.59"
"DMART","EQ","23-Sep-2022","4,431.70","4,450.00","4,469.90","4,351.00","4,371.95","4,367.00","4,416.36","2,41,647","1,06,71,99,909.00","30,872","79,939","33.08"
"DMART","EQ","22-Sep-2022","4,308.70","4,288.75","4,440.60","4,257.00","4,439.00","4,431.70","4,379.16","4,65,230","2,03,73,14,418.20","50,743","1,89,218","40.67"
"DMART","EQ","21-Sep-2022","4,349.30","4,349.00","4,394.95","4,292.05","4,306.00","4,308.70","4,320.21","2,23,827","96,69,79,737.50","31,499","99,584","44.49"
"DMART","EQ","20-Sep-2022","4,348.00","4,401.10","4,412.00","4,330.00","4,341.15","4,349.30","4,368.60","2,03,661","88,97,14,422.40","21,673","1,08,010","53.03"
"DMART","EQ","19-Sep-2022","4,327.55","4,340.00","4,417.20","4,271.25","4,351.00","4,348.00","4,358.71","2,35,756","1,02,75,92,244.10","30,568","99,151","42.06"
"DMART","EQ","16-Sep-2022","4,525.85","4,528.90","4,550.00","4,285.40","4,340.00","4,327.55","4,384.11","5,84,163","2,56,10,37,039.75","48,819","3,63,899","62.29"
"DMART","EQ","15-Sep-2022","4,478.25","4,499.00","4,539.00","4,475.00","4,526.85","4,525.85","4,519.07","2,21,683","1,00,18,01,084.40","32,240","1,09,843","49.55"
"DMART","EQ","14-Sep-2022","4,493.25","4,450.00","4,518.00","4,426.15","4,478.00","4,478.25","4,472.13","2,68,511","1,20,08,16,114.05","34,290","1,42,197","52.96"
"DMART","EQ","13-Sep-2022","4,443.95","4,470.00","4,510.00","4,447.80","4,499.10","4,493.25","4,480.17","2,93,076","1,31,30,30,526.40","33,617","1,55,357","53.01"
"DMART","EQ","12-Sep-2022","4,386.10","4,440.00","4,475.00","4,400.00","4,449.95","4,443.95","4,439.58","2,52,381","1,12,04,65,947.35","39,965","1,26,631","50.17"
"DMART","EQ","09-Sep-2022","4,406.05","4,448.55","4,448.55","4,370.00","4,405.10","4,386.10","4,406.77","2,10,596","92,80,48,437.40","27,419","1,17,844","55.96"
"DMART","EQ","08-Sep-2022","4,426.30","4,499.00","4,499.00","4,390.00","4,419.90","4,406.05","4,432.19","2,14,781","95,19,50,286.45","25,852","1,06,657","49.66"
"DMART","EQ","07-Sep-2022","4,557.10","4,532.00","4,548.00","4,402.30","4,460.00","4,426.30","4,477.83","3,22,460","1,44,39,19,865.80","40,994","1,61,885","50.20"
"DMART","EQ","06-Sep-2022","4,577.45","4,599.00","4,603.95","4,531.00","4,548.00","4,557.10","4,571.15","2,58,981","1,18,38,40,015.10","30,302","1,46,073","56.40"
"DMART","EQ","05-Sep-2022","4,576.80","4,584.80","4,606.15","4,550.00","4,566.90","4,577.45","4,580.21","2,16,543","99,18,12,529.45","26,429","1,06,941","49.39"
"DMART","EQ","02-Sep-2022","4,565.85","4,572.90","4,609.00","4,511.00","4,575.00","4,576.80","4,564.30","2,68,702","1,22,64,36,582.50","28,896","88,803","33.05"
"DMART","EQ","01-Sep-2022","4,531.35","4,494.00","4,599.40","4,462.00","4,557.95","4,565.85","4,539.39","4,31,835","1,96,02,68,062.55","48,336","1,60,361","37.13"
"DMART","EQ","30-Aug-2022","4,431.55","4,475.00","4,550.00","4,460.30","4,545.00","4,531.35","4,516.65","4,26,171","1,92,48,64,773.05","46,081","2,51,079","58.92"
"DMART","EQ","29-Aug-2022","4,409.65","4,270.00","4,450.00","4,270.00","4,438.00","4,431.55","4,404.05","3,52,554","1,55,26,66,051.85","51,010","1,60,867","45.63"
"DMART","EQ","26-Aug-2022","4,341.25","4,384.00","4,414.50","4,370.05","4,407.00","4,409.65","4,403.06","2,02,948","89,35,92,126.70","24,589","95,459","47.04"
"DMART","EQ","25-Aug-2022","4,304.25","4,339.90","4,394.00","4,312.05","4,342.00","4,341.25","4,350.16","2,46,543","1,07,25,01,355.20","36,697","98,072","39.78"
"DMART","EQ","24-Aug-2022","4,256.95","4,269.00","4,356.00","4,266.00","4,290.00","4,304.25","4,321.17","2,70,843","1,17,03,58,497.45","27,927","83,070","30.67"
"DMART","EQ","23-Aug-2022","4,250.75","4,195.00","4,301.00","4,170.55","4,291.05","4,256.95","4,252.87","2,85,843","1,21,56,52,293.50","31,721","1,15,409","40.37"
"DMART","EQ","22-Aug-2022","4,382.00","4,371.00","4,371.00","4,231.00","4,252.50","4,250.75","4,286.30","3,30,916","1,41,84,04,228.50","47,241","1,60,703","48.56"
"DMART","EQ","19-Aug-2022","4,460.95","4,487.00","4,523.50","4,352.75","4,376.00","4,382.00","4,451.86","4,37,762","1,94,88,56,973.95","44,566","1,59,107","36.35"
"DMART","EQ","18-Aug-2022","4,398.65","4,425.00","4,493.10","4,401.05","4,455.00","4,460.95","4,446.24","4,68,551","2,08,32,92,266.55","42,195","1,65,319","35.28"
"DMART","EQ","17-Aug-2022","4,402.10","4,422.00","4,438.00","4,370.00","4,392.00","4,398.65","4,403.36","3,16,826","1,39,50,99,404.25","34,150","1,35,226","42.68"
"DMART","EQ","16-Aug-2022","4,336.70","4,355.00","4,412.00","4,350.55","4,401.15","4,402.10","4,394.06","2,90,414","1,27,60,96,190.85","37,121","1,33,768","46.06"
"DMART","EQ","12-Aug-2022","4,274.85","4,274.85","4,387.00","4,255.00","4,332.00","4,336.70","4,340.55","4,48,303","1,94,58,83,503.10","49,478","1,90,689","42.54"
"DMART","EQ","11-Aug-2022","4,250.70","4,280.00","4,295.00","4,260.00","4,267.60","4,274.85","4,277.44","2,46,094","1,05,26,52,472.00","26,362","1,12,501","45.71"
"DMART","EQ","10-Aug-2022","4,250.05","4,250.05","4,278.95","4,219.85","4,240.00","4,250.70","4,244.03","2,38,239","1,01,10,93,945.05","30,106","1,02,224","42.91"
"DMART","EQ","08-Aug-2022","4,232.25","4,237.40","4,267.40","4,233.00","4,249.90","4,250.05","4,249.82","2,00,014","85,00,23,336.25","21,064","1,09,316","54.65"
"DMART","BL","08-Aug-2022","3,963.40","4,232.25","4,232.25","4,232.25","4,232.25","4,232.25","4,232.25","1,91,282","80,95,53,244.50","1","-","-"
"DMART","EQ","05-Aug-2022","4,239.10","4,238.00","4,295.00","4,187.15","4,230.70","4,232.25","4,239.00","5,28,876","2,24,19,04,661.95","58,614","2,63,772","49.87"
"DMART","EQ","04-Aug-2022","4,253.15","4,268.00","4,314.90","4,175.00","4,238.00","4,239.10","4,235.49","5,93,274","2,51,28,05,782.95","51,294","3,43,535","57.90"
"DMART","EQ","03-Aug-2022","4,259.10","4,251.00","4,298.00","4,180.10","4,269.05","4,253.15","4,233.89","2,89,000","1,22,35,94,293.90","33,033","1,01,467","35.11"
"DMART","EQ","02-Aug-2022","4,307.65","4,306.00","4,306.00","4,235.05","4,250.00","4,259.10","4,255.87","3,11,279","1,32,47,62,953.95","35,996","1,38,886","44.62"
"DMART","EQ","01-Aug-2022","4,243.85","4,251.95","4,317.00","4,246.50","4,310.00","4,307.65","4,298.06","3,99,725","1,71,80,42,938.10","45,771","1,49,263","37.34"
"DMART","EQ","29-Jul-2022","4,147.80","4,215.00","4,250.00","4,183.45","4,241.00","4,243.85","4,227.01","5,14,745","2,17,58,34,550.10","62,421","2,04,207","39.67"
"DMART","EQ","28-Jul-2022","4,000.95","4,020.00","4,164.00","4,001.00","4,151.00","4,147.80","4,107.91","7,25,281","2,97,93,90,377.95","65,169","3,35,358","46.24"
"DMART","EQ","27-Jul-2022","3,932.40","3,940.00","4,010.00","3,920.00","3,994.00","4,000.95","3,970.72","2,45,970","97,66,78,258.00","28,103","93,832","38.15"
"DMART","EQ","26-Jul-2022","4,040.05","4,038.00","4,038.00","3,909.00","3,920.00","3,932.40","3,949.49","4,30,993","1,70,22,00,562.55","42,558","2,19,834","51.01"
"DMART","EQ","25-Jul-2022","3,963.40","3,973.00","4,050.00","3,935.00","4,040.20","4,040.05","4,012.84","4,44,451","1,78,35,12,672.00","37,936","1,99,875","44.97"
"DMART","BL","25-Jul-2022","4,235.60","3,963.40","3,963.40","3,963.40","3,963.40","3,963.40","3,963.40","1,91,281","75,81,23,115.40","1","-","-"
"DMART","EQ","22-Jul-2022","4,035.35","4,070.00","4,077.90","3,950.00","3,956.00","3,963.40","3,986.98","4,57,904","1,82,56,54,916.65","60,180","2,05,285","44.83"
"DMART","EQ","21-Jul-2022","3,915.45","3,930.00","4,059.00","3,920.05","4,049.90","4,035.35","3,994.46","5,87,934","2,34,84,78,121.35","61,994","2,66,664","45.36"
"DMART","EQ","20-Jul-2022","3,931.30","3,960.00","3,965.00","3,902.00","3,930.00","3,915.45","3,936.97","2,51,615","99,06,00,125.95","31,711","1,01,745","40.44"
"DMART","EQ","19-Jul-2022","3,945.75","3,911.00","3,942.00","3,911.00","3,920.00","3,931.30","3,930.54","1,69,004","66,42,77,334.25","21,859","69,960","41.40"
"DMART","EQ","18-Jul-2022","3,926.80","3,951.00","3,968.00","3,920.00","3,935.00","3,945.75","3,944.02","2,87,481","1,13,38,29,804.65","28,728","1,19,026","41.40"
"DMART","EQ","15-Jul-2022","3,924.85","3,925.00","3,939.90","3,888.00","3,910.50","3,926.80","3,911.41","1,94,371","76,02,64,323.90","24,524","61,315","31.55"
"DMART","EQ","14-Jul-2022","3,883.35","3,913.90","3,944.00","3,884.00","3,922.00","3,924.85","3,911.09","3,72,526","1,45,69,81,880.30","42,567","1,50,202","40.32"
"DMART","EQ","13-Jul-2022","3,878.40","3,900.00","3,944.00","3,870.00","3,877.00","3,883.35","3,903.95","4,23,704","1,65,41,19,322.25","38,545","1,01,689","24.00"
"DMART","EQ","12-Jul-2022","3,986.85","3,986.50","3,986.85","3,855.00","3,864.00","3,878.40","3,914.90","5,69,128","2,22,80,81,637.45","58,761","1,89,907","33.37"
"DMART","EQ","11-Jul-2022","3,941.70","4,000.00","4,087.85","3,892.00","3,973.95","3,986.85","3,993.27","23,31,905","9,31,19,30,794.55","1,88,822","3,50,151","15.02"
"DMART","EQ","08-Jul-2022","3,850.95","3,868.40","3,974.00","3,851.10","3,955.00","3,941.70","3,905.10","5,68,785","2,22,11,64,027.70","62,143","1,58,403","27.85"
"DMART","EQ","07-Jul-2022","3,792.00","3,870.00","3,935.60","3,830.00","3,835.00","3,850.95","3,863.79","4,63,192","1,78,96,77,790.05","47,403","86,082","18.58"
"DMART","EQ","06-Jul-2022","3,639.05","3,650.00","3,830.00","3,650.00","3,825.00","3,792.00","3,753.26","7,51,853","2,82,19,01,692.60","71,948","1,59,501","21.21"
"DMART","EQ","05-Jul-2022","3,495.50","3,506.00","3,657.65","3,506.00","3,648.00","3,639.05","3,610.81","8,59,254","3,10,26,06,368.70","80,496","1,81,495","21.12"
"DMART","EQ","04-Jul-2022","3,388.75","3,530.00","3,555.00","3,460.00","3,501.00","3,495.50","3,497.17","7,66,616","2,68,09,87,806.50","83,780","1,39,935","18.25"
"DMART","EQ","01-Jul-2022","3,406.10","3,394.45","3,406.65","3,331.10","3,395.00","3,388.75","3,372.64","3,11,228","1,04,96,58,642.45","48,482","1,43,950","46.25"
"DMART","EQ","30-Jun-2022","3,445.25","3,445.20","3,469.00","3,370.00","3,386.00","3,406.10","3,425.48","3,84,404","1,31,67,67,887.30","48,256","2,30,903","60.07"
"DMART","EQ","29-Jun-2022","3,479.95","3,450.45","3,527.00","3,425.00","3,433.00","3,445.25","3,470.27","4,05,633","1,40,76,57,672.75","53,656","1,56,168","38.50"
"DMART","EQ","28-Jun-2022","3,408.60","3,407.55","3,497.00","3,374.00","3,475.00","3,479.95","3,457.18","4,40,886","1,52,42,21,262.35","54,453","1,49,168","33.83"
"DMART","EQ","27-Jun-2022","3,412.00","3,460.00","3,460.00","3,400.00","3,414.00","3,408.60","3,429.10","2,76,838","94,93,03,855.65","38,287","1,14,563","41.38"
"DMART","EQ","24-Jun-2022","3,440.45","3,489.95","3,489.95","3,390.10","3,409.00","3,412.00","3,418.41","4,54,591","1,55,39,79,941.45","43,377","2,61,383","57.50"
"DMART","EQ","23-Jun-2022","3,486.35","3,487.75","3,502.65","3,401.00","3,432.90","3,440.45","3,454.23","3,55,857","1,22,92,10,986.55","40,752","1,47,095","41.34"
"DMART","EQ","22-Jun-2022","3,519.55","3,524.45","3,524.45","3,466.05","3,468.00","3,486.35","3,486.31","1,97,297","68,78,37,869.20","25,750","77,399","39.23"
"DMART","EQ","21-Jun-2022","3,479.10","3,520.00","3,545.00","3,450.00","3,521.00","3,519.55","3,492.39","3,40,688","1,18,98,16,882.05","42,882","1,01,623","29.83"
"DMART","EQ","20-Jun-2022","3,460.55","3,493.45","3,536.70","3,460.55","3,480.00","3,479.10","3,491.13","2,22,230","77,58,34,742.95","34,786","47,235","21.26"
"DMART","EQ","17-Jun-2022","3,682.60","3,670.00","3,673.85","3,413.70","3,472.50","3,460.55","3,504.73","11,04,855","3,87,22,16,642.60","1,04,467","5,52,312","49.99"
"DMART","EQ","16-Jun-2022","3,662.90","3,736.00","3,737.90","3,562.00","3,690.00","3,682.60","3,662.08","4,08,563","1,49,61,92,392.35","49,994","1,19,997","29.37"
"DMART","EQ","15-Jun-2022","3,648.30","3,669.90","3,743.95","3,645.35","3,655.00","3,662.90","3,691.15","2,74,604","1,01,36,04,496.00","36,742","86,564","31.52"
"DMART","EQ","14-Jun-2022","3,661.60","3,628.00","3,712.70","3,552.25","3,650.00","3,648.30","3,643.71","4,24,143","1,54,54,55,604.10","51,404","1,29,513","30.54"
"DMART","EQ","13-Jun-2022","3,755.65","3,700.00","3,743.60","3,644.40","3,656.00","3,661.60","3,696.41","2,52,912","93,48,66,069.55","35,370","80,512","31.83"
"DMART","EQ","10-Jun-2022","3,830.35","3,790.00","3,838.00","3,735.10","3,742.00","3,755.65","3,785.84","2,35,985","89,34,01,749.55","25,957","73,614","31.19"
"DMART","EQ","09-Jun-2022","3,739.40","3,729.90","3,850.00","3,686.40","3,841.00","3,830.35","3,803.43","4,45,083","1,69,28,41,910.35","50,233","1,21,930","27.39"
"DMART","EQ","08-Jun-2022","3,726.70","3,765.00","3,771.00","3,700.00","3,720.00","3,739.40","3,732.92","2,50,665","93,57,13,127.05","37,710","69,926","27.90"
"DMART","EQ","07-Jun-2022","3,734.75","3,704.00","3,778.80","3,652.05","3,721.00","3,726.70","3,727.12","3,01,552","1,12,39,20,954.35","35,890","64,158","21.28"
"DMART","EQ","06-Jun-2022","3,820.10","3,800.00","3,800.00","3,675.00","3,729.00","3,734.75","3,730.58","2,95,307","1,10,16,65,489.30","43,858","85,064","28.81"
"DMART","EQ","03-Jun-2022","3,856.90","3,888.00","3,888.40","3,768.00","3,810.00","3,820.10","3,815.51","3,49,881","1,33,49,74,839.00","40,412","1,16,089","33.18"
"DMART","EQ","02-Jun-2022","3,874.05","3,885.00","3,927.55","3,831.10","3,869.60","3,856.90","3,881.78","3,02,036","1,17,24,35,905.40","33,326","66,020","21.86"
"DMART","EQ","01-Jun-2022","3,972.80","3,960.00","4,039.00","3,812.55","3,884.00","3,874.05","3,888.78","6,20,365","2,41,24,61,883.40","72,783","1,36,311","21.97"
"DMART","EQ","31-May-2022","3,796.40","3,807.75","4,049.00","3,767.90","3,961.00","3,972.80","3,957.72","13,35,568","5,28,58,01,855.35","1,00,078","5,61,796","42.06"
"DMART","EQ","30-May-2022","3,613.85","3,660.00","3,824.90","3,645.00","3,805.00","3,796.40","3,745.53","4,29,986","1,61,05,25,670.55","38,359","1,55,788","36.23"
"DMART","EQ","27-May-2022","3,577.45","3,605.00","3,649.00","3,586.00","3,605.45","3,613.85","3,617.47","1,99,688","72,23,65,779.35","25,095","57,704","28.90"
"DMART","EQ","26-May-2022","3,586.45","3,586.45","3,635.70","3,465.30","3,610.15","3,577.45","3,533.68","2,79,250","98,67,80,137.60","31,255","61,479","22.02"
"DMART","EQ","25-May-2022","3,656.75","3,670.00","3,694.00","3,555.65","3,580.00","3,586.45","3,618.12","2,24,375","81,18,14,913.40","28,236","55,665","24.81"
"DMART","EQ","24-May-2022","3,574.10","3,579.95","3,685.00","3,571.20","3,662.55","3,656.75","3,626.86","3,91,193","1,41,88,02,458.65","39,634","1,01,352","25.91"
"DMART","EQ","23-May-2022","3,630.40","3,650.00","3,694.50","3,552.05","3,564.00","3,574.10","3,632.58","2,58,246","93,80,98,504.00","31,693","79,353","30.73"
"DMART","EQ","20-May-2022","3,614.85","3,708.90","3,717.20","3,610.00","3,620.85","3,630.40","3,660.40","3,34,172","1,22,32,02,019.50","34,706","1,08,646","32.51"
"DMART","EQ","19-May-2022","3,664.05","3,513.00","3,649.00","3,491.50","3,620.00","3,614.85","3,584.54","4,39,658","1,57,59,70,329.00","48,694","89,497","20.36"
"DMART","EQ","18-May-2022","3,657.00","3,700.00","3,781.00","3,650.00","3,655.00","3,664.05","3,719.59","7,12,472","2,65,01,03,177.15","80,115","2,02,257","28.39"
"DMART","EQ","17-May-2022","3,561.10","3,620.00","3,724.00","3,473.45","3,703.00","3,657.00","3,574.57","9,26,148","3,31,05,85,436.60","99,550","2,27,532","24.57"
"DMART","EQ","16-May-2022","3,230.60","3,260.00","3,620.00","3,186.00","3,565.00","3,561.10","3,467.52","18,71,384","6,48,90,58,606.25","1,52,299","4,09,390","21.88"
"DMART","EQ","13-May-2022","3,270.45","3,351.00","3,357.75","3,205.00","3,240.05","3,230.60","3,283.70","5,46,754","1,79,53,76,195.60","87,357","2,61,869","47.90"
"DMART","EQ","12-May-2022","3,339.70","3,310.00","3,334.95","3,241.25","3,290.00","3,270.45","3,287.80","7,25,552","2,38,54,70,386.95","97,432","4,49,316","61.93"
"DMART","EQ","11-May-2022","3,414.95","3,448.00","3,448.00","3,311.70","3,344.65","3,339.70","3,359.59","6,89,554","2,31,66,16,892.10","95,264","3,82,817","55.52"
"DMART","EQ","10-May-2022","3,520.30","3,501.00","3,545.25","3,402.15","3,430.50","3,414.95","3,444.79","6,96,666","2,39,98,70,669.90","96,931","3,72,481","53.47"
"DMART","EQ","09-May-2022","3,666.20","3,655.00","3,655.00","3,486.00","3,526.00","3,520.30","3,530.54","7,32,787","2,58,71,34,484.30","1,21,534","3,47,535","47.43"
"DMART","EQ","06-May-2022","3,943.80","3,866.00","3,889.65","3,602.15","3,720.00","3,666.20","3,735.33","8,58,787","3,20,78,48,583.55","1,10,844","4,68,243","54.52"
"DMART","EQ","05-May-2022","3,867.15","3,920.00","3,980.00","3,775.00","3,975.00","3,943.80","3,888.60","4,57,770","1,78,00,82,552.80","61,087","2,04,060","44.58"
"DMART","EQ","04-May-2022","3,983.35","4,000.00","4,023.95","3,850.20","3,878.00","3,867.15","3,908.79","2,70,400","1,05,69,36,073.60","40,685","1,44,738","53.53"
"DMART","EQ","02-May-2022","3,944.25","3,939.60","3,997.80","3,889.00","3,989.00","3,983.35","3,935.93","2,65,831","1,04,62,91,695.40","42,182","1,43,411","53.95"
"DMART","EQ","29-Apr-2022","4,024.55","4,048.90","4,085.00","3,906.00","3,931.75","3,944.25","4,001.17","2,38,651","95,48,82,916.15","31,034","1,35,266","56.68"
"DMART","EQ","28-Apr-2022","3,977.70","4,023.90","4,054.00","3,995.55","4,025.00","4,024.55","4,029.90","2,47,751","99,84,12,469.90","27,286","1,35,045","54.51"
"DMART","EQ","27-Apr-2022","4,044.25","4,006.10","4,024.35","3,960.00","3,985.00","3,977.70","3,992.39","1,69,916","67,83,70,286.45","31,128","90,808","53.44"
"DMART","EQ","26-Apr-2022","3,989.20","4,009.80","4,050.00","3,994.40","4,048.00","4,044.25","4,029.10","1,98,101","79,81,68,956.20","26,483","1,09,583","55.32"
"DMART","EQ","25-Apr-2022","4,028.85","4,000.00","4,022.35","3,975.05","3,984.00","3,989.20","3,993.49","2,04,726","81,75,71,887.10","29,858","1,01,686","49.67"
"DMART","EQ","22-Apr-2022","4,030.25","4,028.65","4,060.05","3,995.75","4,037.00","4,028.85","4,020.48","2,10,640","84,68,73,688.50","29,033","96,436","45.78"
"DMART","EQ","21-Apr-2022","4,054.80","4,075.00","4,080.00","4,015.00","4,035.00","4,030.25","4,052.30","2,09,196","84,77,24,034.55","23,615","1,21,309","57.99"
"DMART","EQ","20-Apr-2022","4,008.90","4,026.00","4,065.00","4,000.00","4,060.00","4,054.80","4,031.97","2,22,817","89,83,91,945.30","25,987","1,16,378","52.23"
"DMART","EQ","19-Apr-2022","4,056.00","4,089.90","4,131.90","3,975.00","4,011.50","4,008.90","4,048.22","2,22,195","89,94,95,034.45","34,816","1,14,286","51.44"
"DMART","EQ","18-Apr-2022","4,090.90","4,065.00","4,079.00","4,009.00","4,053.00","4,056.00","4,049.12","1,93,904","78,51,40,457.30","29,369","1,04,077","53.67"
"DMART","EQ","13-Apr-2022","4,088.70","4,101.00","4,117.95","4,081.70","4,099.95","4,090.90","4,094.21","1,57,516","64,49,03,913.25","18,608","83,566","53.05"
"DMART","EQ","12-Apr-2022","4,171.60","4,174.95","4,174.95","4,075.00","4,085.50","4,088.70","4,114.80","2,28,548","94,04,30,004.65","30,365","1,11,730","48.89"
"DMART","EQ","11-Apr-2022","4,146.25","4,136.80","4,200.00","4,130.05","4,170.00","4,171.60","4,181.01","2,02,944","84,85,10,738.50","26,098","97,913","48.25"
"DMART","EQ","08-Apr-2022","4,159.70","4,165.00","4,208.00","4,118.00","4,133.90","4,146.25","4,163.11","3,58,035","1,49,05,37,848.85","40,420","1,71,629","47.94"
"DMART","EQ","07-Apr-2022","4,101.90","4,099.90","4,244.00","4,092.00","4,149.90","4,159.70","4,193.03","9,79,784","4,10,82,62,951.65","96,822","4,33,561","44.25"
"DMART","EQ","06-Apr-2022","4,109.70","4,090.00","4,139.80","4,085.60","4,104.00","4,101.90","4,103.76","2,18,183","89,53,70,331.00","31,766","1,12,958","51.77"
"DMART","EQ","05-Apr-2022","4,106.65","4,138.75","4,148.00","4,100.00","4,110.00","4,109.70","4,125.40","2,77,248","1,14,37,59,632.85","34,561","1,42,188","51.29"
"DMART","EQ","04-Apr-2022","4,082.20","4,120.00","4,150.00","4,076.15","4,107.00","4,106.65","4,108.74","4,38,581","1,80,20,17,422.20","51,950","2,15,954","49.24"
"DMART","EQ","01-Apr-2022","4,003.35","4,013.00","4,093.00","4,000.00","4,080.00","4,082.20","4,051.30","4,16,596","1,68,77,57,264.45","41,730","2,05,722","49.38"
"DMART","EQ","31-Mar-2022","3,973.40","4,028.00","4,040.00","3,983.05","3,996.00","4,003.35","4,013.45","4,92,437","1,97,63,71,839.30","74,347","2,56,286","52.04"
"DMART","EQ","30-Mar-2022","4,006.10","4,025.00","4,084.00","3,945.00","3,965.00","3,973.40","4,020.02","5,80,732","2,33,45,55,775.20","73,288","3,07,844","53.01"
"DMART","EQ","29-Mar-2022","4,010.05","4,010.05","4,037.80","3,985.00","4,006.00","4,006.10","4,003.69","3,97,614","1,59,19,22,469.05","47,822","2,33,152","58.64"
"DMART","EQ","28-Mar-2022","4,001.30","4,005.15","4,021.00","3,975.05","4,004.00","4,010.05","4,003.31","4,28,027","1,71,35,23,550.05","65,309","2,16,387","50.55"
"DMART","EQ","25-Mar-2022","4,042.85","4,069.00","4,069.00","3,995.00","4,005.00","4,001.30","4,012.07","4,40,558","1,76,75,51,158.20","60,552","2,59,827","58.98"
"DMART","EQ","24-Mar-2022","4,091.35","4,086.25","4,086.25","4,031.55","4,051.00","4,042.85","4,053.96","3,74,573","1,51,85,05,650.15","49,531","1,95,477","52.19"
"DMART","EQ","23-Mar-2022","4,054.00","4,085.70","4,119.00","4,064.60","4,076.10","4,091.35","4,090.41","2,85,639","1,16,83,81,583.50","34,007","1,25,878","44.07"
"DMART","EQ","22-Mar-2022","4,095.20","4,129.00","4,129.00","4,031.00","4,063.00","4,054.00","4,057.69","3,96,898","1,61,04,88,014.75","55,865","1,97,810","49.84"
"DMART","EQ","21-Mar-2022","4,192.75","4,217.00","4,217.00","4,080.60","4,098.80","4,095.20","4,129.46","3,70,641","1,53,05,46,022.85","69,573","2,13,420","57.58"
"DMART","EQ","17-Mar-2022","4,169.55","4,218.00","4,239.00","4,166.10","4,185.05","4,192.75","4,199.26","6,08,024","2,55,32,49,184.60","57,728","3,64,483","59.95"
"DMART","EQ","16-Mar-2022","4,231.05","4,229.75","4,243.60","4,153.00","4,165.00","4,169.55","4,189.33","4,70,355","1,97,04,71,873.60","47,213","2,61,843","55.67"
"DMART","EQ","15-Mar-2022","4,168.25","4,191.00","4,251.00","4,171.75","4,190.00","4,231.05","4,204.38","5,60,819","2,35,78,96,612.05","69,504","3,49,689","62.35"
"DMART","EQ","14-Mar-2022","4,198.95","4,190.00","4,218.00","4,150.00","4,171.55","4,168.25","4,171.89","3,05,326","1,27,37,87,913.50","37,330","1,44,326","47.27"
"DMART","EQ","11-Mar-2022","4,168.60","4,167.00","4,210.00","4,109.25","4,199.00","4,198.95","4,172.26","3,87,534","1,61,68,93,482.55","48,446","1,86,781","48.20"
"DMART","EQ","10-Mar-2022","4,096.70","4,210.00","4,239.90","4,142.30","4,171.00","4,168.60","4,179.59","4,39,778","1,83,80,91,272.85","49,990","2,33,123","53.01"
"DMART","EQ","09-Mar-2022","4,124.00","4,155.00","4,172.90","4,071.10","4,090.00","4,096.70","4,133.17","3,95,071","1,63,28,96,981.40","66,042","1,80,713","45.74"
"DMART","EQ","08-Mar-2022","3,991.65","4,016.00","4,160.00","3,992.40","4,135.50","4,124.00","4,055.05","7,13,004","2,89,12,66,490.20","87,277","3,63,041","50.92"
"DMART","EQ","07-Mar-2022","4,110.20","4,001.00","4,175.00","3,970.80","3,995.80","3,991.65","4,055.87","6,94,633","2,81,73,40,337.00","94,320","3,02,337","43.52"
"DMART","EQ","04-Mar-2022","4,276.50","4,260.20","4,260.20","4,075.05","4,099.00","4,110.20","4,166.16","4,37,691","1,82,34,90,863.45","59,651","1,73,532","39.65"
"DMART","EQ","03-Mar-2022","4,295.15","4,370.00","4,395.00","4,253.90","4,265.00","4,276.50","4,309.28","3,03,425","1,30,75,43,077.30","43,680","1,19,253","39.30"
"DMART","EQ","02-Mar-2022","4,340.35","4,299.95","4,446.95","4,270.00","4,292.00","4,295.15","4,358.35","4,79,507","2,08,98,58,608.35","60,747","1,51,652","31.63"
"DMART","EQ","28-Feb-2022","4,190.75","4,155.00","4,355.00","4,062.10","4,344.00","4,340.35","4,250.55","6,47,569","2,75,25,24,811.65","74,646","2,50,575","38.69"
"DMART","EQ","25-Feb-2022","4,014.65","4,080.00","4,210.00","4,037.65","4,188.00","4,190.75","4,137.62","4,25,226","1,75,94,25,212.75","50,589","1,46,648","34.49"
"DMART","EQ","24-Feb-2022","4,193.45","3,993.85","4,131.95","3,947.85","3,980.00","4,014.65","4,059.40","5,52,288","2,24,19,56,201.25","71,749","2,34,114","42.39"
"DMART","EQ","23-Feb-2022","4,157.10","4,165.00","4,217.70","4,135.00","4,207.00","4,193.45","4,182.14","3,60,454","1,50,74,69,857.20","45,642","1,46,437","40.63"
"DMART","EQ","22-Feb-2022","4,096.60","4,001.00","4,179.00","3,990.00","4,160.00","4,157.10","4,119.66","4,84,781","1,99,71,32,354.00","61,990","1,86,860","38.55"
"DMART","EQ","21-Feb-2022","4,073.10","4,048.00","4,170.00","3,990.00","4,090.00","4,096.60","4,097.62","4,80,541","1,96,90,75,675.90","64,824","1,39,645","29.06"
"DMART","EQ","18-Feb-2022","4,115.40","4,098.00","4,121.00","4,056.05","4,068.00","4,073.10","4,093.81","1,69,496","69,38,84,229.85","24,343","56,205","33.16"
"DMART","EQ","17-Feb-2022","4,051.15","4,095.60","4,152.00","4,080.00","4,115.00","4,115.40","4,109.60","3,57,259","1,46,81,93,007.80","47,216","1,41,641","39.65"
"DMART","EQ","16-Feb-2022","4,081.75","4,139.90","4,155.00","4,035.00","4,053.00","4,051.15","4,108.22","3,13,236","1,28,68,42,991.70","44,374","92,388","29.49"
"DMART","EQ","15-Feb-2022","3,979.75","4,015.00","4,128.90","3,980.00","4,099.00","4,081.75","4,053.94","3,77,212","1,52,91,95,886.10","56,199","1,52,161","40.34"
"DMART","EQ","14-Feb-2022","4,142.25","4,015.00","4,125.00","3,958.05","3,998.00","3,979.75","4,046.93","4,66,101","1,88,62,80,146.95","73,843","1,98,569","42.60"
"DMART","EQ","11-Feb-2022","4,162.70","4,138.00","4,157.00","4,080.10","4,140.00","4,142.25","4,127.62","3,36,884","1,39,05,28,426.75","46,982","1,22,323","36.31"
"DMART","EQ","10-Feb-2022","4,002.10","4,034.10","4,182.00","4,001.00","4,160.00","4,162.70","4,121.25","6,99,250","2,88,17,80,837.40","78,452","2,85,228","40.79"
"DMART","EQ","09-Feb-2022","4,015.00","4,078.70","4,078.70","3,983.00","4,002.40","4,002.10","4,015.80","3,80,364","1,52,74,66,442.20","63,079","1,71,157","45.00"
"DMART","EQ","08-Feb-2022","4,073.55","4,098.90","4,128.95","3,995.00","4,015.00","4,015.00","4,051.08","4,56,874","1,85,08,30,969.90","68,449","2,68,512","58.77"
"DMART","EQ","07-Feb-2022","4,081.90","4,090.00","4,146.80","4,045.20","4,070.00","4,073.55","4,094.10","2,88,091","1,17,94,74,704.80","42,750","1,33,514","46.34"
"DMART","EQ","04-Feb-2022","4,140.00","4,140.00","4,140.20","4,075.00","4,083.50","4,081.90","4,100.25","2,99,981","1,22,99,95,708.55","48,901","1,62,025","54.01"
"DMART","EQ","03-Feb-2022","4,236.65","4,231.05","4,235.00","4,122.35","4,130.55","4,140.00","4,160.96","3,37,719","1,40,52,36,607.50","58,828","1,73,940","51.50"
"DMART","EQ","02-Feb-2022","4,225.60","4,274.30","4,275.00","4,211.00","4,228.00","4,236.65","4,235.28","2,49,200","1,05,54,32,973.15","41,666","1,03,479","41.52"
"DMART","EQ","01-Feb-2022","4,114.35","4,133.20","4,278.00","4,092.00","4,253.00","4,225.60","4,167.12","3,21,735","1,34,07,09,615.15","42,681","1,10,001","34.19"
"DMART","EQ","31-Jan-2022","4,076.00","4,140.00","4,171.00","4,092.00","4,109.00","4,114.35","4,128.57","4,78,099","1,97,38,67,249.55","61,403","2,74,731","57.46"
"DMART","EQ","28-Jan-2022","4,063.30","4,130.00","4,150.90","4,046.00","4,070.00","4,076.00","4,092.06","5,82,484","2,38,35,61,987.65","95,448","2,83,862","48.73"
"DMART","EQ","27-Jan-2022","4,095.45","4,040.00","4,144.10","3,994.95","4,064.75","4,063.30","4,066.73","6,75,652","2,74,76,95,425.95","1,01,096","2,42,316","35.86"
"DMART","EQ","25-Jan-2022","4,035.30","4,025.00","4,120.00","3,881.25","4,085.00","4,095.45","4,055.56","8,10,518","3,28,71,03,977.00","1,14,460","3,21,331","39.65"
"DMART","EQ","24-Jan-2022","4,299.80","4,300.00","4,316.90","3,978.00","4,039.00","4,035.30","4,071.77","11,26,974","4,58,87,75,145.10","1,66,933","5,95,908","52.88"
"DMART","EQ","21-Jan-2022","4,483.55","4,410.00","4,435.45","4,281.00","4,305.00","4,299.80","4,344.74","6,06,584","2,63,54,47,099.60","82,459","3,24,817","53.55"
"DMART","EQ","20-Jan-2022","4,483.40","4,517.00","4,517.00","4,462.35","4,466.05","4,483.55","4,489.03","3,50,124","1,57,17,15,721.05","37,765","1,51,639","43.31"
"DMART","EQ","19-Jan-2022","4,441.15","4,459.00","4,505.00","4,365.00","4,493.20","4,483.40","4,441.79","5,79,886","2,57,57,33,451.50","68,370","2,55,946","44.14"
"DMART","EQ","18-Jan-2022","4,400.50","4,425.00","4,500.00","4,381.00","4,440.00","4,441.15","4,457.63","9,40,894","4,19,41,58,884.85","90,885","3,22,902","34.32"
"DMART","EQ","17-Jan-2022","4,322.70","4,365.00","4,414.00","4,290.45","4,407.00","4,400.50","4,341.16","8,70,335","3,77,82,62,567.95","68,639","4,08,150","46.90"
"DMART","EQ","14-Jan-2022","4,254.60","4,266.00","4,344.45","4,256.15","4,338.00","4,322.70","4,313.06","8,96,929","3,86,85,11,353.70","1,00,324","4,49,049","50.07"
"DMART","EQ","13-Jan-2022","4,276.10","4,276.00","4,354.45","4,221.60","4,253.00","4,254.60","4,258.07","10,90,010","4,64,13,41,387.45","1,54,954","4,80,037","44.04"
"DMART","EQ","12-Jan-2022","4,504.90","4,500.00","4,500.00","4,165.30","4,288.95","4,276.10","4,327.85","25,21,043","10,91,06,88,309.15","2,76,527","12,03,001","47.72"
"DMART","EQ","11-Jan-2022","4,633.55","4,649.00","4,654.90","4,499.00","4,510.00","4,504.90","4,537.50","7,91,417","3,59,10,58,394.65","1,46,932","4,35,077","54.97"
"DMART","EQ","10-Jan-2022","4,731.35","4,784.90","4,784.90","4,620.00","4,635.00","4,633.55","4,665.62","10,37,618","4,84,11,33,867.85","1,27,458","4,83,218","46.57"
"DMART","EQ","07-Jan-2022","4,705.65","4,715.00","4,748.00","4,696.15","4,744.95","4,731.35","4,725.09","3,01,517","1,42,46,94,476.60","34,502","1,59,203","52.80"
"DMART","EQ","06-Jan-2022","4,687.40","4,669.10","4,716.00","4,642.65","4,705.00","4,705.65","4,699.22","3,61,505","1,69,87,91,397.45","31,664","2,30,635","63.80"
"DMART","EQ","05-Jan-2022","4,726.95","4,725.00","4,725.00","4,646.00","4,682.00","4,687.40","4,678.47","2,87,948","1,34,71,57,241.25","37,216","1,43,576","49.86"
"DMART","EQ","04-Jan-2022","4,711.50","4,758.90","4,758.90","4,685.00","4,728.90","4,726.95","4,728.16","2,42,287","1,14,55,71,387.55","33,829","1,20,631","49.79"
"DMART","EQ","03-Jan-2022","4,671.45","4,770.00","4,799.00","4,701.20","4,709.00","4,711.50","4,738.93","5,34,384","2,53,24,06,088.30","76,182","2,22,299","41.60"
"DMART","EQ","31-Dec-2021","4,639.35","4,641.00","4,692.75","4,636.00","4,665.00","4,671.45","4,663.14","1,72,788","80,57,34,221.50","20,893","79,034","45.74"
"DMART","EQ","30-Dec-2021","4,683.95","4,677.50","4,699.00","4,625.00","4,630.70","4,639.35","4,654.33","1,95,753","91,10,98,271.55","29,663","1,07,976","55.16"
"DMART","EQ","29-Dec-2021","4,721.95","4,739.00","4,748.70","4,675.00","4,677.50","4,683.95","4,706.62","1,76,720","83,17,53,487.00","17,776","84,009","47.54"
"DMART","EQ","28-Dec-2021","4,668.65","4,680.00","4,760.95","4,645.00","4,719.40","4,721.95","4,723.42","3,20,963","1,51,60,42,401.85","29,146","1,30,568","40.68"
"DMART","EQ","27-Dec-2021","4,628.90","4,599.00","4,680.00","4,555.25","4,675.00","4,668.65","4,633.66","2,94,366","1,36,39,93,060.20","23,992","1,17,842","40.03"
"DMART","EQ","24-Dec-2021","4,647.90","4,674.00","4,674.00","4,615.00","4,624.90","4,628.90","4,629.66","1,22,078","56,51,79,318.80","18,155","44,001","36.04"
"DMART","EQ","23-Dec-2021","4,655.85","4,711.25","4,711.25","4,631.40","4,650.00","4,647.90","4,654.09","2,04,211","95,04,15,820.10","27,772","1,01,880","49.89"
"DMART","EQ","22-Dec-2021","4,587.40","4,627.95","4,695.50","4,587.40","4,685.00","4,655.85","4,647.06","3,38,380","1,57,24,73,383.80","29,974","1,32,404","39.13"
"DMART","EQ","21-Dec-2021","4,618.95","4,612.50","4,677.00","4,571.05","4,585.00","4,587.40","4,627.11","3,12,536","1,44,61,37,855.35","47,084","1,45,963","46.70"
"DMART","EQ","20-Dec-2021","4,697.80","4,669.00","4,690.00","4,552.25","4,600.00","4,618.95","4,621.34","3,10,441","1,43,46,53,775.25","47,879","1,12,982","36.39"
"DMART","EQ","17-Dec-2021","4,742.10","4,771.00","4,791.25","4,672.15","4,699.80","4,697.80","4,730.34","4,54,824","2,15,14,73,573.35","39,476","2,53,534","55.74"
"DMART","EQ","16-Dec-2021","4,749.45","4,801.00","4,815.15","4,726.15","4,749.00","4,742.10","4,763.21","2,43,570","1,16,01,74,488.90","32,690","1,27,326","52.27"
"DMART","EQ","15-Dec-2021","4,814.40","4,799.90","4,814.25","4,740.00","4,759.00","4,749.45","4,753.41","4,10,084","1,94,92,98,476.30","25,465","3,00,271","73.22"
"DMART","EQ","14-Dec-2021","4,765.80","4,764.75","4,840.00","4,714.10","4,809.00","4,814.40","4,800.42","3,52,396","1,69,16,47,433.90","36,189","1,75,065","49.68"
"DMART","EQ","13-Dec-2021","4,796.60","4,830.00","4,870.00","4,750.00","4,761.80","4,765.80","4,788.33","2,83,323","1,35,66,44,040.10","33,903","1,36,960","48.34"
"DMART","EQ","10-Dec-2021","4,821.20","4,798.00","4,809.70","4,775.50","4,799.00","4,796.60","4,792.12","1,73,574","83,17,86,880.80","26,245","61,750","35.58"
"DMART","EQ","09-Dec-2021","4,814.60","4,822.00","4,878.40","4,777.00","4,815.00","4,821.20","4,818.94","3,16,687","1,52,60,95,975.55","34,714","1,07,922","34.08"
"DMART","EQ","08-Dec-2021","4,660.65","4,708.20","4,842.00","4,708.20","4,818.00","4,814.60","4,784.48","7,63,280","3,65,18,96,959.00","72,921","3,23,607","42.40"
"DMART","EQ","07-Dec-2021","4,593.45","4,674.70","4,719.00","4,611.00","4,672.60","4,660.65","4,667.57","4,35,517","2,03,28,06,257.25","43,064","1,74,074","39.97"
"DMART","EQ","06-Dec-2021","4,799.05","4,820.00","4,821.95","4,580.00","4,608.00","4,593.45","4,674.77","4,66,595","2,18,12,24,216.00","56,054","2,46,435","52.82"
"DMART","EQ","03-Dec-2021","4,782.95","4,799.00","4,850.00","4,775.00","4,801.05","4,799.05","4,814.30","2,87,731","1,38,52,23,981.80","38,793","1,33,088","46.25"
"DMART","EQ","02-Dec-2021","4,693.70","4,750.00","4,794.55","4,718.45","4,780.00","4,782.95","4,772.86","3,51,343","1,67,69,11,754.75","53,149","1,35,552","38.58"
"DMART","EQ","01-Dec-2021","4,710.90","4,750.00","4,848.00","4,666.00","4,698.00","4,693.70","4,748.76","3,74,830","1,77,99,76,714.30","56,790","1,51,889","40.52"
"DMART","EQ","30-Nov-2021","4,673.35","4,673.40","4,800.00","4,661.00","4,725.00","4,710.90","4,725.25","7,90,479","3,73,52,07,835.55","88,858","4,15,136","52.52"
"DMART","EQ","29-Nov-2021","4,718.75","4,687.00","4,721.00","4,455.00","4,669.45","4,673.35","4,619.57","6,09,710","2,81,65,95,854.40","79,984","2,54,059","41.67"
"DMART","EQ","26-Nov-2021","4,894.50","4,860.00","4,860.00","4,700.10","4,720.05","4,718.75","4,752.37","5,18,551","2,46,43,46,921.20","82,597","2,84,409","54.85"
"DMART","EQ","25-Nov-2021","4,882.60","4,930.00","4,930.00","4,854.65","4,884.20","4,894.50","4,885.79","3,64,378","1,78,02,73,046.25","57,945","2,08,723","57.28"
"DMART","EQ","24-Nov-2021","4,843.30","4,876.00","4,958.95","4,850.05","4,869.00","4,882.60","4,907.06","4,83,901","2,37,45,32,487.60","64,605","2,55,408","52.78"
"DMART","EQ","23-Nov-2021","4,828.30","4,829.00","4,920.00","4,758.15","4,840.00","4,843.30","4,842.37","5,80,934","2,81,30,98,326.70","88,465","2,99,869","51.62"
"DMART","EQ","22-Nov-2021","5,080.90","5,100.00","5,100.00","4,782.00","4,829.00","4,828.30","4,900.80","6,50,655","3,18,87,30,489.50","93,054","2,98,225","45.83"
"DMART","EQ","18-Nov-2021","5,126.40","5,130.00","5,180.00","5,037.00","5,060.05","5,080.90","5,099.66","4,28,372","2,18,45,53,610.30","61,486","1,61,424","37.68"
"DMART","EQ","17-Nov-2021","5,081.50","5,080.00","5,180.00","5,079.75","5,123.00","5,126.40","5,146.65","4,47,914","2,30,52,56,586.80","59,812","2,01,108","44.90"
"DMART","EQ","16-Nov-2021","5,023.30","5,025.00","5,100.00","4,982.00","5,070.00","5,081.50","5,054.33","5,38,836","2,72,34,53,818.75","60,795","2,54,910","47.31"
"DMART","EQ","15-Nov-2021","5,078.55","5,075.00","5,075.00","4,980.00","5,024.40","5,023.30","5,031.89","3,24,397","1,63,23,31,308.80","44,516","1,44,122","44.43"
"DMART","EQ","12-Nov-2021","4,997.75","5,044.95","5,097.65","5,026.95","5,060.00","5,078.55","5,070.76","4,87,061","2,46,97,67,887.35","49,668","2,04,529","41.99"
"DMART","EQ","11-Nov-2021","4,960.30","4,960.30","5,040.00","4,901.15","4,998.00","4,997.75","4,982.86","7,35,028","3,66,25,39,734.20","80,387","2,07,668","28.25"
"DMART","EQ","10-Nov-2021","4,757.15","4,745.00","5,000.00","4,726.00","4,975.00","4,960.30","4,891.67","11,28,493","5,52,02,20,674.05","99,528","3,48,613","30.89"
"DMART","EQ","09-Nov-2021","4,748.50","4,748.00","4,774.30","4,723.70","4,749.00","4,757.15","4,749.88","1,80,363","85,67,03,024.30","21,889","58,255","32.30"
"DMART","EQ","08-Nov-2021","4,783.70","4,783.00","4,867.30","4,720.00","4,752.60","4,748.50","4,757.60","3,40,161","1,61,83,49,081.60","48,218","1,40,043","41.17"
"DMART","EQ","04-Nov-2021","4,741.30","4,780.00","4,824.80","4,760.05","4,789.50","4,783.70","4,794.71","1,36,777","65,58,05,746.65","24,701","54,261","39.67"
"DMART","EQ","03-Nov-2021","4,597.05","4,644.00","4,790.00","4,600.00","4,766.00","4,741.30","4,694.47","4,62,222","2,16,98,88,662.10","48,395","1,87,349","40.53"
"DMART","EQ","02-Nov-2021","4,564.75","4,596.70","4,666.80","4,580.00","4,600.00","4,597.05","4,617.77","3,04,774","1,40,73,75,619.45","44,221","1,04,793","34.38"
"DMART","EQ","01-Nov-2021","4,635.45","4,670.00","4,708.00","4,550.00","4,570.00","4,564.75","4,595.42","3,92,446","1,80,34,53,678.80","69,416","1,55,648","39.66"
"DMART","EQ","29-Oct-2021","4,675.65","4,669.00","4,725.00","4,561.15","4,622.00","4,635.45","4,644.68","4,37,818","2,03,35,25,058.40","54,378","1,34,404","30.70"
"DMART","EQ","28-Oct-2021","4,733.00","4,748.00","4,776.85","4,620.00","4,675.15","4,675.65","4,671.53","3,75,073","1,75,21,65,829.80","53,623","1,14,024","30.40"
"DMART","EQ","27-Oct-2021","4,568.50","4,600.00","4,770.00","4,591.55","4,730.50","4,733.00","4,687.53","7,62,605","3,57,47,35,708.50","93,534","2,20,986","28.98"
"DMART","EQ","26-Oct-2021","4,400.60","4,419.00","4,599.00","4,365.00","4,580.00","4,568.50","4,547.52","6,37,834","2,90,05,60,801.50","84,291","1,99,146","31.22"
"DMART","EQ","25-Oct-2021","4,521.45","4,534.30","4,550.00","4,351.00","4,392.00","4,400.60","4,414.02","5,91,416","2,61,05,20,302.35","71,155","2,58,015","43.63"
"DMART","EQ","22-Oct-2021","4,521.25","4,559.00","4,560.00","4,482.00","4,515.00","4,521.45","4,522.52","7,39,603","3,34,48,70,707.25","96,063","2,84,007","38.40"
"DMART","EQ","21-Oct-2021","4,596.40","4,650.00","4,699.50","4,500.00","4,528.95","4,521.25","4,557.27","10,28,678","4,68,79,62,439.60","1,39,043","4,01,841","39.06"
"DMART","EQ","20-Oct-2021","4,754.55","4,789.00","4,860.00","4,470.25","4,636.85","4,596.40","4,587.49","16,77,557","7,69,57,77,445.85","2,18,023","6,18,819","36.89"
"DMART","EQ","19-Oct-2021","4,897.80","5,000.00","5,100.00","4,725.00","4,788.95","4,754.55","4,874.44","18,04,742","8,79,71,04,095.15","2,83,142","5,70,783","31.63"
"DMART","EQ","18-Oct-2021","5,323.75","5,599.00","5,900.00","4,851.10","4,920.00","4,897.80","5,183.58","47,48,382","24,61,36,24,646.70","5,74,588","15,56,195","32.77"
"DMART","EQ","14-Oct-2021","5,117.15","5,194.00","5,420.00","5,180.05","5,360.00","5,323.75","5,330.44","11,87,904","6,33,20,54,300.25","1,48,895","3,10,397","26.13"
"DMART","EQ","13-Oct-2021","4,739.00","4,777.00","5,595.00","4,760.25","5,112.00","5,117.15","5,163.02","25,93,684","13,39,12,49,986.75","3,38,152","3,90,845","15.07"
"DMART","EQ","12-Oct-2021","4,719.45","4,780.00","4,895.00","4,718.85","4,739.00","4,739.00","4,782.92","8,17,027","3,90,77,74,819.00","86,471","3,40,410","41.66"
"DMART","EQ","11-Oct-2021","4,407.95","4,438.00","4,840.00","4,407.00","4,716.50","4,719.45","4,651.09","10,17,160","4,73,09,00,644.05","1,12,396","2,82,743","27.80"
"DMART","EQ","08-Oct-2021","4,311.70","4,326.40","4,421.95","4,299.05","4,400.00","4,407.95","4,372.51","3,14,758","1,37,62,83,504.65","32,012","1,43,595","45.62"
"DMART","EQ","07-Oct-2021","4,218.55","4,254.95","4,337.00","4,251.00","4,310.00","4,311.70","4,304.65","5,70,321","2,45,50,31,061.75","47,971","2,96,561","52.00"
"DMART","EQ","06-Oct-2021","4,257.30","4,292.15","4,295.00","4,205.00","4,210.15","4,218.55","4,243.04","3,01,394","1,27,88,25,985.00","43,590","2,10,412","69.81"
"DMART","EQ","05-Oct-2021","4,257.35","4,284.00","4,284.00","4,246.85","4,257.10","4,257.30","4,262.56","2,42,566","1,03,39,52,917.40","37,591","1,46,464","60.38"
"DMART","BL","04-Oct-2021","2,890.65","4,235.60","4,235.60","4,235.60","4,235.60","4,235.60","4,235.60","1,55,517","65,87,07,805.20","1","-","-"
"DMART","EQ","04-Oct-2021","4,235.60","4,393.95","4,464.35","4,232.20","4,258.00","4,257.35","4,293.62","9,06,261","3,89,11,38,761.90","1,06,852","4,00,318","44.17"
"DMART","EQ","01-Oct-2021","4,250.20","4,250.00","4,284.20","4,220.10","4,242.00","4,235.60","4,241.88","2,03,932","86,50,55,146.40","38,056","1,37,966","67.65"
"DMART","EQ","30-Sep-2021","4,251.20","4,259.75","4,310.00","4,205.25","4,241.00","4,250.20","4,266.89","3,39,960","1,45,05,72,659.75","42,479","2,20,285","64.80"
"DMART","EQ","29-Sep-2021","4,315.75","4,316.00","4,395.95","4,202.00","4,241.35","4,251.20","4,299.83","3,77,254","1,62,21,29,054.40","53,398","2,17,966","57.78"
"DMART","EQ","28-Sep-2021","4,385.75","4,397.00","4,421.90","4,294.95","4,315.00","4,315.75","4,328.36","3,05,671","1,32,30,53,066.25","48,863","1,87,083","61.20"
"DMART","EQ","27-Sep-2021","4,422.35","4,435.00","4,448.95","4,292.50","4,400.50","4,385.75","4,357.05","5,55,192","2,41,89,98,257.70","68,064","3,63,528","65.48"