"Symbol  ","Series  ","Date  ","Prev Close  ","Open Price  ","High Price  ","Low Price  ","Last Price  ","Close Price  ","Average Price ","Total Traded Quantity  ","Turnover ₹  ","No. of Trades  ","Deliverable Qty  ","% Dly Qt to Traded Qty  "
"HINDPETRO","EQ","25-Sep-2026","350.40","352.55","353.80","348.65","351.00","351.00","351.13","49,57,719","1,74,08,18,269.85","37,560","32,39,499","65.34"
"HINDPETRO","EQ","24-Sep-2026","360.00","356.05","358.00","349.30","350.40","350.40","353.07","30,88,358","1,09,04,15,310.60","31,695","17,26,065","55.89"
"HINDPETRO","EQ","23-Sep-2026","360.70","362.50","364.65","358.00","360.00","360.00","361.44","19,68,247","71,14,04,185.05","25,468","8,86,841","45.06"
"HINDPETRO","EQ","22-Sep-2026","357.60","359.20","365.20","354.70","360.70","360.70","360.61","58,30,757","2,10,26,53,827.40","42,113","29,47,469","50.55"
"HINDPETRO","EQ","21-Sep-2026","359.00","356.85","359.85","355.50","357.60","357.60","357.31","16,29,936","58,23,96,454.80","20,073","7,77,535","47.70"
"HINDPETRO","EQ","18-Sep-2026","350.60","352.40","359.00","350.50","359.00","359.00","354.78","65,39,998","2,32,02,77,235.70","35,412","46,18,844","70.62"
"HINDPETRO","EQ","17-Sep-2026","350.05","352.25","353.65","350.35","350.60","350.60","351.78","21,70,850","76,36,65,823.60","22,639","13,91,729","64.11"
"HINDPETRO","EQ","16-Sep-2026","345.30","347.00","352.25","343.05","350.05","350.05","349.06","37,86,470","1,32,17,10,754.20","43,783","22,17,481","58.56"
"HINDPETRO","EQ","15-Sep-2026","352.00","352.65","355.20","344.20","345.30","345.30","349.64","24,94,296","87,21,01,840.20","36,050","11,21,476","44.96"
"HINDPETRO","EQ","11-Sep-2026","352.65","346.50","354.90","340.10","352.00","352.00","346.18","58,35,890","2,02,02,52,229.45","56,529","22,43,107","39.72"
"HINDPETRO","EQ","10-Sep-2026","348.90","347.00","353.85","346.95","352.65","352.65","351.20","29,91,765","1,05,07,02,128.95","32,327","17,14,090","57.29"
"HINDPETRO","EQ","09-Sep-2026","347.00","345.55","350.90","343.55","348.90","348.90","349.06","57,86,455","2,01,98,15,229.40","52,857","34,84,415","60.22"
"HINDPETRO","EQ","08-Sep-2026","356.90","353.40","355.95","346.00","347.00","347.00","350.06","34,33,819","1,20,20,42,054.95","38,017","16,67,838","48.57"
"HINDPETRO","EQ","07-Sep-2026","356.50","355.00","356.90","349.55","356.90","356.90","353.30","38,59,485","1,36,35,75,037.75","41,960","18,61,409","48.23"
"HINDPETRO","EQ","04-Sep-2026","361.35","359.90","360.05","355.55","356.50","356.50","357.39","31,55,139","1,12,76,20,802.00","28,717","20,65,157","65.45"
"HINDPETRO","EQ","03-Sep-2026","359.00","358.00","361.60","357.35","361.35","361.35","359.09","24,29,261","87,23,19,793.40","22,488","13,05,038","53.72"
"HINDPETRO","EQ","02-Sep-2026","363.10","358.30","362.90","355.40","359.00","359.00","358.56","77,05,518","2,76,29,12,468.50","86,435","47,02,480","61.03"
"HINDPETRO","EQ","01-Sep-2026","365.75","361.00","364.55","358.10","363.10","363.10","362.18","17,25,511","62,49,45,593.20","33,178","7,97,000","46.19"
"HINDPETRO","EQ","31-Aug-2026","364.00","362.00","365.75","355.40","365.75","365.75","359.47","77,28,957","2,77,82,90,656.25","58,984","49,15,650","63.60"
"HINDPETRO","EQ","28-Aug-2026","371.00","370.00","370.90","363.85","364.00","364.00","366.10","31,50,636","1,15,34,57,356.80","35,545","14,71,612","46.71"
"HINDPETRO","EQ","27-Aug-2026","375.50","375.45","376.25","368.90","371.00","371.00","371.31","38,72,498","1,43,78,88,584.80","46,621","23,97,974","61.92"
"HINDPETRO","EQ","26-Aug-2026","373.20","376.05","381.70","373.40","375.50","375.50","377.21","30,71,299","1,15,85,24,449.90","24,410","10,98,680","35.77"
"HINDPETRO","EQ","25-Aug-2026","371.95","372.50","374.15","369.50","373.20","373.20","372.01","57,03,835","2,12,18,76,492.05","49,557","34,02,243","59.65"
"HINDPETRO","EQ","24-Aug-2026","363.25","365.00","372.60","364.30","371.95","371.95","370.23","44,91,188","1,66,27,56,375.55","39,013","21,62,295","48.15"
"HINDPETRO","EQ","21-Aug-2026","363.20","364.00","367.00","362.25","363.25","363.25","364.31","37,47,655","1,36,53,09,443.80","32,664","21,29,329","56.82"
"HINDPETRO","EQ","20-Aug-2026","366.45","367.50","368.85","363.20","363.20","363.20","366.16","31,21,502","1,14,29,75,551.85","39,627","13,87,156","44.44"
"HINDPETRO","EQ","19-Aug-2026","366.00","367.00","368.00","364.60","366.45","366.45","366.00","23,52,028","86,08,39,963.20","23,236","11,85,981","50.42"
"HINDPETRO","EQ","18-Aug-2026","371.00","368.90","373.75","365.95","366.00","366.00","369.37","53,20,731","1,96,53,21,686.85","90,232","27,80,083","52.25"
"HINDPETRO","EQ","17-Aug-2026","373.50","372.00","373.65","367.00","371.00","371.00","370.39","36,69,991","1,35,93,35,192.40","36,683","17,66,739","48.14"
"HINDPETRO","EQ","14-Aug-2026","392.90","374.00","374.95","371.00","373.50","373.50","372.88","80,13,809","2,98,81,57,958.90","96,101","44,68,089","55.75"
"HINDPETRO","EQ","13-Aug-2026","390.00","392.75","393.50","389.50","392.90","392.90","391.67","94,50,914","3,70,16,72,150.80","66,865","61,95,198","65.55"
"HINDPETRO","EQ","12-Aug-2026","390.85","392.00","393.00","385.80","390.00","390.00","388.91","1,05,13,694","4,08,88,40,104.75","68,330","68,39,806","65.06"
"HINDPETRO","EQ","11-Aug-2026","393.15","391.80","394.40","385.65","390.85","390.85","390.18","1,03,90,810","4,05,43,19,966.00","87,398","56,82,166","54.68"
"HINDPETRO","EQ","10-Aug-2026","393.05","395.00","396.40","391.15","393.15","393.15","393.08","62,72,362","2,46,55,40,100.35","59,361","38,81,047","61.88"
"HINDPETRO","EQ","07-Aug-2026","395.00","392.95","395.45","392.00","393.05","393.05","393.46","50,95,295","2,00,47,83,678.60","37,958","33,31,128","65.38"
"HINDPETRO","EQ","06-Aug-2026","394.95","396.90","398.90","392.50","395.00","395.00","395.69","46,03,878","1,82,16,86,231.45","52,130","23,22,006","50.44"
"HINDPETRO","EQ","05-Aug-2026","391.50","398.45","401.05","393.50","394.95","394.95","396.95","60,47,719","2,40,06,51,675.85","52,612","32,07,112","53.03"
"HINDPETRO","EQ","04-Aug-2026","395.00","395.00","395.05","390.55","391.50","391.50","392.70","49,74,075","1,95,33,32,161.40","43,140","29,81,911","59.95"
"HINDPETRO","EQ","03-Aug-2026","389.75","396.90","398.85","392.10","395.00","395.00","395.34","49,09,326","1,94,08,45,881.35","38,676","25,57,733","52.10"
"HINDPETRO","EQ","31-Jul-2026","388.45","390.80","391.90","385.60","389.45","389.75","389.33","77,61,816","3,02,18,94,331.20","90,044","50,81,084","65.46"
"HINDPETRO","EQ","30-Jul-2026","392.75","392.80","393.30","386.25","388.50","388.45","388.82","60,84,665","2,36,58,35,377.30","63,454","36,43,536","59.88"
"HINDPETRO","EQ","29-Jul-2026","400.05","399.95","400.05","392.30","392.85","392.75","394.58","56,74,023","2,23,88,52,624.30","69,452","31,33,880","55.23"
"HINDPETRO","EQ","28-Jul-2026","393.95","396.40","401.65","390.85","400.00","400.05","397.21","58,00,724","2,30,41,15,831.45","54,138","27,34,474","47.14"
"HINDPETRO","EQ","27-Jul-2026","381.10","390.20","396.15","386.80","395.35","393.95","391.21","71,19,104","2,78,50,33,257.50","64,332","28,54,585","40.10"
"HINDPETRO","EQ","24-Jul-2026","385.15","381.00","383.35","372.05","382.10","381.10","377.99","86,50,504","3,26,97,66,784.85","1,11,765","37,83,991","43.74"
"HINDPETRO","EQ","23-Jul-2026","395.20","385.00","387.45","376.55","386.10","385.15","383.32","1,66,08,337","6,36,62,70,821.70","1,60,268","79,21,281","47.69"
"HINDPETRO","EQ","22-Jul-2026","406.95","402.00","403.00","393.15","394.35","395.20","397.79","46,99,577","1,86,94,58,517.15","73,200","23,60,970","50.24"
"HINDPETRO","EQ","21-Jul-2026","405.40","405.00","409.95","404.55","407.50","406.95","406.86","41,44,207","1,68,61,18,281.05","55,011","21,12,907","50.98"
"HINDPETRO","EQ","20-Jul-2026","400.40","396.30","407.70","392.70","404.80","405.40","400.34","86,57,829","3,46,60,51,209.55","75,777","40,75,357","47.07"
"HINDPETRO","EQ","17-Jul-2026","399.40","401.00","403.35","396.60","400.70","400.40","399.68","59,51,111","2,37,85,13,609.95","49,636","34,97,832","58.78"
"HINDPETRO","EQ","16-Jul-2026","394.40","397.00","405.80","394.85","399.40","399.40","401.18","52,78,606","2,11,76,71,054.30","45,047","18,70,783","35.44"
"HINDPETRO","EQ","15-Jul-2026","386.00","386.85","395.90","386.80","393.55","394.40","393.86","44,60,216","1,75,67,05,237.70","43,983","21,77,611","48.82"
"HINDPETRO","EQ","14-Jul-2026","391.60","384.70","387.80","381.65","385.90","386.00","385.03","89,94,389","3,46,31,51,180.95","1,16,091","46,66,083","51.88"
"HINDPETRO","EQ","13-Jul-2026","395.30","388.25","394.15","385.55","391.50","391.60","390.28","72,67,088","2,83,61,81,499.50","78,395","40,24,873","55.38"
"HINDPETRO","EQ","10-Jul-2026","392.10","395.10","398.80","394.40","395.95","395.30","396.63","30,11,646","1,19,45,00,078.35","30,757","14,84,185","49.28"
"HINDPETRO","EQ","09-Jul-2026","386.85","386.85","394.00","382.85","392.30","392.10","390.13","42,66,757","1,66,46,08,710.55","53,338","16,58,586","38.87"
"HINDPETRO","EQ","08-Jul-2026","405.95","395.00","396.80","383.10","387.45","386.85","389.12","1,88,52,390","7,33,58,63,736.80","2,03,304","1,03,04,704","54.66"
"HINDPETRO","EQ","07-Jul-2026","400.35","403.10","407.10","401.20","406.00","405.95","404.54","56,27,837","2,27,66,60,059.15","64,006","27,47,626","48.82"
"HINDPETRO","EQ","06-Jul-2026","399.25","400.00","403.80","397.50","400.00","400.35","400.83","30,75,355","1,23,26,89,449.25","41,625","15,06,492","48.99"
"HINDPETRO","EQ","03-Jul-2026","399.55","402.05","402.45","397.50","398.80","399.25","399.14","25,58,215","1,02,10,81,290.70","60,259","13,69,199","53.52"
"HINDPETRO","EQ","02-Jul-2026","392.10","394.95","406.30","394.65","399.15","399.55","401.13","57,39,322","2,30,22,05,634.10","93,445","24,59,734","42.86"
"HINDPETRO","EQ","01-Jul-2026","394.45","396.00","396.25","390.70","392.85","392.10","392.55","38,26,057","1,50,19,18,476.95","41,672","20,08,855","52.50"
"HINDPETRO","EQ","30-Jun-2026","389.60","393.15","395.95","389.60","394.05","394.45","393.37","52,16,033","2,05,18,41,434.05","79,156","27,77,192","53.24"
"HINDPETRO","EQ","29-Jun-2026","409.25","405.30","406.85","388.50","391.40","389.60","394.63","1,03,17,020","4,07,14,18,061.35","1,04,807","66,06,377","64.03"
"HINDPETRO","EQ","25-Jun-2026","412.90","418.50","420.00","407.50","409.00","409.25","412.97","57,56,207","2,37,71,45,014.45","47,058","28,10,545","48.83"
"HINDPETRO","EQ","24-Jun-2026","396.75","396.55","414.00","395.50","412.25","412.90","406.43","77,05,798","3,13,18,54,930.95","92,212","39,82,195","51.68"
"HINDPETRO","EQ","23-Jun-2026","393.25","396.00","400.10","393.00","397.00","396.75","396.57","47,66,451","1,89,02,12,179.35","47,067","21,85,839","45.86"
"HINDPETRO","EQ","22-Jun-2026","392.10","399.10","399.25","392.00","392.50","393.25","394.10","37,77,496","1,48,86,95,816.85","30,822","16,47,228","43.61"
"HINDPETRO","EQ","19-Jun-2026","401.60","400.20","400.30","390.00","392.75","392.10","393.81","59,29,061","2,33,49,42,541.25","50,958","33,95,068","57.26"
"HINDPETRO","EQ","18-Jun-2026","402.65","405.00","405.80","398.60","401.75","401.60","402.10","43,69,524","1,75,69,79,790.70","45,382","23,15,181","52.98"
"HINDPETRO","EQ","17-Jun-2026","401.80","406.50","410.50","401.20","402.30","402.65","404.32","67,71,647","2,73,79,34,588.40","78,914","31,64,859","46.74"
"HINDPETRO","EQ","16-Jun-2026","401.65","405.80","405.80","396.70","402.00","401.80","401.23","52,28,607","2,09,78,84,651.35","60,137","26,63,570","50.94"
"HINDPETRO","EQ","15-Jun-2026","388.90","406.70","409.95","400.05","402.30","401.65","405.04","96,48,829","3,90,82,04,966.20","1,03,646","39,58,048","41.02"
"HINDPETRO","EQ","12-Jun-2026","365.70","377.70","391.10","372.00","389.70","388.90","380.84","1,41,00,531","5,37,00,98,189.35","1,05,349","62,74,073","44.50"
"HINDPETRO","EQ","11-Jun-2026","374.40","370.05","372.25","361.10","367.20","365.70","364.55","1,05,18,376","3,83,44,70,351.00","76,548","60,03,577","57.08"
"HINDPETRO","EQ","10-Jun-2026","382.00","381.55","384.90","373.75","374.70","374.40","377.34","45,75,738","1,72,66,01,946.60","43,365","22,19,297","48.50"
"HINDPETRO","EQ","09-Jun-2026","372.75","376.00","383.25","372.20","382.65","382.00","379.32","66,67,087","2,52,89,33,417.70","46,080","38,29,573","57.44"
"HINDPETRO","EQ","08-Jun-2026","385.05","380.80","381.20","371.35","372.20","372.75","376.08","42,36,128","1,59,31,05,611.95","58,486","22,47,507","53.06"
"HINDPETRO","EQ","05-Jun-2026","387.00","387.00","389.80","383.75","385.25","385.05","385.71","30,03,625","1,15,85,26,338.85","44,317","14,96,163","49.81"
"HINDPETRO","EQ","04-Jun-2026","384.10","382.80","390.90","382.35","387.50","387.00","387.72","48,06,376","1,86,35,09,969.90","52,235","25,09,671","52.22"
"HINDPETRO","EQ","03-Jun-2026","383.75","378.90","386.40","378.65","383.00","384.10","382.94","46,60,225","1,78,45,66,927.30","42,791","21,89,196","46.98"
"HINDPETRO","EQ","02-Jun-2026","388.60","384.85","391.05","383.00","384.00","383.75","385.93","47,07,348","1,81,66,85,399.10","55,547","25,09,364","53.31"
"HINDPETRO","EQ","01-Jun-2026","393.85","394.05","396.05","384.45","388.00","388.60","388.68","48,88,011","1,89,98,77,998.55","50,574","21,79,919","44.60"
"HINDPETRO","EQ","29-May-2026","402.90","407.00","409.00","390.00","393.95","393.85","397.97","1,26,24,474","5,02,41,28,449.00","1,60,297","81,78,811","64.79"
"HINDPETRO","EQ","27-May-2026","398.00","398.00","404.20","393.20","403.50","402.90","399.26","86,15,664","3,43,99,17,750.50","78,874","46,74,848","54.26"
"HINDPETRO","EQ","26-May-2026","403.35","403.20","403.30","396.70","397.00","398.00","399.49","42,41,199","1,69,43,08,385.05","55,928","18,94,948","44.68"
"HINDPETRO","EQ","25-May-2026","389.65","403.00","412.55","402.20","403.65","403.35","405.81","1,02,14,359","4,14,50,61,465.10","94,353","31,03,412","30.38"
"HINDPETRO","EQ","22-May-2026","388.80","388.80","391.00","385.35","389.80","389.65","389.40","38,00,324","1,47,98,30,784.70","51,593","20,55,758","54.09"
"HINDPETRO","EQ","21-May-2026","382.75","386.75","391.40","384.55","388.45","388.80","388.54","71,48,227","2,77,73,67,503.60","74,935","34,94,321","48.88"
"HINDPETRO","EQ","20-May-2026","371.00","367.00","383.50","363.75","383.00","382.75","377.36","97,46,627","3,67,79,84,509.90","1,18,842","50,41,914","51.73"
"HINDPETRO","EQ","19-May-2026","358.90","363.15","372.40","362.55","371.25","371.00","369.80","58,49,675","2,16,32,10,478.90","57,811","27,85,280","47.61"
"HINDPETRO","EQ","18-May-2026","366.40","360.00","362.25","355.80","359.50","358.90","358.04","71,02,917","2,54,30,94,857.65","73,741","33,13,804","46.65"
"HINDPETRO","EQ","15-May-2026","377.55","370.20","372.20","363.20","366.70","366.40","367.43","1,37,99,583","5,07,04,27,329.05","1,14,411","62,65,267","45.40"
"HINDPETRO","EQ","14-May-2026","390.10","388.80","388.80","370.95","378.05","377.55","376.57","1,07,45,610","4,04,64,34,972.70","1,08,049","33,66,043","31.32"
"HINDPETRO","EQ","13-May-2026","369.90","372.40","392.00","370.55","390.95","390.10","383.10","1,64,77,697","6,31,25,73,147.60","1,74,046","57,19,947","34.71"
"HINDPETRO","EQ","12-May-2026","377.80","370.50","375.05","363.70","370.65","369.90","369.01","89,73,439","3,31,12,58,471.75","81,226","34,57,600","38.53"
"HINDPETRO","EQ","11-May-2026","387.00","383.00","383.40","375.10","378.30","377.80","378.18","53,92,032","2,03,91,58,471.80","94,853","23,10,226","42.85"
"HINDPETRO","EQ","08-May-2026","396.50","393.50","395.10","385.00","387.50","387.00","389.80","77,20,086","3,00,92,76,113.45","91,844","46,09,322","59.71"
"HINDPETRO","EQ","07-May-2026","399.20","399.40","404.25","387.00","398.45","396.50","396.22","1,12,41,091","4,45,39,52,228.60","1,42,443","42,98,527","38.24"
"HINDPETRO","EQ","06-May-2026","373.90","379.00","402.40","377.40","399.30","399.20","390.46","1,26,41,387","4,93,59,33,349.25","1,08,527","56,90,551","45.02"
"HINDPETRO","EQ","05-May-2026","373.85","370.00","376.00","365.40","374.80","373.90","371.06","62,12,198","2,30,51,18,935.95","70,487","30,93,435","49.80"
"HINDPETRO","EQ","04-May-2026","374.55","379.00","380.00","372.50","374.00","373.85","375.42","73,46,729","2,75,80,81,460.75","91,704","45,06,149","61.34"
"HINDPETRO","EQ","30-Apr-2026","380.60","375.00","376.80","369.30","374.65","374.55","373.52","53,70,044","2,00,58,44,499.50","63,659","24,95,117","46.46"
"HINDPETRO","EQ","29-Apr-2026","380.05","380.05","384.50","377.50","381.00","380.60","380.88","47,77,651","1,81,97,10,861.55","56,564","23,05,159","48.25"
"HINDPETRO","EQ","28-Apr-2026","380.90","379.50","382.20","375.00","380.00","380.05","379.27","45,91,112","1,74,12,51,905.30","62,551","22,09,550","48.13"
"HINDPETRO","EQ","27-Apr-2026","373.50","376.00","384.95","372.75","382.00","380.90","380.24","41,17,585","1,56,56,85,538.90","49,612","19,19,583","46.62"
"HINDPETRO","EQ","24-Apr-2026","376.90","375.00","376.40","368.70","374.80","373.50","372.10","56,55,425","2,10,43,89,075.60","64,357","30,62,870","54.16"
"HINDPETRO","EQ","23-Apr-2026","382.55","377.35","378.90","371.10","377.40","376.90","375.72","67,74,817","2,54,54,45,890.45","72,111","29,05,586","42.89"
"HINDPETRO","EQ","22-Apr-2026","384.40","376.30","386.95","376.30","380.30","382.55","383.35","47,54,747","1,82,27,41,290.15","49,378","21,87,640","46.01"
"HINDPETRO","EQ","21-Apr-2026","379.50","378.00","388.00","377.55","383.95","384.40","383.45","74,74,015","2,86,59,34,339.95","86,014","42,45,276","56.80"
"HINDPETRO","EQ","20-Apr-2026","370.85","369.00","383.35","368.15","379.00","379.50","377.55","1,01,94,682","3,84,89,74,702.95","92,806","47,33,384","46.43"
"HINDPETRO","EQ","17-Apr-2026","370.25","367.00","372.80","364.80","372.30","370.85","369.93","62,78,506","2,32,26,08,004.50","78,595","27,79,083","44.26"
"HINDPETRO","EQ","16-Apr-2026","366.65","370.65","371.90","365.75","370.10","370.25","369.31","63,36,442","2,34,00,79,895.85","58,862","34,09,600","53.81"
"HINDPETRO","EQ","15-Apr-2026","349.40","362.30","369.90","362.00","366.45","366.65","366.68","1,12,04,269","4,10,84,28,564.45","97,863","47,98,760","42.83"
"HINDPETRO","EQ","13-Apr-2026","360.60","346.10","351.00","340.80","350.50","349.40","347.40","93,27,976","3,24,05,25,116.05","84,025","34,30,151","36.77"
"HINDPETRO","EQ","10-Apr-2026","358.00","361.00","366.90","357.05","361.00","360.60","360.82","63,47,879","2,29,04,35,689.20","80,002","29,40,305","46.32"
"HINDPETRO","EQ","09-Apr-2026","364.25","361.80","362.90","354.30","358.00","358.00","358.26","1,33,72,048","4,79,06,03,279.65","1,13,155","63,98,021","47.85"
"HINDPETRO","EQ","08-Apr-2026","331.40","354.00","367.65","351.00","364.95","364.25","360.46","2,59,74,676","9,36,28,21,334.90","2,20,076","88,91,370","34.23"
"HINDPETRO","EQ","07-Apr-2026","328.05","325.00","332.75","319.55","329.65","331.40","324.96","1,02,64,622","3,33,56,16,892.95","1,16,841","44,54,430","43.40"
"HINDPETRO","EQ","06-Apr-2026","326.00","326.00","330.60","317.75","328.85","328.05","323.19","50,89,386","1,64,48,60,550.05","50,956","11,75,039","23.09"
"HINDPETRO","EQ","02-Apr-2026","335.55","329.00","329.65","318.25","326.35","326.00","322.62","75,95,679","2,45,04,93,604.60","83,085","27,05,621","35.62"
"HINDPETRO","EQ","01-Apr-2026","335.40","350.00","350.00","333.20","335.00","335.55","339.52","1,02,24,051","3,47,12,52,724.25","87,416","39,84,626","38.97"
"HINDPETRO","EQ","30-Mar-2026","340.90","332.00","341.60","325.00","335.30","335.40","336.84","1,05,84,452","3,56,52,39,553.30","78,731","40,33,203","38.10"
"HINDPETRO","EQ","27-Mar-2026","344.00","352.50","357.70","338.25","340.25","340.90","344.60","1,55,93,599","5,37,35,50,318.80","1,60,302","56,15,622","36.01"
"HINDPETRO","EQ","25-Mar-2026","336.80","345.00","348.95","337.55","345.30","344.00","343.84","1,31,28,269","4,51,39,84,111.90","1,29,526","58,49,348","44.56"
"HINDPETRO","EQ","24-Mar-2026","319.15","331.00","338.45","319.60","336.10","336.80","331.59","1,15,12,642","3,81,75,28,021.60","1,16,081","41,71,736","36.24"
"HINDPETRO","EQ","23-Mar-2026","336.30","324.00","329.65","316.20","321.50","319.15","320.71","1,31,82,560","4,22,77,40,897.85","1,33,399","60,22,447","45.68"
"HINDPETRO","EQ","20-Mar-2026","324.80","330.05","345.35","330.05","338.95","336.30","337.51","2,41,69,602","8,15,74,50,355.50","2,14,662","1,02,12,093","42.25"
"HINDPETRO","EQ","19-Mar-2026","349.35","340.20","340.20","321.50","327.45","324.80","328.33","2,58,18,465","8,47,69,52,461.50","3,08,238","1,08,29,449","41.94"
"HINDPETRO","EQ","18-Mar-2026","346.20","350.00","355.45","346.25","349.00","349.35","350.38","93,19,269","3,26,53,15,562.25","1,37,079","51,61,212","55.38"
"HINDPETRO","EQ","17-Mar-2026","353.80","354.15","355.05","340.00","346.00","346.20","345.06","1,46,66,300","5,06,07,21,216.05","1,64,030","77,58,547","52.90"
"HINDPETRO","EQ","16-Mar-2026","368.75","361.00","364.95","348.30","355.60","353.80","353.51","1,46,57,696","5,18,16,34,915.80","1,88,450","77,23,453","52.69"
"HINDPETRO","EQ","13-Mar-2026","384.35","379.55","379.55","366.30","369.35","368.75","371.05","58,16,666","2,15,82,82,629.10","75,155","31,81,010","54.69"
"HINDPETRO","EQ","12-Mar-2026","384.25","376.40","388.85","367.50","384.20","384.35","380.82","85,73,492","3,26,49,47,719.05","82,645","35,60,011","41.52"
"HINDPETRO","EQ","11-Mar-2026","387.35","388.75","393.55","382.95","383.30","384.25","388.03","78,83,718","3,05,91,22,681.95","1,14,881","41,23,838","52.31"
"HINDPETRO","EQ","10-Mar-2026","384.55","396.00","406.65","381.10","388.70","387.35","386.00","1,14,11,957","4,40,49,67,719.30","1,79,199","52,96,354","46.41"
"HINDPETRO","EQ","09-Mar-2026","404.95","385.20","389.45","370.15","384.65","384.55","380.57","2,48,36,194","9,45,18,84,954.60","1,83,717","1,11,14,337","44.75"
"HINDPETRO","EQ","06-Mar-2026","418.40","420.00","420.00","402.10","405.25","404.95","410.82","71,96,619","2,95,65,09,500.65","1,28,204","36,84,646","51.20"
"HINDPETRO","EQ","05-Mar-2026","401.45","403.80","426.50","400.10","416.80","418.40","412.57","1,01,65,454","4,19,39,70,106.35","98,473","38,65,823","38.03"
"HINDPETRO","EQ","04-Mar-2026","424.50","413.80","416.40","400.10","401.80","401.45","405.65","65,82,702","2,67,02,89,053.30","1,09,364","27,01,451","41.04"
"HINDPETRO","EQ","02-Mar-2026","438.75","421.10","435.60","415.95","425.30","424.50","427.78","1,22,50,296","5,24,04,72,775.15","1,31,333","56,91,301","46.46"
"HINDPETRO","EQ","27-Feb-2026","444.00","444.00","444.05","436.10","438.50","438.75","439.62","53,41,791","2,34,83,33,455.85","76,864","31,17,631","58.36"
"HINDPETRO","EQ","26-Feb-2026","436.70","438.80","445.35","436.05","444.05","444.00","440.27","44,63,697","1,96,52,28,784.00","59,003","24,77,268","55.50"
"HINDPETRO","EQ","25-Feb-2026","447.05","449.70","454.70","432.45","437.35","436.70","439.10","54,42,008","2,38,95,61,062.80","61,830","21,39,791","39.32"
"HINDPETRO","EQ","24-Feb-2026","438.50","437.00","448.95","436.15","447.50","447.05","442.18","35,15,127","1,55,43,28,255.30","60,164","17,12,675","48.72"
"HINDPETRO","EQ","23-Feb-2026","430.90","435.00","442.00","432.60","438.45","438.50","437.88","28,26,172","1,23,75,35,383.55","40,242","12,13,550","42.94"
"HINDPETRO","EQ","20-Feb-2026","434.35","430.00","435.50","426.75","431.10","430.90","430.26","47,38,497","2,03,87,78,459.90","50,545","23,56,303","49.73"
"HINDPETRO","EQ","19-Feb-2026","457.05","452.80","453.30","430.90","433.30","434.35","439.70","52,62,959","2,31,41,18,907.50","47,274","28,02,712","53.25"
"HINDPETRO","EQ","18-Feb-2026","454.25","456.05","458.70","454.00","457.35","457.05","456.39","11,51,972","52,57,53,369.95","20,295","3,43,066","29.78"
"HINDPETRO","EQ","17-Feb-2026","452.05","451.60","454.90","444.30","454.70","454.25","449.93","14,20,593","63,91,70,353.90","28,480","4,56,989","32.17"
"HINDPETRO","EQ","16-Feb-2026","450.20","448.00","452.60","445.00","451.90","452.05","448.51","8,79,388","39,44,11,641.40","21,494","2,71,075","30.83"
"HINDPETRO","EQ","13-Feb-2026","452.35","452.35","455.25","448.75","451.00","450.20","451.13","19,12,866","86,29,45,240.55","38,842","8,96,891","46.89"
"HINDPETRO","EQ","12-Feb-2026","461.75","461.80","464.60","448.25","452.35","452.35","455.08","39,49,831","1,79,74,78,755.00","71,559","20,64,902","52.28"
"HINDPETRO","EQ","11-Feb-2026","461.25","462.00","467.90","459.30","461.50","461.75","463.05","29,97,852","1,38,81,41,130.45","47,004","14,81,545","49.42"
"HINDPETRO","EQ","10-Feb-2026","463.65","463.30","465.30","457.30","460.00","461.25","460.75","26,18,235","1,20,63,57,806.25","47,620","10,59,712","40.47"
"HINDPETRO","EQ","09-Feb-2026","463.15","464.00","467.70","460.50","463.40","463.65","464.38","27,23,273","1,26,46,24,767.55","48,138","13,47,179","49.47"
"HINDPETRO","EQ","06-Feb-2026","458.85","460.65","467.90","459.65","462.50","463.15","464.15","47,02,809","2,18,27,90,542.80","59,503","18,54,458","39.43"
"HINDPETRO","EQ","05-Feb-2026","458.85","466.45","473.60","455.10","458.00","458.85","463.29","59,86,826","2,77,36,22,780.35","76,331","26,71,828","44.63"
"HINDPETRO","EQ","04-Feb-2026","450.70","452.00","464.80","450.30","460.00","458.85","459.69","80,77,255","3,71,30,63,582.25","56,764","46,43,445","57.49"
"HINDPETRO","EQ","03-Feb-2026","453.25","470.00","475.75","444.10","450.50","450.70","452.80","99,71,651","4,51,51,61,166.35","79,915","51,69,383","51.84"
"HINDPETRO","EQ","02-Feb-2026","431.45","438.95","455.00","433.50","453.65","453.25","445.38","1,23,94,412","5,52,01,87,767.75","1,09,650","40,96,607","33.05"
"HINDPETRO","EQ","01-Feb-2026","427.00","427.80","435.85","402.70","431.95","431.45","421.92","44,50,935","1,87,79,19,062.25","50,634","9,69,175","21.77"
"HINDPETRO","EQ","30-Jan-2026","432.60","431.00","435.75","423.45","425.95","427.00","428.20","64,29,392","2,75,30,52,327.95","84,447","35,73,434","55.58"
"HINDPETRO","EQ","29-Jan-2026","433.25","433.00","436.90","428.00","432.30","432.60","431.59","54,27,396","2,34,24,13,723.50","66,754","29,31,689","54.02"
"HINDPETRO","EQ","28-Jan-2026","419.35","421.00","437.40","418.00","433.00","433.25","431.00","52,68,771","2,27,08,22,441.45","72,928","25,72,093","48.82"
"HINDPETRO","EQ","27-Jan-2026","414.85","416.95","421.90","412.55","420.30","419.35","417.45","42,21,203","1,76,21,55,003.25","58,894","21,06,926","49.91"
"HINDPETRO","EQ","23-Jan-2026","427.70","430.00","431.70","413.75","414.50","414.85","423.14","61,40,298","2,59,81,86,926.45","80,434","33,80,483","55.05"
"HINDPETRO","EQ","22-Jan-2026","429.05","429.70","434.50","424.30","427.50","427.70","427.44","47,51,687","2,03,10,83,790.85","89,224","20,94,825","44.09"
"HINDPETRO","EQ","21-Jan-2026","438.60","440.00","442.15","428.00","430.40","429.05","432.69","52,00,234","2,25,01,01,400.20","55,301","26,39,130","50.75"
"HINDPETRO","EQ","20-Jan-2026","453.20","453.65","453.65","436.70","438.40","438.60","441.19","39,48,024","1,74,18,47,831.20","50,801","13,27,090","33.61"
"HINDPETRO","EQ","19-Jan-2026","457.90","457.90","460.00","451.60","454.00","453.20","454.46","26,24,525","1,19,27,42,080.60","39,762","13,47,441","51.34"
"HINDPETRO","EQ","16-Jan-2026","440.15","445.00","458.75","445.00","456.45","457.90","454.62","80,60,832","3,66,46,25,216.55","91,181","47,03,973","58.36"
"HINDPETRO","EQ","14-Jan-2026","448.85","447.35","448.20","437.25","440.00","440.15","441.54","80,97,390","3,57,52,82,667.15","60,718","54,80,791","67.69"
"HINDPETRO","EQ","13-Jan-2026","451.05","451.00","453.50","445.10","448.50","448.85","448.72","18,42,284","82,66,76,944.95","39,510","7,34,254","39.86"
"HINDPETRO","EQ","12-Jan-2026","448.75","451.00","451.90","441.70","450.80","451.05","447.32","27,94,252","1,24,99,27,510.70","39,179","13,76,913","49.28"
"HINDPETRO","EQ","09-Jan-2026","452.20","452.00","455.20","446.30","449.95","448.75","449.86","70,18,633","3,15,74,01,249.00","96,954","42,40,090","60.41"
"HINDPETRO","EQ","08-Jan-2026","476.45","475.00","475.00","448.95","450.70","452.20","457.76","65,27,619","2,98,81,00,436.85","80,672","29,43,595","45.09"
"HINDPETRO","EQ","07-Jan-2026","482.35","483.00","485.05","475.00","475.50","476.45","478.94","25,48,077","1,22,03,79,282.20","41,901","10,79,521","42.37"
"HINDPETRO","EQ","06-Jan-2026","492.40","492.00","492.35","474.50","480.55","482.35","481.25","43,41,976","2,08,95,94,494.80","50,694","15,33,947","35.33"
"HINDPETRO","EQ","05-Jan-2026","495.85","495.15","508.45","488.10","491.00","492.40","498.53","84,89,981","4,23,24,94,928.20","76,776","46,09,893","54.30"
"HINDPETRO","EQ","02-Jan-2026","498.60","498.60","501.70","492.30","497.25","495.85","495.98","65,13,192","3,23,04,11,247.85","98,028","46,31,143","71.10"
"HINDPETRO","EQ","01-Jan-2026","499.05","499.75","502.15","493.00","497.45","498.60","497.70","32,87,789","1,63,63,37,267.25","62,599","12,94,939","39.39"
"HINDPETRO","EQ","31-Dec-2025","468.75","469.80","500.90","469.05","499.50","499.05","492.64","1,19,48,717","5,88,64,24,522.60","1,48,734","53,07,340","44.42"
"HINDPETRO","EQ","30-Dec-2025","474.15","475.25","480.75","467.40","470.00","468.75","473.54","53,80,500","2,54,78,99,024.30","78,787","27,15,182","50.46"
"HINDPETRO","EQ","29-Dec-2025","467.70","468.50","475.95","466.90","475.95","474.15","472.64","16,17,182","76,43,50,525.80","35,620","6,02,564","37.26"
"HINDPETRO","EQ","26-Dec-2025","470.70","470.70","471.00","465.05","467.00","467.70","467.39","10,95,275","51,19,19,822.85","19,054","3,59,735","32.84"
"HINDPETRO","EQ","24-Dec-2025","475.10","475.10","477.50","469.25","469.30","470.70","473.36","15,48,951","73,32,16,595.20","25,571","8,37,924","54.10"
"HINDPETRO","EQ","23-Dec-2025","475.55","477.00","477.40","471.30","475.10","475.10","474.07","18,81,359","89,18,92,951.85","38,157","9,71,276","51.63"
"HINDPETRO","EQ","22-Dec-2025","469.75","470.00","478.05","468.30","474.90","475.55","475.78","28,96,134","1,37,79,12,684.75","45,522","15,71,371","54.26"
"HINDPETRO","EQ","19-Dec-2025","464.00","466.00","470.40","462.55","469.00","469.75","467.70","33,05,705","1,54,60,71,938.60","63,069","21,20,916","64.16"
"HINDPETRO","EQ","18-Dec-2025","465.45","466.60","468.30","457.85","464.50","464.00","462.76","12,17,678","56,34,93,661.50","22,960","5,22,588","42.92"
"HINDPETRO","EQ","17-Dec-2025","465.35","466.00","471.75","464.45","465.00","465.45","468.11","22,84,665","1,06,94,78,286.70","38,482","10,48,227","45.88"
"HINDPETRO","EQ","16-Dec-2025","466.15","466.10","468.30","460.20","465.35","465.35","463.61","15,08,242","69,92,30,068.00","32,867","7,30,411","48.43"
"HINDPETRO","EQ","15-Dec-2025","459.90","461.05","468.15","456.50","466.40","466.15","464.93","31,39,768","1,45,97,63,707.80","71,174","13,16,509","41.93"
"HINDPETRO","EQ","12-Dec-2025","448.05","449.00","461.50","448.50","460.20","459.90","455.93","26,17,358","1,19,33,40,075.80","42,939","12,93,527","49.42"
"HINDPETRO","EQ","11-Dec-2025","449.50","451.80","451.95","443.50","449.00","448.05","447.24","22,84,129","1,02,15,62,731.65","40,048","11,88,281","52.02"
"HINDPETRO","EQ","10-Dec-2025","448.75","450.50","456.90","448.50","448.80","449.50","451.26","27,23,651","1,22,90,79,903.15","44,082","16,18,323","59.42"
"HINDPETRO","EQ","09-Dec-2025","445.95","445.15","453.90","442.30","447.85","448.75","448.07","67,94,529","3,04,44,58,068.05","41,310","44,31,567","65.22"
"HINDPETRO","EQ","08-Dec-2025","450.35","451.80","452.95","442.70","447.00","445.95","446.84","32,38,893","1,44,72,59,715.80","53,416","19,32,152","59.65"
"HINDPETRO","EQ","05-Dec-2025","447.95","447.95","451.95","445.40","449.25","450.35","449.72","21,14,565","95,09,52,351.90","39,991","12,85,520","60.79"
"HINDPETRO","EQ","04-Dec-2025","450.70","451.90","453.75","445.00","446.85","447.95","447.79","31,32,109","1,40,25,35,374.85","49,873","21,24,407","67.83"
"HINDPETRO","EQ","03-Dec-2025","450.45","450.95","455.30","446.65","451.45","450.70","450.41","41,91,593","1,88,79,25,040.55","51,007","28,16,697","67.20"
"HINDPETRO","EQ","02-Dec-2025","451.95","455.00","460.45","447.00","448.40","450.45","451.63","53,23,687","2,40,43,47,983.25","84,730","32,08,661","60.27"
"HINDPETRO","EQ","01-Dec-2025","457.50","458.00","461.10","449.00","451.40","451.95","454.21","21,40,607","97,22,87,759.30","46,933","11,48,452","53.65"
"HINDPETRO","EQ","28-Nov-2025","463.40","462.00","462.50","455.70","457.95","457.50","458.27","15,39,822","70,56,53,309.55","25,215","8,25,872","53.63"
"HINDPETRO","EQ","27-Nov-2025","466.25","467.10","469.30","459.15","463.00","463.40","462.91","22,36,914","1,03,54,85,299.95","46,207","11,62,897","51.99"
"HINDPETRO","EQ","26-Nov-2025","455.25","457.10","467.70","457.05","466.90","466.25","464.67","36,90,761","1,71,50,03,242.05","90,338","21,27,229","57.64"
"HINDPETRO","EQ","25-Nov-2025","463.05","461.75","462.00","452.75","456.25","455.25","456.86","62,35,243","2,84,86,58,266.90","60,493","42,35,253","67.92"
"HINDPETRO","EQ","24-Nov-2025","471.90","471.90","474.50","462.00","463.80","463.05","465.76","80,97,325","3,77,14,13,310.55","65,454","62,91,197","77.69"
"HINDPETRO","EQ","21-Nov-2025","477.90","477.60","478.00","470.15","472.00","471.90","473.26","27,63,162","1,30,77,07,476.10","39,778","15,36,011","55.59"
"HINDPETRO","EQ","20-Nov-2025","477.15","478.00","481.35","474.45","478.90","477.90","477.70","28,59,788","1,36,61,10,012.45","36,245","18,58,852","65.00"
"HINDPETRO","EQ","19-Nov-2025","483.55","482.60","485.00","475.30","477.00","477.15","478.55","39,37,809","1,88,44,41,564.25","41,217","26,39,631","67.03"
"HINDPETRO","EQ","18-Nov-2025","486.50","486.40","488.50","482.40","484.00","483.55","484.83","17,80,519","86,32,41,934.80","34,527","10,61,431","59.61"
"HINDPETRO","EQ","17-Nov-2025","481.25","483.00","492.20","482.40","486.00","486.50","487.06","34,78,922","1,69,44,41,385.45","69,110","21,14,010","60.77"
"HINDPETRO","EQ","14-Nov-2025","486.05","483.10","488.75","477.35","481.55","481.25","481.42","24,56,049","1,18,23,90,848.70","59,126","13,59,857","55.37"
"HINDPETRO","EQ","13-Nov-2025","484.90","487.00","490.40","481.90","486.00","486.05","486.30","28,07,895","1,36,54,74,519.85","50,974","14,58,823","51.95"
"HINDPETRO","EQ","12-Nov-2025","487.90","490.00","494.45","483.25","483.55","484.90","488.33","35,68,821","1,74,27,76,484.30","53,638","17,16,284","48.09"
"HINDPETRO","EQ","11-Nov-2025","482.00","480.50","489.50","470.00","488.25","487.90","483.25","68,15,234","3,29,34,54,041.65","70,512","41,92,358","61.51"
"HINDPETRO","EQ","10-Nov-2025","479.55","479.55","485.20","477.75","481.60","482.00","482.36","22,22,672","1,07,21,32,357.95","37,797","12,20,818","54.93"
"HINDPETRO","EQ","07-Nov-2025","473.15","472.00","480.90","468.35","476.10","479.55","474.30","50,59,893","2,39,99,11,988.65","80,849","29,78,266","58.86"
"HINDPETRO","EQ","06-Nov-2025","484.85","484.00","484.00","471.75","472.30","473.15","475.14","51,56,374","2,45,00,17,217.05","79,092","30,45,376","59.06"
"HINDPETRO","EQ","04-Nov-2025","484.10","483.75","491.40","482.75","483.05","484.85","486.21","60,47,242","2,94,02,04,914.50","70,296","35,00,578","57.89"
"HINDPETRO","EQ","03-Nov-2025","476.00","481.50","487.40","480.05","483.55","484.10","483.95","61,95,012","2,99,80,96,775.10","74,579","30,46,851","49.18"
"HINDPETRO","EQ","31-Oct-2025","469.75","469.95","484.10","469.35","476.00","476.00","477.74","78,91,214","3,76,99,40,698.35","1,19,364","37,00,510","46.89"
"HINDPETRO","EQ","30-Oct-2025","468.85","470.00","478.80","464.55","469.20","469.75","471.77","95,64,962","4,51,24,92,028.40","89,806","32,54,603","34.03"
"HINDPETRO","EQ","29-Oct-2025","452.15","451.10","470.90","451.10","470.90","468.85","463.19","83,51,676","3,86,84,40,904.60","83,066","42,20,426","50.53"
"HINDPETRO","EQ","28-Oct-2025","453.75","454.00","456.70","449.20","452.90","452.15","452.72","44,77,594","2,02,70,75,854.25","43,558","21,92,205","48.96"
"HINDPETRO","EQ","27-Oct-2025","438.45","438.10","454.55","438.00","453.55","453.75","450.67","55,26,263","2,49,05,00,617.25","71,196","28,08,238","50.82"
"HINDPETRO","EQ","24-Oct-2025","440.70","436.25","444.00","432.10","438.10","438.45","438.06","43,41,566","1,90,18,51,989.35","49,946","16,08,387","37.05"
"HINDPETRO","EQ","23-Oct-2025","455.40","454.55","454.55","437.05","440.80","440.70","442.23","61,69,707","2,72,83,98,951.30","61,624","26,36,302","42.73"
"HINDPETRO","EQ","21-Oct-2025","452.95","454.95","456.50","451.70","453.05","455.40","454.70","3,27,276","14,88,11,666.80","5,849","1,06,105","32.42"
"HINDPETRO","EQ","20-Oct-2025","448.60","450.00","457.60","450.00","452.85","452.95","453.30","21,28,923","96,50,36,122.80","36,337","11,20,204","52.62"
"HINDPETRO","EQ","17-Oct-2025","451.95","453.00","459.00","446.00","449.00","448.60","451.94","32,62,100","1,47,42,85,939.80","37,761","16,68,322","51.14"
"HINDPETRO","EQ","16-Oct-2025","448.65","449.50","456.20","443.20","452.10","451.95","451.00","53,17,330","2,39,80,89,723.45","51,837","28,40,851","53.43"
"HINDPETRO","EQ","15-Oct-2025","442.65","445.00","451.85","439.35","448.05","448.65","447.70","65,39,175","2,92,76,10,483.60","47,904","40,97,973","62.67"
"HINDPETRO","EQ","14-Oct-2025","451.35","452.10","454.85","440.55","441.10","442.65","444.91","17,03,812","75,80,37,531.75","41,405","8,15,260","47.85"
"HINDPETRO","EQ","13-Oct-2025","452.50","454.50","457.00","444.00","452.10","451.35","447.71","59,14,037","2,64,77,82,696.50","50,000","29,89,417","50.55"
"HINDPETRO","EQ","10-Oct-2025","458.00","456.50","461.35","450.85","452.90","452.50","454.77","17,09,268","77,73,21,141.15","29,854","8,44,217","49.39"
"HINDPETRO","EQ","09-Oct-2025","457.30","460.50","464.80","456.05","457.10","458.00","459.81","36,13,774","1,66,16,52,490.50","57,415","17,22,921","47.68"
"HINDPETRO","EQ","08-Oct-2025","454.25","452.00","463.00","452.00","458.00","457.30","457.68","41,92,443","1,91,88,12,759.05","82,805","20,91,494","49.89"
"HINDPETRO","EQ","07-Oct-2025","456.30","456.80","465.20","453.00","455.10","454.25","459.72","84,44,885","3,88,22,55,516.70","1,04,627","33,79,374","40.02"
"HINDPETRO","EQ","06-Oct-2025","446.30","446.00","459.15","440.10","452.65","456.30","449.47","43,23,430","1,94,32,38,349.05","53,909","16,10,597","37.25"
"HINDPETRO","EQ","03-Oct-2025","434.40","439.00","447.00","431.80","445.20","446.30","440.25","62,94,835","2,77,13,06,956.25","62,400","29,66,970","47.13"
"HINDPETRO","EQ","01-Oct-2025","443.40","443.50","449.90","433.40","433.90","434.40","440.09","64,69,324","2,84,70,75,385.90","70,510","39,62,100","61.24"
"HINDPETRO","EQ","30-Sep-2025","441.75","442.05","445.45","439.05","441.65","443.40","442.87","42,66,200","1,88,93,69,604.30","54,367","23,66,794","55.48"
"HINDPETRO","EQ","29-Sep-2025","422.25","422.30","444.40","421.50","442.00","441.75","437.99","1,16,50,349","5,10,27,69,637.95","1,37,354","50,84,887","43.65"
"HINDPETRO","EQ","26-Sep-2025","423.50","423.00","425.25","420.00","422.40","422.25","422.44","55,79,737","2,35,71,15,330.55","74,459","33,67,194","60.35"
"HINDPETRO","EQ","25-Sep-2025","424.90","424.00","427.70","420.75","423.70","423.50","424.42","23,68,804","1,00,53,67,520.35","43,778","10,97,042","46.31"
"HINDPETRO","EQ","24-Sep-2025","424.30","426.00","431.00","422.75","425.10","424.90","425.82","71,58,456","3,04,82,26,495.70","95,176","44,45,315","62.10"
"HINDPETRO","EQ","23-Sep-2025","412.75","413.00","425.25","413.00","424.00","424.30","421.38","48,65,287","2,05,01,42,643.80","89,193","24,63,060","50.63"
"HINDPETRO","EQ","22-Sep-2025","413.05","413.05","417.35","409.80","412.10","412.75","414.38","25,71,485","1,06,55,69,296.30","42,640","13,50,163","52.51"
"HINDPETRO","EQ","19-Sep-2025","408.60","408.60","416.00","408.20","413.40","413.05","413.01","45,87,363","1,89,46,42,666.55","54,161","25,32,166","55.20"
"HINDPETRO","EQ","18-Sep-2025","405.65","405.70","409.25","404.90","408.75","408.60","407.17","18,32,949","74,63,14,032.15","31,134","9,37,011","51.12"
"HINDPETRO","EQ","17-Sep-2025","402.00","404.00","408.50","402.35","405.50","405.65","405.12","25,45,562","1,03,12,61,875.00","41,263","11,30,960","44.43"
"HINDPETRO","EQ","16-Sep-2025","399.85","401.80","403.05","400.15","401.35","402.00","401.95","13,44,352","54,03,65,145.40","22,758","6,93,734","51.60"
"HINDPETRO","EQ","15-Sep-2025","398.75","398.75","400.65","396.20","400.05","399.85","398.82","12,27,975","48,97,42,946.85","32,130","6,04,235","49.21"
"HINDPETRO","EQ","12-Sep-2025","397.80","398.95","401.05","396.55","398.60","398.75","398.43","13,89,746","55,37,15,456.80","37,563","7,07,141","50.88"
"HINDPETRO","EQ","11-Sep-2025","392.45","391.00","405.80","391.00","397.40","397.80","400.22","36,42,055","1,45,76,07,431.85","52,524","13,99,897","38.44"
"HINDPETRO","EQ","10-Sep-2025","389.90","391.00","393.90","388.80","392.40","392.45","391.69","18,97,568","74,32,60,238.90","32,825","10,57,606","55.73"
"HINDPETRO","EQ","09-Sep-2025","393.90","394.00","397.00","389.30","389.60","389.90","392.78","19,21,681","75,47,92,688.65","28,621","8,14,025","42.36"
"HINDPETRO","EQ","08-Sep-2025","383.60","384.15","395.30","384.15","394.00","393.90","392.74","29,56,578","1,16,11,56,693.80","38,237","9,87,000","33.38"
"HINDPETRO","EQ","05-Sep-2025","384.60","384.70","386.55","380.20","384.00","383.60","383.52","20,17,875","77,39,02,206.70","30,733","12,03,916","59.66"
"HINDPETRO","EQ","04-Sep-2025","387.25","389.10","391.95","383.50","384.50","384.60","386.32","26,09,930","1,00,82,80,737.35","43,488","17,74,472","67.99"
"HINDPETRO","EQ","03-Sep-2025","384.60","383.00","391.65","383.00","387.30","387.25","387.51","27,25,471","1,05,61,34,207.65","37,951","16,64,782","61.08"
"HINDPETRO","EQ","02-Sep-2025","385.25","385.25","387.35","382.00","385.00","384.60","384.90","16,30,216","62,74,72,950.20","30,897","7,84,456","48.12"
"HINDPETRO","EQ","01-Sep-2025","375.90","377.00","385.70","376.60","385.25","385.25","381.13","23,60,108","89,95,15,464.70","32,743","14,02,290","59.42"
"HINDPETRO","EQ","29-Aug-2025","381.75","381.75","383.85","375.05","376.60","375.90","378.16","31,12,442","1,17,70,01,613.00","37,579","18,84,031","60.53"
"HINDPETRO","EQ","28-Aug-2025","382.95","384.65","386.50","380.80","381.70","381.75","383.41","39,75,225","1,52,41,28,631.60","53,125","25,22,204","63.45"
"HINDPETRO","EQ","26-Aug-2025","390.25","388.20","391.40","381.95","382.95","382.95","384.09","48,25,204","1,85,33,12,489.45","45,353","31,32,469","64.92"
"HINDPETRO","EQ","25-Aug-2025","390.75","390.50","391.50","387.60","390.00","390.25","389.73","12,35,196","48,13,93,876.15","24,459","5,92,748","47.99"
"HINDPETRO","EQ","22-Aug-2025","393.15","393.00","393.45","387.70","390.00","390.75","390.31","26,27,075","1,02,53,62,363.65","28,431","15,90,778","60.55"
"HINDPETRO","EQ","21-Aug-2025","390.80","390.70","395.45","390.20","393.45","393.15","393.63","20,94,370","82,44,13,233.80","34,084","11,63,713","55.56"
"HINDPETRO","EQ","20-Aug-2025","395.60","394.55","396.85","390.10","390.75","390.80","393.22","55,53,949","2,18,39,34,709.85","61,411","33,81,930","60.89"
"HINDPETRO","EQ","19-Aug-2025","387.05","388.00","397.85","386.15","395.60","395.60","393.29","42,27,710","1,66,27,22,660.45","42,132","17,02,853","40.28"
"HINDPETRO","EQ","18-Aug-2025","394.35","397.05","397.05","383.40","387.45","387.05","387.44","65,25,577","2,52,82,49,223.10","77,885","28,94,820","44.36"
"HINDPETRO","EQ","14-Aug-2025","411.10","402.00","406.10","393.80","394.50","394.35","396.63","65,36,476","2,59,25,79,511.60","59,360","39,79,724","60.88"
"HINDPETRO","EQ","13-Aug-2025","408.05","411.50","413.30","406.70","411.85","411.10","410.32","35,43,374","1,45,39,28,463.60","41,527","17,78,493","50.19"
"HINDPETRO","EQ","12-Aug-2025","410.35","414.90","414.90","406.80","408.25","408.05","409.10","45,26,566","1,85,18,22,224.25","51,074","20,60,941","45.53"
"HINDPETRO","EQ","11-Aug-2025","409.50","414.05","418.00","400.60","409.95","410.35","408.51","87,13,932","3,55,97,38,335.20","77,395","36,97,541","42.43"
"HINDPETRO","EQ","08-Aug-2025","402.40","407.00","415.35","399.50","410.50","409.50","408.86","1,22,86,666","5,02,34,67,564.00","1,18,000","37,36,369","30.41"
"HINDPETRO","EQ","07-Aug-2025","401.40","401.00","403.20","392.15","403.00","402.40","397.92","63,18,838","2,51,43,99,810.20","66,251","33,34,472","52.77"
"HINDPETRO","EQ","06-Aug-2025","402.45","403.50","404.90","399.60","401.10","401.40","401.56","21,50,509","86,35,65,189.55","75,627","10,93,084","50.83"
"HINDPETRO","EQ","05-Aug-2025","408.65","405.90","405.90","394.50","401.00","402.45","400.67","79,73,897","3,19,49,23,729.40","91,395","36,41,621","45.67"
"HINDPETRO","EQ","04-Aug-2025","403.80","409.00","409.55","399.70","408.30","408.65","405.66","32,77,835","1,32,96,93,869.70","65,091","14,47,799","44.17"
"HINDPETRO","EQ","01-Aug-2025","418.45","420.90","421.00","402.10","403.80","403.80","408.94","37,87,580","1,54,89,07,831.75","50,878","19,33,335","51.04"
"HINDPETRO","EQ","31-Jul-2025","426.25","418.75","421.40","410.60","417.30","418.45","416.64","98,26,520","4,09,41,16,860.55","93,955","43,28,678","44.05"
"HINDPETRO","EQ","30-Jul-2025","425.80","424.00","435.90","416.00","426.05","426.25","426.42","68,90,461","2,93,82,53,514.75","56,567","27,04,176","39.25"
"HINDPETRO","EQ","29-Jul-2025","421.90","421.50","426.60","419.45","426.40","425.80","423.13","47,43,610","2,00,71,41,394.55","49,136","30,16,796","63.60"
"HINDPETRO","EQ","28-Jul-2025","421.80","422.50","430.90","419.50","422.70","421.90","423.72","25,51,271","1,08,10,20,115.55","38,772","11,96,979","46.92"
"HINDPETRO","EQ","25-Jul-2025","434.90","434.60","434.90","420.20","422.85","421.80","425.17","31,96,808","1,35,91,74,703.90","29,896","19,08,917","59.71"
"HINDPETRO","EQ","24-Jul-2025","434.50","435.30","437.00","432.40","435.25","434.90","434.65","28,05,754","1,21,95,26,810.45","27,591","18,40,853","65.61"
"HINDPETRO","EQ","23-Jul-2025","429.25","430.50","436.00","428.35","435.40","434.50","431.91","27,93,895","1,20,66,99,580.30","26,519","17,74,214","63.50"
"HINDPETRO","EQ","22-Jul-2025","431.70","433.00","437.60","428.45","429.25","429.25","431.10","42,16,517","1,81,77,58,284.00","53,542","27,97,794","66.35"
"HINDPETRO","EQ","21-Jul-2025","430.60","433.00","434.60","428.05","432.00","431.70","432.05","34,26,999","1,48,06,28,069.05","58,684","18,84,037","54.98"
"HINDPETRO","EQ","18-Jul-2025","440.00","440.00","441.85","429.50","431.50","430.60","433.42","37,96,647","1,64,55,55,234.80","51,941","19,51,998","51.41"
"HINDPETRO","EQ","17-Jul-2025","446.10","446.05","446.40","438.35","439.45","440.00","441.17","26,43,122","1,16,60,77,967.65","38,067","11,12,659","42.10"
"HINDPETRO","EQ","16-Jul-2025","433.45","434.45","448.55","433.70","446.60","446.10","442.90","66,90,619","2,96,32,56,277.05","60,073","35,47,450","53.02"
"HINDPETRO","EQ","15-Jul-2025","429.90","433.50","441.00","429.10","433.70","433.45","433.73","64,27,673","2,78,78,69,612.40","63,145","37,85,022","58.89"
"HINDPETRO","EQ","14-Jul-2025","435.90","435.90","437.50","428.00","428.90","429.90","431.30","45,75,393","1,97,33,58,875.15","34,818","25,84,723","56.49"
"HINDPETRO","EQ","11-Jul-2025","441.25","444.50","444.50","433.05","436.45","435.90","437.30","26,27,116","1,14,88,49,644.85","44,937","13,81,645","52.59"
"HINDPETRO","EQ","10-Jul-2025","445.45","445.45","450.50","440.05","440.30","441.25","443.16","44,70,700","1,98,12,36,196.15","44,552","27,45,378","61.41"
"HINDPETRO","EQ","09-Jul-2025","452.70","453.00","454.65","442.65","445.50","445.45","448.49","52,07,942","2,33,57,30,536.55","41,801","34,26,862","65.80"
"HINDPETRO","EQ","08-Jul-2025","447.90","447.00","455.00","444.70","453.20","452.70","451.60","38,60,453","1,74,33,68,766.60","66,630","17,16,287","44.46"
"HINDPETRO","EQ","07-Jul-2025","444.60","448.00","455.20","441.25","450.00","447.90","447.23","85,16,084","3,80,86,81,797.80","72,129","38,48,192","45.19"
"HINDPETRO","EQ","04-Jul-2025","436.60","438.80","446.55","436.15","445.00","444.60","440.31","43,18,402","1,90,14,48,095.65","48,126","21,24,727","49.20"
"HINDPETRO","EQ","03-Jul-2025","436.55","437.70","441.60","435.25","435.70","436.60","438.87","21,30,326","93,49,44,434.50","28,983","10,59,485","49.73"
"HINDPETRO","EQ","02-Jul-2025","440.45","444.00","446.85","433.30","437.00","436.55","438.78","35,66,248","1,56,48,01,817.70","36,580","17,03,221","47.76"
"HINDPETRO","EQ","01-Jul-2025","438.05","439.40","441.50","433.75","440.95","440.45","437.72","46,24,750","2,02,43,50,427.90","84,093","28,20,968","61.00"
"HINDPETRO","EQ","30-Jun-2025","439.00","440.00","443.20","436.25","437.20","438.05","438.99","33,98,554","1,49,19,33,442.50","48,161","14,97,520","44.06"
"HINDPETRO","EQ","27-Jun-2025","420.30","420.95","440.30","419.45","439.50","439.00","433.89","1,53,52,970","6,66,14,53,946.00","1,42,259","73,84,211","48.10"
"HINDPETRO","EQ","26-Jun-2025","408.15","408.00","424.35","407.70","421.00","420.30","416.88","1,13,64,641","4,73,77,08,885.65","1,14,789","54,06,708","47.57"
"HINDPETRO","EQ","25-Jun-2025","406.25","410.00","411.80","405.05","407.70","408.15","408.40","41,25,652","1,68,49,13,237.15","84,970","21,29,508","51.62"
"HINDPETRO","EQ","24-Jun-2025","393.25","412.50","414.80","403.90","405.70","406.25","407.89","1,51,43,931","6,17,70,15,948.55","1,26,330","57,38,811","37.90"
"HINDPETRO","EQ","23-Jun-2025","392.25","390.35","397.20","383.55","393.50","393.25","389.63","46,41,365","1,80,84,29,015.95","51,513","21,66,781","46.68"
"HINDPETRO","EQ","20-Jun-2025","390.00","389.50","394.45","388.25","391.20","392.25","391.98","62,44,473","2,44,77,39,495.90","54,675","46,55,383","74.55"
"HINDPETRO","EQ","19-Jun-2025","393.95","393.70","396.45","388.95","390.00","390.00","391.54","33,90,334","1,32,74,35,602.10","35,175","15,90,293","46.91"
"HINDPETRO","EQ","18-Jun-2025","393.25","390.10","394.95","388.30","394.10","393.95","392.47","34,40,848","1,35,04,36,021.90","43,383","18,06,760","52.51"
"HINDPETRO","EQ","17-Jun-2025","395.35","393.95","401.00","392.00","392.50","393.25","396.69","38,15,275","1,51,34,64,096.20","43,154","18,36,384","48.13"
"HINDPETRO","EQ","16-Jun-2025","386.25","384.10","396.50","383.05","395.20","395.35","391.32","57,92,606","2,26,67,82,664.80","51,617","31,24,439","53.94"
"HINDPETRO","EQ","13-Jun-2025","392.55","376.00","388.40","370.15","386.25","386.25","382.83","1,77,36,231","6,78,99,19,702.10","1,55,295","95,53,315","53.86"
"HINDPETRO","EQ","12-Jun-2025","414.85","410.00","410.00","390.40","390.40","392.55","396.20","1,24,05,231","4,91,49,21,196.45","2,10,184","59,65,895","48.09"
"HINDPETRO","EQ","11-Jun-2025","405.10","406.65","423.00","406.05","414.90","414.85","417.45","89,90,781","3,75,32,11,986.05","87,256","31,90,263","35.48"
"HINDPETRO","EQ","10-Jun-2025","408.45","409.10","409.90","404.10","404.60","405.10","406.54","20,79,819","84,55,39,628.15","28,414","12,40,837","59.66"
"HINDPETRO","EQ","09-Jun-2025","407.05","407.05","409.60","404.85","407.50","408.45","407.78","11,39,355","46,46,09,383.40","17,967","3,88,346","34.08"
"HINDPETRO","EQ","06-Jun-2025","401.00","402.25","407.75","402.25","407.50","407.05","405.47","14,43,804","58,54,22,045.10","20,683","6,62,401","45.88"
"HINDPETRO","EQ","05-Jun-2025","406.60","408.50","409.40","399.90","401.75","401.00","402.86","25,88,378","1,04,27,48,846.10","31,259","14,51,088","56.06"
"HINDPETRO","EQ","04-Jun-2025","402.00","404.00","407.65","401.00","406.00","406.60","404.19","24,15,724","97,64,12,619.70","36,846","13,58,480","56.23"
"HINDPETRO","EQ","03-Jun-2025","408.20","407.50","410.00","401.10","401.35","402.00","404.08","25,70,008","1,03,84,92,985.55","35,001","13,52,237","52.62"
"HINDPETRO","EQ","02-Jun-2025","411.05","409.60","412.70","407.00","407.65","408.20","409.15","22,00,493","90,03,21,220.60","30,073","10,61,173","48.22"
"HINDPETRO","EQ","30-May-2025","414.75","414.75","418.90","408.90","409.80","411.05","412.56","61,64,496","2,54,32,48,079.65","50,181","39,50,328","64.08"
"HINDPETRO","EQ","29-May-2025","418.10","418.85","419.15","412.60","416.00","414.75","415.00","31,08,847","1,29,01,85,321.35","43,967","14,64,589","47.11"
"HINDPETRO","EQ","28-May-2025","412.15","412.15","420.50","409.05","418.00","418.10","416.22","56,30,546","2,34,35,56,943.00","45,695","33,88,293","60.18"
"HINDPETRO","EQ","27-May-2025","414.60","414.95","415.55","406.30","411.00","412.15","411.80","48,49,935","1,99,71,99,335.85","62,204","28,36,299","58.48"
"HINDPETRO","EQ","26-May-2025","408.10","408.80","417.45","408.45","414.05","414.60","414.16","29,76,520","1,23,27,65,363.90","33,118","13,53,937","45.49"
"HINDPETRO","EQ","23-May-2025","401.25","404.00","411.75","404.00","408.05","408.10","408.17","55,40,517","2,26,14,54,455.70","39,883","27,13,666","48.98"
"HINDPETRO","EQ","22-May-2025","404.90","405.00","406.95","397.80","402.30","401.25","402.50","19,71,376","79,34,79,786.05","41,211","9,58,331","48.61"
"HINDPETRO","EQ","21-May-2025","397.40","395.50","405.90","390.55","404.75","404.90","399.69","37,23,167","1,48,80,95,505.85","36,240","15,80,101","42.44"
"HINDPETRO","EQ","20-May-2025","404.90","406.00","410.50","392.20","395.10","397.40","402.73","32,31,580","1,30,14,48,334.05","40,500","14,70,039","45.49"
"HINDPETRO","EQ","19-May-2025","410.05","410.10","411.50","404.10","405.40","404.90","406.96","24,89,091","1,01,29,55,058.35","29,225","13,05,728","52.46"
"HINDPETRO","EQ","16-May-2025","402.70","404.45","411.20","402.65","408.50","410.05","407.95","53,53,067","2,18,37,59,634.15","54,154","32,90,141","61.46"
"HINDPETRO","EQ","15-May-2025","396.60","400.00","407.30","397.70","402.75","402.70","401.80","58,28,155","2,34,17,65,998.65","79,095","23,26,445","39.92"
"HINDPETRO","EQ","14-May-2025","388.90","392.80","398.00","391.45","396.85","396.60","395.96","43,70,060","1,73,03,85,516.65","65,078","23,93,230","54.76"
"HINDPETRO","EQ","13-May-2025","388.80","390.00","393.60","386.20","389.60","388.90","389.22","36,65,291","1,42,66,12,481.40","57,024","18,40,752","50.22"
"HINDPETRO","EQ","12-May-2025","386.25","395.00","397.00","386.00","388.70","388.80","390.52","49,57,935","1,93,61,83,279.40","56,879","26,94,953","54.36"
"HINDPETRO","EQ","09-May-2025","388.10","382.20","388.00","380.00","385.30","386.25","384.61","37,57,854","1,44,53,14,853.05","75,066","17,75,597","47.25"
"HINDPETRO","EQ","08-May-2025","396.95","399.00","402.60","385.00","387.00","388.10","393.17","53,47,464","2,10,24,83,036.00","60,713","26,43,938","49.44"
"HINDPETRO","EQ","07-May-2025","396.80","394.00","405.10","392.60","396.95","396.95","398.27","88,25,404","3,51,48,69,825.35","1,20,128","41,08,058","46.55"
"HINDPETRO","EQ","06-May-2025","409.85","410.00","411.85","395.10","397.40","396.80","402.66","54,85,163","2,20,86,55,330.05","62,899","23,52,971","42.90"
"HINDPETRO","EQ","05-May-2025","385.05","392.00","414.00","391.25","411.50","409.85","407.12","2,80,73,682","11,42,92,22,427.75","2,06,101","1,23,44,697","43.97"
"HINDPETRO","EQ","02-May-2025","378.70","379.95","390.30","379.95","386.75","385.05","385.58","44,84,802","1,72,92,66,814.00","40,314","22,46,491","50.09"
"HINDPETRO","EQ","30-Apr-2025","391.10","395.00","402.75","374.50","376.50","378.70","388.85","91,50,558","3,55,81,73,099.65","88,000","42,42,824","46.37"
"HINDPETRO","EQ","29-Apr-2025","392.20","393.10","396.80","389.25","391.00","391.10","392.29","44,19,920","1,73,38,79,434.35","85,779","27,76,865","62.83"
"HINDPETRO","EQ","28-Apr-2025","380.70","377.00","393.00","377.00","392.65","392.20","390.28","61,04,973","2,38,26,46,415.00","59,281","37,83,839","61.98"
"HINDPETRO","EQ","25-Apr-2025","390.45","390.40","393.10","378.25","380.00","380.70","382.82","25,52,932","97,73,02,210.95","35,038","8,10,455","31.75"
"HINDPETRO","EQ","24-Apr-2025","388.80","390.00","394.00","387.30","390.10","390.45","390.58","43,85,172","1,71,27,39,119.35","40,099","19,06,919","43.49"
"HINDPETRO","EQ","23-Apr-2025","398.45","398.50","399.20","383.85","388.85","388.80","389.42","47,42,867","1,84,69,69,938.15","71,487","24,82,956","52.35"
"HINDPETRO","EQ","22-Apr-2025","394.85","395.90","402.25","393.00","397.75","398.45","398.65","56,30,844","2,24,47,55,068.25","54,167","33,12,022","58.82"
"HINDPETRO","EQ","21-Apr-2025","387.70","387.70","399.00","384.50","395.00","394.85","392.40","28,36,553","1,11,30,67,511.75","34,096","13,66,009","48.16"
"HINDPETRO","EQ","17-Apr-2025","390.05","389.90","391.30","385.05","387.00","387.70","387.59","23,58,710","91,42,12,679.85","36,497","9,14,294","38.76"
"HINDPETRO","EQ","16-Apr-2025","379.10","378.50","391.15","377.30","389.60","390.05","385.09","37,31,014","1,43,67,83,983.75","49,652","14,26,051","38.22"
"HINDPETRO","EQ","15-Apr-2025","382.20","386.55","386.95","376.10","379.80","379.10","379.61","45,72,204","1,73,56,55,116.90","43,114","24,07,387","52.65"
"HINDPETRO","EQ","11-Apr-2025","379.30","384.50","386.75","377.05","381.70","382.20","381.02","72,17,670","2,75,00,61,213.35","77,131","40,10,038","55.56"
"HINDPETRO","EQ","09-Apr-2025","369.15","372.00","383.05","365.15","379.30","379.30","376.08","1,11,80,400","4,20,46,90,066.55","1,01,757","47,90,233","42.84"
"HINDPETRO","EQ","08-Apr-2025","352.80","360.10","371.70","353.00","369.35","369.15","363.85","1,05,76,907","3,84,84,28,079.70","1,36,558","47,07,831","44.51"
"HINDPETRO","EQ","07-Apr-2025","358.35","350.00","366.95","341.50","348.00","352.80","356.42","1,54,89,620","5,52,07,37,874.60","1,28,940","46,50,376","30.02"
"HINDPETRO","EQ","04-Apr-2025","362.45","373.00","377.85","350.60","359.30","358.35","361.88","1,28,74,209","4,65,89,70,011.70","83,111","47,52,352","36.91"
"HINDPETRO","EQ","03-Apr-2025","362.15","361.00","374.30","359.35","363.00","362.45","363.59","55,66,330","2,02,38,53,803.90","49,382","26,21,627","47.10"
"HINDPETRO","EQ","02-Apr-2025","361.70","360.10","363.40","353.05","361.55","362.15","358.97","25,36,402","91,04,80,104.30","40,642","11,58,136","45.66"
"HINDPETRO","EQ","01-Apr-2025","360.35","354.80","363.50","349.60","361.65","361.70","358.35","51,11,753","1,83,18,17,739.75","77,487","21,62,915","42.31"
"HINDPETRO","EQ","28-Mar-2025","359.55","363.75","369.35","358.05","361.50","360.35","363.38","53,48,515","1,94,35,44,604.35","82,160","23,15,439","43.29"
"HINDPETRO","EQ","27-Mar-2025","351.90","350.75","364.00","349.15","361.25","359.55","357.45","45,45,137","1,62,46,65,225.55","50,226","22,06,298","48.54"
"HINDPETRO","EQ","26-Mar-2025","361.45","360.15","364.50","351.05","351.65","351.90","357.02","40,94,188","1,46,17,05,605.25","56,821","19,21,993","46.94"
"HINDPETRO","EQ","25-Mar-2025","361.90","359.05","365.00","352.70","360.65","361.45","358.98","67,24,910","2,41,40,89,613.25","61,369","32,09,181","47.72"
"HINDPETRO","EQ","24-Mar-2025","356.95","371.00","372.00","354.30","361.25","361.90","360.89","93,99,628","3,39,22,56,282.40","83,184","42,47,312","45.19"
"HINDPETRO","EQ","21-Mar-2025","336.55","336.00","360.20","334.10","356.15","356.95","349.78","1,57,33,590","5,50,33,65,437.55","1,05,151","81,91,246","52.06"
"HINDPETRO","EQ","20-Mar-2025","328.00","330.80","339.50","327.05","336.85","336.55","335.64","48,33,173","1,62,21,99,164.20","43,538","18,22,469","37.71"
"HINDPETRO","EQ","19-Mar-2025","324.00","326.00","330.40","324.10","328.45","328.00","327.79","59,42,282","1,94,78,30,637.95","60,922","32,83,558","55.26"
"HINDPETRO","EQ","18-Mar-2025","325.50","325.95","330.00","319.50","324.45","324.00","323.24","52,03,598","1,68,20,01,847.60","47,929","23,47,518","45.11"
"HINDPETRO","EQ","17-Mar-2025","323.70","325.85","330.40","323.70","325.00","325.50","326.19","54,17,463","1,76,71,01,879.40","47,160","30,46,337","56.23"
"HINDPETRO","EQ","13-Mar-2025","327.35","327.35","328.40","323.00","323.85","323.70","325.41","46,96,394","1,52,82,67,251.90","62,855","22,52,143","47.95"
"HINDPETRO","EQ","12-Mar-2025","329.70","334.55","343.00","325.80","326.50","327.35","333.68","84,97,676","2,83,55,37,597.35","72,384","25,00,033","29.42"
"HINDPETRO","EQ","11-Mar-2025","325.80","324.00","333.90","320.50","330.15","329.70","328.61","62,72,107","2,06,10,50,636.75","78,784","19,16,537","30.56"
"HINDPETRO","EQ","10-Mar-2025","332.45","336.50","344.00","324.25","326.00","325.80","333.00","71,54,245","2,38,23,66,347.75","56,292","20,83,727","29.13"
"HINDPETRO","EQ","07-Mar-2025","339.15","338.90","339.05","330.15","332.80","332.45","333.18","38,25,464","1,27,45,80,446.55","50,549","14,13,046","36.94"
"HINDPETRO","EQ","06-Mar-2025","326.15","334.70","342.40","331.80","338.25","339.15","337.90","1,27,90,937","4,32,20,48,926.25","1,18,664","44,15,583","34.52"
"HINDPETRO","EQ","05-Mar-2025","315.20","314.05","334.50","314.05","326.30","326.15","328.59","1,24,06,494","4,07,65,89,634.95","1,51,800","63,21,725","50.95"
"HINDPETRO","EQ","04-Mar-2025","297.80","294.10","316.40","290.10","315.35","315.20","309.74","72,76,713","2,25,38,58,009.00","65,795","27,68,138","38.04"
"HINDPETRO","EQ","03-Mar-2025","293.75","295.00","298.90","287.55","297.95","297.80","292.96","37,92,065","1,11,09,28,764.80","44,028","16,12,663","42.53"
"HINDPETRO","EQ","28-Feb-2025","307.00","305.00","306.00","292.45","295.10","293.75","295.86","65,17,549","1,92,82,79,399.20","60,012","33,53,927","51.46"
"HINDPETRO","EQ","27-Feb-2025","309.85","311.00","312.80","302.30","306.10","307.00","306.45","48,65,436","1,49,10,06,335.95","64,219","26,01,282","53.46"
"HINDPETRO","EQ","25-Feb-2025","319.30","319.30","320.25","309.35","310.00","309.85","312.56","43,56,438","1,36,16,58,875.00","37,465","26,93,186","61.82"
"HINDPETRO","EQ","24-Feb-2025","323.00","320.90","325.50","317.65","319.20","319.30","320.28","33,07,496","1,05,93,16,046.45","44,352","15,41,763","46.61"
"HINDPETRO","EQ","21-Feb-2025","331.70","331.00","331.00","321.90","322.10","323.00","324.90","21,93,356","71,26,25,957.05","24,978","8,69,112","39.62"
"HINDPETRO","EQ","20-Feb-2025","324.60","323.80","332.20","321.25","331.00","331.70","329.26","17,71,611","58,33,17,718.00","30,669","5,26,353","29.71"
"HINDPETRO","EQ","19-Feb-2025","319.95","318.95","326.40","316.65","324.05","324.60","322.38","23,25,236","74,96,05,298.15","23,844","6,19,095","26.63"
"HINDPETRO","EQ","18-Feb-2025","318.10","319.00","320.70","312.40","319.30","319.95","316.35","16,73,581","52,94,31,107.85","26,666","3,82,564","22.86"
"HINDPETRO","EQ","17-Feb-2025","312.35","312.65","320.40","303.25","320.00","318.10","312.93","45,91,304","1,43,67,70,972.70","71,590","22,89,110","49.86"
"HINDPETRO","EQ","14-Feb-2025","320.15","323.00","323.45","304.40","312.70","312.35","311.53","95,25,190","2,96,73,36,357.80","61,178","50,57,818","53.10"
"HINDPETRO","EQ","13-Feb-2025","323.95","328.00","333.80","319.20","320.25","320.15","324.95","97,71,116","3,17,51,55,271.10","40,696","70,74,478","72.40"
"HINDPETRO","EQ","12-Feb-2025","330.00","330.00","330.30","318.65","327.00","323.95","324.48","31,79,345","1,03,16,21,339.65","46,660","13,63,251","42.88"
"HINDPETRO","EQ","11-Feb-2025","338.30","338.30","338.30","328.25","330.30","330.00","331.62","15,62,978","51,83,07,280.75","29,042","6,26,609","40.09"
"HINDPETRO","EQ","10-Feb-2025","342.50","343.00","344.00","335.05","338.45","338.30","337.93","19,57,224","66,14,07,544.25","35,783","9,40,074","48.03"
"HINDPETRO","EQ","07-Feb-2025","343.10","345.00","346.70","339.55","342.05","342.50","342.76","17,12,683","58,70,46,307.30","34,770","5,13,606","29.99"
"HINDPETRO","EQ","06-Feb-2025","342.90","348.60","349.15","340.60","342.90","343.10","345.62","31,23,836","1,07,96,59,057.30","48,307","11,36,156","36.37"
"HINDPETRO","EQ","05-Feb-2025","333.70","342.10","349.65","340.10","343.00","342.90","344.78","71,13,783","2,45,26,69,848.25","68,712","28,46,559","40.01"
"HINDPETRO","EQ","04-Feb-2025","324.90","328.50","334.85","327.15","334.00","333.70","330.81","73,77,189","2,44,04,19,006.20","70,933","45,28,011","61.38"
"HINDPETRO","EQ","03-Feb-2025","344.85","330.00","333.30","318.70","324.35","324.90","323.62","2,62,82,943","8,50,55,58,429.65","3,96,670","1,45,10,723","55.21"
"HINDPETRO","EQ","01-Feb-2025","358.25","358.25","358.90","333.10","345.60","344.85","344.61","79,85,220","2,75,17,55,187.35","85,988","36,31,036","45.47"
"HINDPETRO","EQ","31-Jan-2025","351.60","351.00","359.45","349.40","357.70","358.25","355.64","20,19,592","71,82,44,673.60","30,222","7,83,405","38.79"
"HINDPETRO","EQ","30-Jan-2025","345.25","348.95","354.10","346.00","352.90","351.60","351.05","44,12,278","1,54,89,32,215.65","50,955","14,82,314","33.60"
"HINDPETRO","EQ","29-Jan-2025","349.50","350.85","352.25","343.70","346.65","345.25","347.82","37,47,258","1,30,33,64,274.60","42,551","15,05,477","40.18"
"HINDPETRO","EQ","28-Jan-2025","345.95","350.00","351.75","341.45","350.25","349.50","347.28","50,97,372","1,77,02,29,563.40","61,550","23,33,431","45.78"
"HINDPETRO","EQ","27-Jan-2025","352.85","350.40","350.90","343.35","345.65","345.95","347.27","44,54,025","1,54,67,70,312.60","70,256","16,31,061","36.62"
"HINDPETRO","EQ","24-Jan-2025","362.10","374.20","379.95","351.25","352.25","352.85","365.73","1,80,88,473","6,61,55,54,767.95","1,53,374","21,90,688","12.11"
"HINDPETRO","EQ","23-Jan-2025","370.10","373.00","373.80","359.85","361.45","362.10","363.09","51,43,368","1,86,75,13,124.30","67,886","19,54,752","38.01"
"HINDPETRO","EQ","22-Jan-2025","369.95","373.80","374.70","363.20","370.70","370.10","368.77","66,76,035","2,46,19,12,515.85","65,278","27,29,734","40.89"
"HINDPETRO","EQ","21-Jan-2025","360.35","363.00","372.40","358.00","370.20","369.95","369.26","1,23,44,913","4,55,84,51,981.25","1,02,221","54,56,999","44.20"
"HINDPETRO","EQ","20-Jan-2025","358.90","360.00","363.40","353.35","360.45","360.35","359.40","69,63,879","2,50,28,19,112.45","76,788","33,96,914","48.78"
"HINDPETRO","EQ","17-Jan-2025","358.20","358.35","363.20","355.20","359.30","358.90","359.63","31,22,954","1,12,30,97,649.45","43,214","11,04,782","35.38"
"HINDPETRO","EQ","16-Jan-2025","363.25","364.00","365.55","357.40","357.75","358.20","360.94","50,72,603","1,83,08,87,478.65","64,946","24,76,824","48.83"
"HINDPETRO","EQ","15-Jan-2025","373.25","377.50","379.45","360.60","363.90","363.25","366.92","41,62,695","1,52,73,76,220.85","49,483","14,97,879","35.98"
"HINDPETRO","EQ","14-Jan-2025","364.40","365.00","375.95","363.85","374.80","373.25","370.29","33,92,260","1,25,61,09,860.80","62,086","15,07,268","44.43"
"HINDPETRO","EQ","13-Jan-2025","388.45","376.55","376.55","360.15","363.50","364.40","365.33","1,34,39,614","4,90,99,44,847.60","2,33,382","62,58,798","46.57"
"HINDPETRO","EQ","10-Jan-2025","384.80","387.55","392.80","379.55","387.45","388.45","388.06","35,04,508","1,35,99,56,525.65","46,227","13,37,914","38.18"
"HINDPETRO","EQ","09-Jan-2025","391.35","393.00","393.00","383.45","385.20","384.80","387.11","25,25,567","97,76,63,134.10","40,481","8,87,297","35.13"
"HINDPETRO","EQ","08-Jan-2025","386.20","386.50","394.70","381.70","391.00","391.35","389.19","36,31,344","1,41,32,73,471.60","49,542","12,60,589","34.71"
"HINDPETRO","EQ","07-Jan-2025","388.95","391.90","397.60","385.15","385.90","386.20","389.33","31,95,402","1,24,40,61,126.65","37,703","12,48,817","39.08"
"HINDPETRO","EQ","06-Jan-2025","413.05","413.05","414.00","388.00","389.50","388.95","395.33","50,16,149","1,98,30,25,175.05","73,981","17,35,395","34.60"
"HINDPETRO","EQ","03-Jan-2025","412.70","413.50","417.10","407.70","412.00","413.05","412.13","40,37,493","1,66,39,77,573.60","45,012","18,50,869","45.84"
"HINDPETRO","EQ","02-Jan-2025","412.35","412.25","415.80","404.50","412.80","412.70","410.93","23,91,474","98,27,40,309.45","34,052","6,68,126","27.94"
"HINDPETRO","EQ","01-Jan-2025","408.75","410.00","414.00","404.70","412.00","412.35","409.50","21,85,656","89,50,23,725.00","51,764","5,34,296","24.45"
"HINDPETRO","EQ","31-Dec-2024","405.80","405.80","410.60","402.65","408.95","408.75","407.47","31,03,194","1,26,44,64,685.65","38,289","12,01,200","38.71"
"HINDPETRO","EQ","30-Dec-2024","410.70","409.00","410.40","400.90","406.00","405.80","405.74","68,58,610","2,78,28,18,865.60","64,139","31,29,959","45.64"
"HINDPETRO","EQ","27-Dec-2024","419.30","420.40","420.40","409.10","409.70","410.70","415.88","34,40,755","1,43,09,35,739.80","39,963","12,06,870","35.08"
"HINDPETRO","EQ","26-Dec-2024","412.85","412.85","421.50","408.80","420.60","419.30","415.14","62,01,557","2,57,44,91,974.40","73,253","19,86,595","32.03"
"HINDPETRO","EQ","24-Dec-2024","403.60","404.00","417.95","401.60","413.00","412.85","412.43","63,34,203","2,61,23,88,234.40","67,575","26,26,000","41.46"
"HINDPETRO","EQ","23-Dec-2024","399.50","400.05","411.45","399.30","404.00","403.60","404.65","39,51,645","1,59,90,27,189.45","36,871","14,95,327","37.84"
"HINDPETRO","EQ","20-Dec-2024","407.40","409.00","413.50","397.95","400.00","399.50","405.62","80,35,990","3,25,95,82,146.25","78,553","38,23,662","47.58"
"HINDPETRO","EQ","19-Dec-2024","398.05","392.00","411.00","388.85","407.00","407.40","406.37","72,26,543","2,93,66,42,571.45","71,913","26,62,708","36.85"
"HINDPETRO","EQ","18-Dec-2024","407.10","406.00","409.00","396.95","398.20","398.05","403.31","42,86,929","1,72,89,77,960.70","38,441","23,76,542","55.44"
"HINDPETRO","EQ","17-Dec-2024","407.10","408.00","409.80","404.60","406.45","407.10","406.89","37,35,357","1,51,98,77,899.80","69,746","16,95,232","45.38"
"HINDPETRO","EQ","16-Dec-2024","415.05","414.90","419.00","400.30","407.35","407.10","406.80","73,60,302","2,99,41,58,061.55","92,271","29,35,660","39.89"
"HINDPETRO","EQ","13-Dec-2024","411.70","411.70","418.05","409.45","414.55","415.05","413.63","71,06,881","2,93,95,97,729.20","60,500","31,44,211","44.24"
"HINDPETRO","EQ","12-Dec-2024","410.10","410.00","414.00","406.05","412.00","411.70","410.74","48,32,913","1,98,50,62,771.05","44,678","23,96,397","49.58"
"HINDPETRO","EQ","11-Dec-2024","404.90","404.90","412.35","404.45","409.50","410.10","409.79","87,83,167","3,59,92,86,368.75","58,810","52,82,911","60.15"
"HINDPETRO","EQ","10-Dec-2024","399.70","400.00","406.35","397.25","404.35","404.90","402.54","66,62,197","2,68,18,24,970.10","58,000","38,82,836","58.28"
"HINDPETRO","EQ","09-Dec-2024","399.20","399.05","404.45","397.65","399.60","399.70","400.40","47,63,280","1,90,72,05,122.00","42,744","23,70,879","49.77"
"HINDPETRO","EQ","06-Dec-2024","391.80","393.85","402.25","392.05","398.20","399.20","399.01","81,07,943","3,23,51,54,367.20","79,152","33,80,139","41.69"
"HINDPETRO","EQ","05-Dec-2024","387.65","390.50","393.10","384.50","391.85","391.80","389.90","35,83,458","1,39,71,82,784.80","46,310","17,20,029","48.00"
"HINDPETRO","EQ","04-Dec-2024","384.55","384.00","391.65","382.70","387.50","387.65","388.05","34,76,461","1,34,90,38,358.65","51,155","15,51,093","44.62"
"HINDPETRO","EQ","03-Dec-2024","380.95","385.00","387.60","382.55","384.95","384.55","385.32","53,17,630","2,04,89,72,460.75","63,084","34,99,819","65.82"
"HINDPETRO","EQ","02-Dec-2024","383.10","383.10","384.00","379.20","382.05","380.95","380.82","23,55,565","89,70,54,136.10","28,700","11,01,634","46.77"
"HINDPETRO","EQ","29-Nov-2024","380.00","381.45","385.00","376.40","384.70","383.10","380.94","43,84,830","1,67,03,77,585.85","45,744","19,40,538","44.26"
"HINDPETRO","EQ","28-Nov-2024","380.15","381.90","386.25","377.25","381.45","380.00","381.12","54,35,933","2,07,17,21,707.35","55,605","22,88,974","42.11"
"HINDPETRO","EQ","27-Nov-2024","379.60","385.90","386.00","375.80","380.30","380.15","379.99","61,06,128","2,32,02,55,641.25","56,501","25,62,165","41.96"
"HINDPETRO","EQ","26-Nov-2024","376.85","382.10","389.70","378.00","379.00","379.60","384.20","35,74,299","1,37,32,62,989.40","46,683","10,25,055","28.68"
"HINDPETRO","EQ","25-Nov-2024","360.70","368.95","384.65","367.95","377.95","376.85","377.91","96,14,696","3,63,35,35,628.90","88,857","42,15,564","43.85"
"HINDPETRO","EQ","22-Nov-2024","360.10","362.00","365.30","358.60","361.00","360.70","361.62","25,71,975","93,00,70,158.25","32,359","9,42,569","36.65"
"HINDPETRO","EQ","21-Nov-2024","362.15","362.15","363.60","354.90","361.25","360.10","358.84","44,03,773","1,58,02,70,354.10","46,168","17,38,960","39.49"
"HINDPETRO","EQ","19-Nov-2024","367.30","366.00","374.80","360.20","360.70","362.15","368.88","29,33,169","1,08,19,80,566.15","37,801","13,36,016","45.55"
"HINDPETRO","EQ","18-Nov-2024","372.40","372.40","375.75","366.40","367.95","367.30","369.90","50,10,823","1,85,35,24,466.40","61,156","22,75,156","45.40"
"HINDPETRO","EQ","14-Nov-2024","371.40","372.50","379.30","365.45","373.70","372.40","372.52","58,09,877","2,16,43,00,440.85","78,807","23,06,917","39.71"
"HINDPETRO","EQ","13-Nov-2024","375.55","375.00","377.90","367.75","373.10","371.40","372.21","43,46,895","1,61,79,47,778.00","51,030","17,66,623","40.64"
"HINDPETRO","EQ","12-Nov-2024","380.95","384.10","390.00","374.05","374.90","375.55","380.51","65,89,595","2,50,73,77,926.65","71,556","30,34,446","46.05"
"HINDPETRO","EQ","11-Nov-2024","383.05","383.00","387.80","375.15","381.85","380.95","382.25","61,23,412","2,34,06,86,790.15","87,163","26,81,147","43.79"
"HINDPETRO","EQ","08-Nov-2024","396.50","395.85","395.85","380.30","382.70","383.05","384.49","50,67,482","1,94,83,79,059.55","62,573","21,12,271","41.68"
"HINDPETRO","EQ","07-Nov-2024","391.60","390.85","400.00","385.35","395.00","396.50","393.81","58,50,910","2,30,41,35,729.75","49,500","24,18,895","41.34"
"HINDPETRO","EQ","06-Nov-2024","374.85","379.85","393.95","377.15","391.85","391.60","388.80","82,84,664","3,22,10,78,379.25","74,582","31,77,994","38.36"
"HINDPETRO","EQ","05-Nov-2024","368.50","365.00","376.50","362.25","375.00","374.85","368.79","81,63,853","3,01,07,52,012.70","87,279","35,33,171","43.28"
"HINDPETRO","EQ","04-Nov-2024","381.00","382.00","382.00","363.65","368.55","368.50","368.26","88,46,874","3,25,79,61,740.65","90,097","40,87,743","46.21"
"HINDPETRO","EQ","01-Nov-2024","380.90","380.90","383.30","380.00","381.00","381.00","381.49","5,05,687","19,29,14,485.05","10,017","1,90,933","37.76"
"HINDPETRO","EQ","31-Oct-2024","377.65","377.00","382.45","374.00","382.00","380.90","378.59","68,64,561","2,59,88,51,880.40","98,725","27,39,770","39.91"
"HINDPETRO","EQ","30-Oct-2024","388.50","388.50","389.45","376.70","377.20","377.65","382.51","51,10,158","1,95,46,73,230.50","53,595","18,07,206","35.36"
"HINDPETRO","EQ","29-Oct-2024","383.30","384.95","389.85","375.50","387.50","388.50","383.08","51,15,112","1,95,94,73,517.55","80,765","14,62,619","28.59"
"HINDPETRO","EQ","28-Oct-2024","372.40","380.00","393.80","379.00","386.00","383.30","386.87","1,29,90,859","5,02,57,41,508.50","2,22,221","51,55,584","39.69"
"HINDPETRO","EQ","25-Oct-2024","404.75","406.00","406.00","370.65","372.80","372.40","380.14","85,22,829","3,23,98,52,435.45","1,19,145","27,65,103","32.44"
"HINDPETRO","EQ","24-Oct-2024","397.85","396.00","405.40","393.45","403.70","404.75","400.44","77,03,516","3,08,47,59,752.20","54,578","45,89,002","59.57"
"HINDPETRO","EQ","23-Oct-2024","402.10","402.10","403.30","394.20","397.95","397.85","398.67","37,79,746","1,50,68,87,907.55","69,462","14,82,429","39.22"
"HINDPETRO","EQ","22-Oct-2024","415.15","414.10","416.60","400.50","401.20","402.10","406.45","59,51,071","2,41,88,14,504.35","95,684","25,21,326","42.37"
"HINDPETRO","EQ","21-Oct-2024","431.60","433.00","436.30","413.85","413.85","415.15","425.73","92,63,679","3,94,38,56,973.65","79,847","41,18,832","44.46"
"HINDPETRO","EQ","18-Oct-2024","433.35","430.40","435.30","422.65","431.00","431.60","430.25","49,41,502","2,12,60,56,580.60","78,065","19,09,234","38.64"
"HINDPETRO","EQ","17-Oct-2024","434.65","431.95","439.00","428.25","432.90","433.35","432.69","1,17,62,175","5,08,93,49,727.75","80,266","67,00,771","56.97"
"HINDPETRO","EQ","16-Oct-2024","422.90","427.00","438.35","425.15","432.75","434.65","433.76","1,63,55,809","7,09,44,16,917.70","1,31,427","81,69,608","49.95"
"HINDPETRO","EQ","15-Oct-2024","405.85","414.00","426.90","412.25","424.35","422.90","422.01","1,68,56,309","7,11,35,49,682.95","1,42,343","44,39,227","26.34"
"HINDPETRO","EQ","14-Oct-2024","395.50","397.50","407.90","396.05","405.20","405.85","401.70","61,51,692","2,47,11,29,889.25","59,686","26,39,346","42.90"
"HINDPETRO","EQ","11-Oct-2024","392.50","392.00","397.05","387.40","395.40","395.50","392.57","29,78,692","1,16,93,56,817.70","34,369","9,26,794","31.11"
"HINDPETRO","EQ","10-Oct-2024","394.85","397.50","404.00","392.00","392.30","392.50","397.94","33,63,159","1,33,83,33,559.90","38,641","9,49,963","28.25"
"HINDPETRO","EQ","09-Oct-2024","390.25","400.00","413.00","393.25","394.40","394.85","403.34","1,19,02,837","4,80,09,17,654.55","1,16,685","26,74,064","22.47"
"HINDPETRO","EQ","08-Oct-2024","393.65","388.00","395.00","381.50","394.00","390.25","388.37","1,28,15,777","4,97,72,10,538.50","1,30,996","62,24,604","48.57"
"HINDPETRO","EQ","07-Oct-2024","406.90","407.20","409.35","390.95","393.55","393.65","396.81","56,79,436","2,25,36,65,510.85","70,275","16,99,395","29.92"
"HINDPETRO","EQ","04-Oct-2024","415.05","407.00","413.75","395.10","406.50","406.90","405.30","1,23,54,340","5,00,72,66,807.05","1,10,879","35,12,791","28.43"
"HINDPETRO","EQ","03-Oct-2024","444.90","429.00","432.65","413.00","414.35","415.05","420.05","1,41,69,317","5,95,18,61,818.55","1,44,692","64,51,646","45.53"
"HINDPETRO","EQ","01-Oct-2024","440.55","440.00","446.05","438.45","444.00","444.90","443.79","55,25,180","2,45,20,29,929.05","74,592","33,46,370","60.57"
"HINDPETRO","EQ","30-Sep-2024","437.95","436.00","446.95","430.50","440.80","440.55","438.69","79,49,959","3,48,75,28,060.65","1,03,033","33,64,099","42.32"
"HINDPETRO","EQ","27-Sep-2024","421.95","424.00","439.80","421.20","436.00","437.95","432.85","1,21,90,119","5,27,64,70,740.95","1,02,756","44,63,260","36.61"
"HINDPETRO","EQ","26-Sep-2024","417.40","418.20","424.05","408.60","422.45","421.95","416.45","60,65,915","2,52,61,40,383.95","59,085","23,04,841","38.00"
"HINDPETRO","EQ","25-Sep-2024","417.15","417.15","419.05","407.60","416.05","417.40","414.44","48,72,324","2,01,93,07,251.60","52,225","20,94,079","42.98"
"HINDPETRO","EQ","24-Sep-2024","403.45","402.90","419.40","402.65","417.15","417.15","415.16","92,74,367","3,85,03,48,093.20","72,828","40,98,345","44.19"
"HINDPETRO","EQ","23-Sep-2024","398.75","399.50","408.95","396.65","405.00","403.45","404.48","48,99,097","1,98,15,87,474.70","54,860","17,54,410","35.81"
"HINDPETRO","EQ","20-Sep-2024","398.05","398.05","403.30","394.40","397.95","398.75","398.84","91,59,103","3,65,30,51,632.90","81,376","54,46,914","59.47"
"HINDPETRO","EQ","19-Sep-2024","407.45","408.00","408.70","392.00","398.95","398.05","398.27","45,41,604","1,80,87,72,015.35","62,776","17,71,889","39.01"
"HINDPETRO","EQ","18-Sep-2024","408.70","406.55","410.85","405.00","406.00","407.45","407.92","22,55,708","92,01,51,331.65","30,447","8,27,001","36.66"
"HINDPETRO","EQ","17-Sep-2024","410.20","410.50","412.50","406.05","407.90","408.70","408.99","32,96,568","1,34,82,69,253.65","31,448","15,20,960","46.14"
"HINDPETRO","EQ","16-Sep-2024","410.90","411.00","413.80","405.80","410.50","410.20","409.63","44,15,935","1,80,89,05,146.40","77,225","17,79,972","40.31"
"HINDPETRO","EQ","13-Sep-2024","413.40","413.45","417.90","406.70","410.70","410.90","412.36","92,58,252","3,81,77,25,810.35","93,544","50,53,162","54.58"
"HINDPETRO","EQ","12-Sep-2024","409.45","415.00","417.65","410.00","413.05","413.40","413.07","80,07,169","3,30,75,09,765.20","57,280","40,62,270","50.73"
"HINDPETRO","EQ","11-Sep-2024","421.35","429.20","435.95","407.55","410.00","409.45","418.02","1,25,29,867","5,23,77,41,760.20","1,16,245","46,90,488","37.43"
"HINDPETRO","EQ","10-Sep-2024","421.40","424.40","424.40","417.15","422.80","421.35","420.46","59,44,511","2,49,94,50,597.00","50,283","24,70,072","41.55"
"HINDPETRO","EQ","09-Sep-2024","434.40","434.40","434.45","420.10","423.00","421.40","424.42","89,07,889","3,78,06,87,028.05","89,582","37,49,173","42.09"
"HINDPETRO","EQ","06-Sep-2024","448.50","448.80","451.85","432.70","433.50","434.40","438.48","89,50,512","3,92,46,04,496.95","78,330","36,67,952","40.98"
"HINDPETRO","EQ","05-Sep-2024","445.10","446.30","457.15","444.05","448.50","448.50","449.74","1,20,07,469","5,40,01,92,653.30","1,14,907","44,95,041","37.44"
"HINDPETRO","EQ","04-Sep-2024","425.90","433.50","447.60","428.15","444.75","445.10","439.53","2,68,37,682","11,79,59,45,686.40","2,34,523","88,62,779","33.02"
"HINDPETRO","EQ","03-Sep-2024","427.85","428.85","430.70","424.75","425.20","425.90","427.32","51,40,913","2,19,68,33,978.35","54,336","24,50,251","47.66"
"HINDPETRO","EQ","02-Sep-2024","419.05","425.00","438.00","421.10","427.95","427.85","431.07","1,83,05,095","7,89,08,55,910.70","1,92,571","63,88,751","34.90"
"HINDPETRO","EQ","30-Aug-2024","415.85","421.40","425.25","415.75","419.70","419.05","419.91","1,69,99,644","7,13,83,24,583.90","89,010","88,15,361","51.86"
"HINDPETRO","EQ","29-Aug-2024","406.60","407.05","417.50","402.45","415.50","415.85","410.64","96,53,177","3,96,40,01,337.95","71,686","39,28,312","40.69"
"HINDPETRO","EQ","28-Aug-2024","404.35","407.25","411.40","402.95","406.80","406.60","406.95","62,24,089","2,53,28,79,227.50","55,109","26,10,345","41.94"
"HINDPETRO","EQ","27-Aug-2024","405.05","401.90","411.40","397.30","404.00","404.35","404.32","74,76,660","3,02,29,60,045.35","68,501","26,28,751","35.16"
"HINDPETRO","EQ","26-Aug-2024","405.50","408.10","408.80","400.30","404.35","405.05","404.11","60,84,146","2,45,86,37,238.10","58,010","27,13,484","44.60"
"HINDPETRO","EQ","23-Aug-2024","406.50","406.40","413.75","404.00","406.95","405.50","409.50","81,31,913","3,33,00,04,207.55","60,164","32,79,164","40.32"
"HINDPETRO","EQ","22-Aug-2024","407.50","413.00","414.65","403.35","405.95","406.50","408.22","92,17,776","3,76,28,96,314.80","73,720","31,26,547","33.92"
"HINDPETRO","EQ","21-Aug-2024","396.50","396.40","411.80","394.00","407.00","407.50","404.86","1,44,27,485","5,84,11,08,123.65","1,07,632","55,68,247","38.59"
"HINDPETRO","EQ","20-Aug-2024","387.35","391.10","404.80","391.10","395.80","396.50","398.74","1,63,00,789","6,49,97,38,691.75","1,40,059","63,45,440","38.93"
"HINDPETRO","EQ","19-Aug-2024","379.85","385.00","394.85","383.55","388.20","387.35","389.51","1,32,13,008","5,14,66,31,193.75","93,761","52,59,717","39.81"
"HINDPETRO","EQ","16-Aug-2024","373.10","376.60","382.00","373.65","381.40","379.85","378.86","72,76,293","2,75,66,94,531.60","75,104","41,33,715","56.81"
"HINDPETRO","EQ","14-Aug-2024","371.35","371.85","377.40","368.45","372.50","373.10","374.24","57,76,570","2,16,18,09,546.10","66,478","19,89,915","34.45"
"HINDPETRO","EQ","13-Aug-2024","379.70","377.00","377.60","363.95","370.90","371.35","369.81","1,44,26,819","5,33,51,15,908.25","97,510","85,13,194","59.01"
"HINDPETRO","EQ","12-Aug-2024","376.65","375.00","383.50","370.50","379.10","379.70","376.05","1,03,70,149","3,89,97,42,299.95","78,233","43,24,593","41.70"
"HINDPETRO","EQ","09-Aug-2024","389.15","380.30","385.80","374.05","376.85","376.65","378.06","97,53,610","3,68,74,06,195.20","75,501","47,32,428","48.52"
"HINDPETRO","EQ","08-Aug-2024","396.80","399.00","399.00","383.25","389.50","389.15","391.13","1,47,23,158","5,75,86,85,391.70","95,674","82,52,007","56.05"
"HINDPETRO","EQ","07-Aug-2024","386.20","394.00","403.50","388.20","397.20","396.80","397.79","1,70,04,585","6,76,43,18,578.70","1,33,337","76,24,760","44.84"
"HINDPETRO","EQ","06-Aug-2024","388.75","394.00","400.05","384.30","387.55","386.20","392.81","1,04,19,295","4,09,27,97,536.80","79,068","50,20,337","48.18"
"HINDPETRO","EQ","05-Aug-2024","389.25","387.00","392.65","377.05","389.10","388.75","385.44","1,40,77,705","5,42,60,62,738.25","1,13,406","51,10,982","36.31"
"HINDPETRO","EQ","02-Aug-2024","391.40","390.20","398.50","383.85","388.75","389.25","391.79","1,24,74,802","4,88,75,02,321.60","1,04,123","54,09,628","43.36"
"HINDPETRO","EQ","01-Aug-2024","392.25","392.45","393.50","384.75","391.80","391.40","388.92","88,40,248","3,43,81,76,028.15","70,768","37,82,860","42.79"
"HINDPETRO","EQ","31-Jul-2024","395.75","399.80","406.60","391.05","393.50","392.25","397.69","1,71,27,806","6,81,15,76,663.50","1,38,856","76,27,704","44.53"
"HINDPETRO","EQ","30-Jul-2024","381.05","375.15","401.75","370.10","395.10","395.75","392.52","3,57,30,279","14,02,47,51,807.15","2,48,143","90,80,886","25.42"
"HINDPETRO","EQ","29-Jul-2024","376.55","386.00","389.30","378.80","381.95","381.05","383.37","1,41,14,983","5,41,12,04,650.40","1,20,817","60,23,059","42.67"
"HINDPETRO","EQ","26-Jul-2024","373.75","379.40","379.50","370.20","377.30","376.55","375.30","93,01,896","3,49,10,42,646.05","89,076","41,47,034","44.58"
"HINDPETRO","EQ","25-Jul-2024","353.85","350.00","376.90","347.15","374.10","373.75","367.66","2,06,11,250","7,57,79,33,931.95","1,35,976","78,15,111","37.92"
"HINDPETRO","EQ","24-Jul-2024","346.50","347.00","356.35","344.10","353.70","353.85","352.35","82,07,636","2,89,19,65,799.25","56,062","42,08,571","51.28"
"HINDPETRO","EQ","23-Jul-2024","346.70","348.35","348.70","329.50","345.00","346.50","339.97","93,89,682","3,19,22,44,715.20","83,721","40,55,563","43.19"
"HINDPETRO","EQ","22-Jul-2024","341.65","341.85","354.80","337.80","346.95","346.70","347.39","1,35,06,968","4,69,21,93,986.30","1,15,102","62,61,265","46.36"
"HINDPETRO","EQ","19-Jul-2024","357.65","358.60","358.90","340.60","342.00","341.65","347.13","1,07,63,075","3,73,62,29,314.90","94,864","60,08,582","55.83"
"HINDPETRO","EQ","18-Jul-2024","358.20","358.75","365.00","354.70","357.00","357.65","359.12","1,04,08,667","3,73,79,60,899.90","84,838","41,90,954","40.26"
"HINDPETRO","EQ","16-Jul-2024","348.05","348.05","361.00","347.60","358.75","358.20","358.00","1,40,79,381","5,04,04,59,363.35","1,13,888","56,56,429","40.18"
"HINDPETRO","EQ","15-Jul-2024","342.15","344.75","350.30","341.40","347.50","348.05","346.57","72,49,546","2,51,24,97,585.70","74,167","23,31,179","32.16"
"HINDPETRO","EQ","12-Jul-2024","350.05","353.90","353.90","341.20","342.50","342.15","347.43","86,24,668","2,99,64,42,673.45","77,046","39,54,502","45.85"
"HINDPETRO","EQ","11-Jul-2024","335.15","339.60","353.15","338.00","349.50","350.05","346.82","1,71,48,192","5,94,73,74,661.85","1,34,120","54,75,314","31.93"
"HINDPETRO","EQ","10-Jul-2024","330.75","332.00","337.10","323.00","336.60","335.15","329.96","68,33,051","2,25,46,24,683.55","67,632","35,26,656","51.61"
"HINDPETRO","EQ","09-Jul-2024","327.90","328.40","333.35","326.80","330.80","330.75","330.16","43,13,809","1,42,42,25,851.20","57,808","18,67,957","43.30"
"HINDPETRO","EQ","08-Jul-2024","332.45","332.55","336.20","326.15","328.50","327.90","330.75","99,73,397","3,29,86,93,643.35","1,35,249","35,72,883","35.82"
"HINDPETRO","EQ","05-Jul-2024","329.75","328.50","334.20","327.50","332.75","332.45","330.48","77,02,282","2,54,54,72,215.30","82,190","46,81,144","60.78"
"HINDPETRO","EQ","04-Jul-2024","329.75","331.00","334.55","328.60","330.20","329.75","330.61","35,75,516","1,18,21,15,083.25","52,373","17,06,516","47.73"
"HINDPETRO","EQ","03-Jul-2024","328.30","328.60","330.50","325.30","329.90","329.75","328.03","43,93,135","1,44,10,75,762.00","54,320","20,22,593","46.04"
"HINDPETRO","EQ","02-Jul-2024","331.30","330.80","333.05","324.25","328.60","328.30","328.73","44,30,500","1,45,64,24,396.90","51,418","16,91,234","38.17"
"HINDPETRO","EQ","01-Jul-2024","332.10","331.30","334.40","329.50","331.40","331.30","331.40","48,41,697","1,60,45,62,181.45","84,788","29,13,120","60.17"
"HINDPETRO","EQ","28-Jun-2024","332.75","334.25","339.45","331.50","331.90","332.10","334.53","47,52,345","1,58,97,96,616.40","87,314","26,13,326","54.99"
"HINDPETRO","EQ","27-Jun-2024","333.45","334.00","336.20","327.00","335.45","332.75","331.89","81,29,031","2,69,79,28,614.80","93,534","39,23,440","48.26"
"HINDPETRO","EQ","26-Jun-2024","334.65","335.65","337.45","332.35","333.80","333.45","335.01","26,87,005","90,01,65,183.30","39,954","11,29,238","42.03"
"HINDPETRO","EQ","25-Jun-2024","337.95","338.00","340.15","331.25","334.40","334.65","334.95","31,15,862","1,04,36,64,333.05","52,191","12,54,117","40.25"
"HINDPETRO","EQ","24-Jun-2024","340.85","341.30","344.85","335.30","339.15","337.95","339.94","80,84,076","2,74,80,78,911.10","91,240","19,43,964","24.05"
"HINDPETRO","EQ","21-Jun-2024","523.80","350.30","352.55","336.00","341.50","340.85","343.00","1,31,08,523","4,49,62,82,340.00","1,43,556","59,18,613","45.15"
"HINDPETRO","EQ","20-Jun-2024","515.50","520.00","525.60","514.00","525.60","523.80","521.29","45,82,098","2,38,86,04,390.90","56,843","21,21,023","46.29"
"HINDPETRO","EQ","19-Jun-2024","530.15","533.05","533.70","513.25","516.90","515.50","518.69","65,29,379","3,38,67,36,698.50","1,15,526","29,53,718","45.24"
"HINDPETRO","EQ","18-Jun-2024","536.30","541.90","542.20","527.45","530.75","530.15","532.97","68,50,924","3,65,13,47,157.65","1,02,231","35,77,423","52.22"
"HINDPETRO","EQ","14-Jun-2024","528.35","534.00","543.75","530.00","536.30","536.30","537.28","76,30,935","4,09,99,75,201.20","90,996","30,20,778","39.59"
"HINDPETRO","EQ","13-Jun-2024","525.95","531.20","532.30","524.50","530.00","528.35","528.30","47,75,601","2,52,29,41,176.35","50,729","25,40,024","53.19"
"HINDPETRO","EQ","12-Jun-2024","524.05","529.50","537.85","524.60","526.70","525.95","529.53","62,33,888","3,30,10,25,001.90","77,739","24,71,897","39.65"
"HINDPETRO","EQ","11-Jun-2024","521.95","525.65","532.50","516.25","524.15","524.05","524.30","67,19,762","3,52,31,48,157.00","84,866","21,80,725","32.45"
"HINDPETRO","EQ","10-Jun-2024","523.85","530.00","532.00","516.80","520.00","521.95","523.82","75,48,087","3,95,38,24,199.05","97,245","23,70,378","31.40"
"HINDPETRO","EQ","07-Jun-2024","515.55","513.00","526.75","505.40","523.10","523.85","514.82","82,98,615","4,27,23,31,974.40","1,06,907","27,06,523","32.61"
"HINDPETRO","EQ","06-Jun-2024","505.25","510.50","535.60","508.05","515.45","515.55","520.74","95,79,539","4,98,84,30,795.30","1,24,548","29,24,938","30.53"
"HINDPETRO","EQ","05-Jun-2024","494.75","511.00","511.90","462.00","504.80","505.25","492.08","1,10,39,931","5,43,25,19,890.55","2,01,048","40,19,266","36.41"
"HINDPETRO","EQ","04-Jun-2024","582.40","584.25","584.50","468.10","494.00","494.75","521.40","1,57,92,269","8,23,40,73,787.85","2,92,612","53,94,968","34.16"
"HINDPETRO","EQ","03-Jun-2024","537.35","575.00","594.80","570.10","584.65","582.40","581.60","1,95,33,213","11,36,05,98,885.35","1,87,421","61,06,664","31.26"
"HINDPETRO","EQ","31-May-2024","534.45","543.00","544.70","532.50","539.65","537.35","538.29","78,63,333","4,23,27,80,814.50","81,294","41,75,908","53.11"
"HINDPETRO","EQ","30-May-2024","537.70","538.60","542.65","530.40","535.00","534.45","537.41","42,47,593","2,28,26,78,583.45","71,591","14,73,911","34.70"
"HINDPETRO","EQ","29-May-2024","546.90","540.00","546.35","533.95","538.50","537.70","540.31","36,36,399","1,96,47,86,150.20","52,129","11,72,944","32.26"
"HINDPETRO","EQ","28-May-2024","557.15","557.00","559.50","541.05","545.70","546.90","550.74","61,23,515","3,37,24,82,414.20","89,766","27,72,914","45.28"
"HINDPETRO","EQ","27-May-2024","543.45","543.25","564.00","532.50","556.00","557.15","550.09","1,09,84,280","6,04,23,68,896.25","1,29,950","31,73,235","28.89"
"HINDPETRO","EQ","24-May-2024","535.45","538.00","550.35","528.10","542.15","543.45","543.12","67,99,793","3,69,31,34,011.35","94,224","22,02,785","32.39"
"HINDPETRO","EQ","23-May-2024","530.35","533.00","544.70","529.70","537.00","535.45","538.05","63,18,569","3,39,97,07,708.50","75,701","19,93,600","31.55"
"HINDPETRO","EQ","22-May-2024","526.85","528.00","536.00","517.10","530.00","530.35","525.64","68,75,969","3,61,42,99,881.15","80,211","26,12,895","38.00"
"HINDPETRO","EQ","21-May-2024","505.05","509.20","530.90","501.70","526.20","526.85","521.56","1,06,11,742","5,53,46,43,868.60","1,22,688","42,66,189","40.20"
"HINDPETRO","EQ","18-May-2024","506.95","508.00","508.00","502.45","504.40","505.05","506.09","4,77,953","24,18,88,723.95","8,503","2,54,617","53.27"
"HINDPETRO","EQ","17-May-2024","498.90","500.10","511.60","496.65","504.65","506.95","504.81","49,49,884","2,49,87,43,451.10","58,597","16,37,546","33.08"
"HINDPETRO","EQ","16-May-2024","506.70","512.00","513.00","490.30","499.70","498.90","500.14","61,71,592","3,08,66,56,627.90","79,789","26,49,881","42.94"
"HINDPETRO","EQ","15-May-2024","493.30","497.00","509.80","496.45","507.35","506.70","503.70","38,15,738","1,92,19,78,856.40","51,663","9,94,420","26.06"
"HINDPETRO","EQ","14-May-2024","500.15","500.00","505.00","490.05","494.00","493.30","494.95","39,90,436","1,97,50,68,107.80","50,955","12,23,244","30.65"
"HINDPETRO","EQ","13-May-2024","501.55","506.90","508.00","475.35","497.95","500.15","489.39","1,13,44,475","5,55,19,08,521.30","1,54,376","39,40,829","34.74"
"HINDPETRO","EQ","10-May-2024","501.00","510.00","514.40","490.10","502.40","501.55","500.93","74,27,122","3,72,04,97,439.20","95,863","18,13,538","24.42"
"HINDPETRO","EQ","09-May-2024","523.20","527.90","528.00","496.95","501.85","501.00","508.72","1,11,79,224","5,68,70,58,624.15","1,37,728","36,27,210","32.45"
"HINDPETRO","EQ","08-May-2024","514.05","519.05","530.00","514.50","524.65","523.20","523.52","66,49,531","3,48,11,68,722.70","83,541","17,74,796","26.69"
"HINDPETRO","EQ","07-May-2024","513.80","527.85","534.70","510.00","514.00","514.05","520.89","1,27,34,173","6,63,30,94,794.10","1,29,279","36,00,633","28.28"
"HINDPETRO","EQ","06-May-2024","534.10","538.10","538.10","512.65","515.00","513.80","520.54","45,94,381","2,39,15,36,805.65","82,719","14,07,188","30.63"
"HINDPETRO","EQ","03-May-2024","533.50","540.00","540.90","529.10","534.30","534.10","534.87","57,78,801","3,09,09,21,658.15","95,033","16,97,441","29.37"
"HINDPETRO","EQ","02-May-2024","495.40","507.00","536.75","504.50","535.50","533.50","527.27","2,16,95,417","11,43,94,19,918.55","2,65,894","60,76,997","28.01"
"HINDPETRO","EQ","30-Apr-2024","505.65","510.40","515.55","490.75","495.30","495.40","505.77","65,00,680","3,28,78,79,986.35","71,976","23,64,617","36.37"
"HINDPETRO","EQ","29-Apr-2024","491.10","494.40","510.90","492.10","505.30","505.65","504.63","86,74,249","4,37,72,96,332.05","88,292","21,59,441","24.89"
"HINDPETRO","EQ","26-Apr-2024","491.20","490.00","497.50","485.45","490.55","491.10","491.68","36,27,915","1,78,37,74,246.25","45,266","11,32,319","31.21"
"HINDPETRO","EQ","25-Apr-2024","487.40","487.00","493.20","484.00","490.40","491.20","489.22","36,70,160","1,79,55,15,065.65","42,893","12,52,727","34.13"
"HINDPETRO","EQ","24-Apr-2024","483.10","485.40","490.35","479.25","487.05","487.40","484.88","42,73,494","2,07,21,33,297.70","55,269","13,04,554","30.53"
"HINDPETRO","EQ","23-Apr-2024","492.05","495.00","496.00","481.60","482.80","483.10","489.01","48,72,382","2,38,26,49,917.25","63,718","22,77,987","46.75"
"HINDPETRO","EQ","22-Apr-2024","478.40","487.00","501.00","486.10","492.00","492.05","495.62","1,07,77,370","5,34,14,68,854.90","1,07,062","30,60,975","28.40"
"HINDPETRO","EQ","19-Apr-2024","477.30","466.90","480.50","457.75","477.60","478.40","469.47","1,05,94,361","4,97,37,22,996.50","1,36,296","37,40,362","35.31"
"HINDPETRO","EQ","18-Apr-2024","468.55","479.25","494.00","474.05","479.90","477.30","486.97","1,30,07,051","6,33,40,17,622.10","1,20,699","30,37,974","23.36"
"HINDPETRO","EQ","16-Apr-2024","467.45","462.50","479.95","458.50","469.80","468.55","471.26","71,08,736","3,35,00,97,850.10","76,902","24,34,767","34.25"
"HINDPETRO","EQ","15-Apr-2024","478.25","472.00","477.25","458.30","468.00","467.45","468.67","1,01,94,905","4,77,80,19,765.10","1,03,864","46,24,185","45.36"
"HINDPETRO","EQ","12-Apr-2024","487.45","487.00","487.35","476.75","478.50","478.25","482.28","67,37,396","3,24,93,28,658.50","79,295","31,76,507","47.15"
"HINDPETRO","EQ","10-Apr-2024","458.85","459.50","489.00","459.50","488.00","487.45","481.00","1,43,33,302","6,89,42,90,403.70","1,87,883","59,29,441","41.37"
"HINDPETRO","EQ","09-Apr-2024","462.90","463.95","464.90","456.40","458.60","458.85","459.64","36,49,778","1,67,75,94,759.95","48,115","17,76,866","48.68"
"HINDPETRO","EQ","08-Apr-2024","461.20","465.00","471.65","455.60","461.50","462.90","464.02","63,54,879","2,94,88,06,920.35","93,540","22,58,398","35.54"
"HINDPETRO","EQ","05-Apr-2024","461.55","457.00","462.90","449.25","461.45","461.20","455.81","76,73,548","3,49,76,45,859.65","1,25,843","29,85,633","38.91"
"HINDPETRO","EQ","04-Apr-2024","474.55","475.00","480.00","460.00","461.10","461.55","466.55","66,72,097","3,11,28,96,741.35","1,44,860","30,95,094","46.39"
"HINDPETRO","EQ","03-Apr-2024","482.20","478.85","483.00","472.55","473.95","474.55","477.03","47,15,729","2,24,95,50,411.90","66,876","21,85,709","46.35"
"HINDPETRO","EQ","02-Apr-2024","468.80","470.30","484.70","467.50","484.10","482.20","477.84","51,25,246","2,44,90,40,342.50","57,740","16,22,664","31.66"
"HINDPETRO","EQ","01-Apr-2024","475.65","476.05","478.50","466.65","470.55","468.80","470.80","60,63,072","2,85,45,03,813.40","74,256","23,67,732","39.05"
"HINDPETRO","EQ","28-Mar-2024","471.10","475.05","479.35","470.10","478.75","475.65","475.30","48,11,142","2,28,67,42,469.60","64,372","24,39,434","50.70"
"HINDPETRO","EQ","27-Mar-2024","472.60","477.00","484.20","469.05","473.00","471.10","477.17","46,59,072","2,22,31,57,261.60","54,226","17,48,510","37.53"
"HINDPETRO","EQ","26-Mar-2024","473.45","468.90","477.80","463.50","471.80","472.60","472.04","62,17,958","2,93,51,10,599.50","59,757","29,27,555","47.08"
"HINDPETRO","EQ","22-Mar-2024","472.50","474.20","483.65","470.70","473.35","473.45","476.88","50,74,069","2,41,97,21,718.70","71,428","9,61,880","18.96"
"HINDPETRO","EQ","21-Mar-2024","453.65","460.45","473.90","458.45","471.75","472.50","466.29","52,01,023","2,42,51,89,339.90","91,846","17,02,903","32.74"
"HINDPETRO","EQ","20-Mar-2024","445.50","449.00","456.15","445.80","456.15","453.65","451.93","69,65,516","3,14,79,19,245.45","1,59,044","30,29,046","43.49"
"HINDPETRO","EQ","19-Mar-2024","461.15","456.90","457.95","443.05","445.00","445.50","448.34","66,08,339","2,96,27,93,090.95","72,951","14,82,253","22.43"
"HINDPETRO","EQ","18-Mar-2024","468.85","468.90","474.80","459.35","461.85","461.15","463.78","81,44,609","3,77,72,98,753.45","85,344","19,63,678","24.11"
"HINDPETRO","EQ","15-Mar-2024","500.10","489.85","489.85","451.15","468.30","468.85","466.37","3,17,13,010","14,78,99,77,415.10","3,40,235","93,20,963","29.39"
"HINDPETRO","EQ","14-Mar-2024","483.90","485.00","505.00","480.60","499.90","500.10","498.50","75,45,044","3,76,12,22,544.05","84,174","23,78,388","31.52"
"HINDPETRO","EQ","13-Mar-2024","514.30","514.60","517.00","478.60","485.00","483.90","494.01","78,23,337","3,86,48,25,374.80","1,00,968","26,06,322","33.31"
"HINDPETRO","EQ","12-Mar-2024","511.85","512.00","521.45","507.25","514.00","514.30","515.04","60,91,354","3,13,72,73,924.55","1,26,939","22,88,215","37.56"
"HINDPETRO","EQ","11-Mar-2024","508.50","506.00","522.00","497.45","510.45","511.85","513.47","87,50,873","4,49,33,06,470.20","1,18,741","27,38,794","31.30"
"HINDPETRO","EQ","07-Mar-2024","517.20","515.70","518.50","503.40","509.05","508.50","510.58","42,46,754","2,16,83,05,752.55","46,675","13,72,556","32.32"
"HINDPETRO","EQ","06-Mar-2024","528.05","526.50","529.80","504.20","515.70","517.20","513.40","75,30,897","3,86,63,82,025.40","97,977","22,63,574","30.06"
"HINDPETRO","EQ","05-Mar-2024","525.10","526.00","531.45","521.55","526.00","528.05","526.60","47,69,230","2,51,14,53,231.40","98,885","18,46,581","38.72"
"HINDPETRO","EQ","04-Mar-2024","518.80","517.00","527.90","515.55","523.40","525.10","523.87","81,87,650","4,28,92,73,156.65","1,16,453","31,44,543","38.41"
"HINDPETRO","EQ","02-Mar-2024","517.15","517.50","521.00","514.45","517.10","518.80","518.18","5,24,020","27,15,39,038.70","8,136","1,67,749","32.01"
"HINDPETRO","EQ","01-Mar-2024","509.40","516.00","526.00","515.30","517.30","517.15","519.87","68,44,994","3,55,84,81,876.25","77,161","19,63,877","28.69"
"HINDPETRO","EQ","29-Feb-2024","507.20","505.05","515.00","502.05","515.00","509.40","508.27","97,35,845","4,94,84,41,366.10","93,339","46,47,187","47.73"
"HINDPETRO","EQ","28-Feb-2024","529.85","529.85","530.20","504.45","506.30","507.20","513.89","1,08,22,607","5,56,16,04,276.70","1,03,696","46,93,299","43.37"
"HINDPETRO","EQ","27-Feb-2024","541.65","541.80","547.50","522.55","528.90","529.85","535.47","84,76,974","4,53,91,56,055.40","90,256","29,79,442","35.15"
"HINDPETRO","EQ","26-Feb-2024","527.60","527.60","543.50","511.00","542.95","541.65","528.48","1,61,08,207","8,51,28,39,125.70","1,76,414","42,77,212","26.55"
"HINDPETRO","EQ","23-Feb-2024","539.10","536.00","539.45","522.10","526.85","527.60","528.24","57,42,177","3,03,32,23,686.00","68,473","16,68,616","29.06"
"HINDPETRO","EQ","22-Feb-2024","543.25","543.00","550.05","528.60","539.15","539.10","536.70","63,18,710","3,39,12,47,762.50","81,990","21,05,200","33.32"
"HINDPETRO","EQ","21-Feb-2024","563.10","564.00","569.00","532.00","547.00","543.25","554.57","66,62,387","3,69,47,65,677.10","86,007","20,08,799","30.15"
"HINDPETRO","EQ","20-Feb-2024","554.70","554.70","567.50","538.90","566.00","563.10","551.16","89,16,525","4,91,44,16,764.90","1,17,553","27,56,236","30.91"
"HINDPETRO","EQ","19-Feb-2024","565.70","567.00","569.60","552.55","554.50","554.70","560.23","1,01,34,836","5,67,78,25,991.55","1,21,337","44,72,815","44.13"
"HINDPETRO","EQ","16-Feb-2024","575.00","578.00","594.80","558.85","564.40","565.70","573.05","1,48,46,350","8,50,76,57,322.15","2,34,349","45,59,006","30.71"
"HINDPETRO","EQ","15-Feb-2024","543.30","548.80","579.70","537.55","574.00","575.00","568.40","1,77,00,107","10,06,08,14,205.40","2,09,644","41,22,293","23.29"
"HINDPETRO","EQ","14-Feb-2024","501.65","495.00","549.00","491.55","543.90","543.30","526.15","1,41,35,751","7,43,75,43,507.35","1,19,832","45,27,482","32.03"
"HINDPETRO","EQ","13-Feb-2024","501.90","503.00","507.75","492.40","502.00","501.65","500.17","50,94,484","2,54,81,18,544.60","64,866","15,93,687","31.28"
"HINDPETRO","EQ","12-Feb-2024","510.20","507.10","510.20","486.90","500.30","501.90","498.85","94,90,202","4,73,41,44,483.05","1,17,588","18,17,280","19.15"
"HINDPETRO","EQ","09-Feb-2024","525.15","526.00","526.45","489.30","509.45","510.20","504.33","97,89,517","4,93,71,23,784.45","1,14,965","23,49,114","24.00"
"HINDPETRO","EQ","08-Feb-2024","523.60","523.80","538.40","520.10","526.20","525.15","529.03","1,27,12,879","6,72,54,94,067.95","1,51,045","45,32,497","35.65"
"HINDPETRO","EQ","07-Feb-2024","535.80","524.00","532.75","516.15","524.00","523.60","523.56","1,16,94,148","6,12,25,80,907.75","1,03,564","45,76,339","39.13"
"HINDPETRO","EQ","06-Feb-2024","508.40","515.00","541.00","505.15","536.70","535.80","526.73","1,92,35,513","10,13,19,05,240.35","2,05,789","82,61,833","42.95"
"HINDPETRO","EQ","05-Feb-2024","488.85","497.00","517.35","490.00","511.00","508.40","507.89","1,83,04,224","9,29,64,60,652.65","1,66,311","65,37,259","35.71"
"HINDPETRO","EQ","02-Feb-2024","465.80","473.00","500.80","470.95","489.50","488.85","489.11","1,90,90,406","9,33,73,74,869.05","1,37,690","55,42,506","29.03"
"HINDPETRO","EQ","01-Feb-2024","463.25","467.95","470.35","456.00","466.00","465.80","463.53","52,21,729","2,42,04,47,749.90","55,567","18,54,899","35.52"
"HINDPETRO","EQ","31-Jan-2024","471.70","474.40","477.55","460.10","464.00","463.25","465.80","60,16,956","2,80,26,88,495.10","62,786","25,03,451","41.61"
"HINDPETRO","EQ","30-Jan-2024","452.30","456.25","485.30","454.75","471.95","471.70","473.93","1,72,61,998","8,18,09,54,557.90","1,93,908","57,48,145","33.30"
"HINDPETRO","EQ","29-Jan-2024","430.60","433.00","458.65","430.15","454.35","452.30","446.57","1,38,05,392","6,16,51,27,883.90","1,09,441","50,46,097","36.55"
"HINDPETRO","EQ","25-Jan-2024","452.55","456.00","457.45","416.50","431.90","430.60","432.02","1,76,86,747","7,64,10,29,060.45","2,15,641","49,17,615","27.80"
"HINDPETRO","EQ","24-Jan-2024","440.45","445.00","456.75","441.00","452.50","452.55","450.10","60,59,348","2,72,72,90,131.20","59,993","27,38,999","45.20"
"HINDPETRO","EQ","23-Jan-2024","468.65","476.80","477.00","437.00","442.00","440.45","451.24","86,78,819","3,91,61,93,299.55","94,283","32,45,354","37.39"
"HINDPETRO","EQ","20-Jan-2024","465.75","470.00","475.00","464.15","470.80","468.65","469.52","43,35,451","2,03,55,82,136.05","31,372","17,48,876","40.34"
"HINDPETRO","EQ","19-Jan-2024","454.60","458.60","468.55","453.00","464.00","465.75","461.73","39,88,785","1,84,17,22,768.25","42,392","10,56,921","26.50"
"HINDPETRO","EQ","18-Jan-2024","449.10","449.00","462.00","439.40","454.35","454.60","454.44","64,40,957","2,92,70,05,770.85","64,174","17,80,605","27.65"
"HINDPETRO","EQ","17-Jan-2024","452.80","451.00","458.75","446.05","451.90","449.10","453.56","86,58,106","3,92,69,82,599.95","1,12,214","39,15,802","45.23"
"HINDPETRO","EQ","16-Jan-2024","449.60","449.40","459.40","448.05","452.10","452.80","453.13","74,10,778","3,35,80,39,454.75","78,510","27,00,530","36.44"
"HINDPETRO","EQ","15-Jan-2024","450.80","452.50","453.60","445.15","450.00","449.60","449.40","46,08,455","2,07,10,20,709.15","71,093","14,66,258","31.82"
"HINDPETRO","EQ","12-Jan-2024","445.50","446.85","453.20","438.55","450.65","450.80","446.59","76,26,558","3,40,59,50,892.60","76,725","26,91,159","35.29"
"HINDPETRO","EQ","11-Jan-2024","430.70","435.00","447.45","433.45","445.30","445.50","442.35","91,44,772","4,04,52,17,923.90","1,03,467","40,85,098","44.67"
"HINDPETRO","EQ","10-Jan-2024","439.35","435.00","436.50","425.65","433.50","430.70","429.79","59,87,033","2,57,31,52,936.05","76,541","26,52,701","44.31"
"HINDPETRO","EQ","09-Jan-2024","429.40","438.00","441.35","431.00","439.05","439.35","437.29","73,93,355","3,23,30,08,174.25","94,811","34,04,779","46.05"
"HINDPETRO","EQ","08-Jan-2024","420.00","424.00","438.00","422.20","429.00","429.40","431.16","1,45,64,712","6,27,96,94,419.30","1,40,926","60,11,341","41.27"
"HINDPETRO","EQ","05-Jan-2024","415.40","416.50","427.00","416.20","420.40","420.00","421.78","97,13,784","4,09,70,97,900.60","88,992","38,64,906","39.79"
"HINDPETRO","EQ","04-Jan-2024","421.80","417.00","418.15","412.05","416.00","415.40","415.19","77,89,886","3,23,42,96,244.90","1,04,796","37,71,270","48.41"
"HINDPETRO","EQ","03-Jan-2024","408.70","409.05","423.55","405.50","420.05","421.80","417.18","1,31,73,281","5,49,56,70,087.25","1,12,356","59,00,134","44.79"
"HINDPETRO","EQ","02-Jan-2024","399.60","401.30","411.00","393.10","407.50","408.70","403.51","82,16,368","3,31,54,11,012.15","63,714","30,32,351","36.91"
"HINDPETRO","EQ","01-Jan-2024","398.90","406.00","406.50","398.10","399.30","399.60","400.85","58,01,006","2,32,53,44,668.75","47,089","24,96,017","43.03"
"HINDPETRO","EQ","29-Dec-2023","417.65","400.00","410.20","397.20","398.00","398.90","402.09","1,95,29,419","7,85,25,10,118.75","1,22,418","75,29,166","38.55"
"HINDPETRO","EQ","28-Dec-2023","381.85","385.70","436.40","382.35","416.90","417.65","410.44","3,82,50,324","15,69,95,87,314.50","2,37,099","1,03,02,643","26.93"
"HINDPETRO","EQ","27-Dec-2023","384.15","384.00","387.45","377.00","381.35","381.85","381.74","1,31,44,177","5,01,76,22,655.70","86,959","85,81,594","65.29"
"HINDPETRO","EQ","26-Dec-2023","369.30","370.90","392.00","366.80","384.80","384.15","383.78","1,44,36,968","5,54,05,83,842.25","1,07,514","47,75,968","33.08"
"HINDPETRO","EQ","22-Dec-2023","375.70","375.60","375.60","364.00","369.30","369.30","369.37","84,65,677","3,12,69,84,260.30","77,162","38,99,614","46.06"
"HINDPETRO","EQ","21-Dec-2023","364.85","360.30","378.00","358.70","374.95","375.70","371.87","56,48,125","2,10,03,44,534.25","54,542","22,68,186","40.16"
"HINDPETRO","EQ","20-Dec-2023","380.60","384.75","384.75","363.10","364.45","364.85","373.66","74,08,093","2,76,80,87,302.35","76,439","26,92,022","36.34"
"HINDPETRO","EQ","19-Dec-2023","379.30","381.90","385.00","376.15","382.00","380.60","381.14","47,09,247","1,79,48,60,414.45","39,855","16,49,061","35.02"
"HINDPETRO","EQ","18-Dec-2023","383.90","386.00","386.75","377.85","379.45","379.30","380.89","42,71,530","1,62,69,81,526.40","32,690","12,38,287","28.99"
"HINDPETRO","EQ","15-Dec-2023","375.70","368.00","392.75","366.55","384.90","383.90","383.19","1,26,18,943","4,83,54,81,951.15","99,450","32,27,738","25.58"
"HINDPETRO","EQ","14-Dec-2023","375.00","377.90","380.00","369.45","376.70","375.70","373.65","65,16,863","2,43,50,15,977.50","60,135","25,75,729","39.52"
"HINDPETRO","EQ","13-Dec-2023","357.10","363.50","377.75","362.65","376.00","375.00","369.60","1,43,52,953","5,30,48,23,436.95","1,14,776","43,15,219","30.07"
"HINDPETRO","EQ","12-Dec-2023","360.85","361.00","369.85","356.00","357.65","357.10","361.08","84,34,246","3,04,54,50,269.35","71,047","31,09,237","36.86"
"HINDPETRO","EQ","11-Dec-2023","377.50","380.00","382.35","358.20","360.75","360.85","366.25","1,57,92,800","5,78,41,52,210.05","1,06,728","66,13,504","41.88"
"HINDPETRO","EQ","08-Dec-2023","383.10","384.00","386.80","373.10","376.30","377.50","380.19","56,42,579","2,14,52,78,803.10","60,240","20,68,262","36.65"
"HINDPETRO","EQ","07-Dec-2023","384.25","390.25","396.00","382.15","383.50","383.10","386.75","1,33,79,064","5,17,43,80,686.05","80,477","62,13,780","46.44"
"HINDPETRO","EQ","06-Dec-2023","381.45","387.00","389.90","374.65","386.20","384.25","381.48","67,82,813","2,58,75,14,355.15","59,835","20,51,515","30.25"
"HINDPETRO","EQ","05-Dec-2023","376.50","381.00","391.50","374.15","381.15","381.45","383.54","1,98,95,442","7,63,07,43,969.05","1,71,097","77,08,278","38.74"
"HINDPETRO","EQ","04-Dec-2023","345.55","355.00","379.45","355.00","377.00","376.50","371.46","2,99,52,155","11,12,61,71,617.60","2,15,663","1,05,91,784","35.36"
"HINDPETRO","EQ","01-Dec-2023","347.40","348.10","356.35","344.05","345.50","345.55","349.54","74,64,330","2,60,90,91,655.55","69,574","26,39,499","35.36"
"HINDPETRO","EQ","30-Nov-2023","342.45","342.00","349.80","336.55","347.25","347.40","344.51","1,21,54,345","4,18,73,51,980.10","74,238","65,23,869","53.68"
"HINDPETRO","EQ","29-Nov-2023","342.75","342.00","351.00","337.05","341.40","342.45","344.66","1,56,98,997","5,41,08,46,774.40","1,05,844","61,55,205","39.21"
"HINDPETRO","EQ","28-Nov-2023","320.20","329.05","345.00","325.10","340.25","342.75","337.99","2,64,84,193","8,95,13,64,155.00","1,54,699","1,20,42,129","45.47"
"HINDPETRO","EQ","24-Nov-2023","326.70","325.85","326.00","314.55","320.05","320.20","319.24","1,02,81,163","3,28,21,83,514.80","90,023","34,17,842","33.24"
"HINDPETRO","EQ","23-Nov-2023","305.50","307.00","329.75","305.80","326.25","326.70","319.27","1,62,29,630","5,18,15,68,632.55","1,31,949","51,93,170","32.00"
"HINDPETRO","EQ","22-Nov-2023","304.95","307.00","314.35","302.30","306.30","305.50","306.97","99,80,162","3,06,36,20,516.90","71,493","44,43,917","44.53"
"HINDPETRO","EQ","21-Nov-2023","307.20","309.70","309.70","300.30","305.05","304.95","303.52","54,29,293","1,64,78,98,156.90","47,818","23,36,333","43.03"
"HINDPETRO","EQ","20-Nov-2023","310.00","311.55","312.80","305.50","308.00","307.20","308.79","48,77,427","1,50,60,89,092.00","52,759","16,92,272","34.70"
"HINDPETRO","EQ","17-Nov-2023","320.25","323.00","334.70","308.45","309.95","310.00","318.43","1,83,31,279","5,83,72,06,610.05","93,849","74,79,880","40.80"
"HINDPETRO","EQ","16-Nov-2023","313.60","315.00","326.80","313.35","319.95","320.25","321.58","96,31,950","3,09,74,47,595.05","88,116","25,37,614","26.35"
"HINDPETRO","EQ","15-Nov-2023","303.25","304.85","314.70","301.75","313.75","313.60","310.33","88,65,147","2,75,11,26,091.95","77,176","29,48,108","33.26"
"HINDPETRO","EQ","13-Nov-2023","300.25","299.10","304.75","295.25","302.50","303.25","301.06","47,35,664","1,42,57,14,630.55","42,920","14,90,778","31.48"
"HINDPETRO","EQ","12-Nov-2023","299.55","303.00","305.35","299.50","300.10","300.25","301.67","6,06,866","18,30,74,998.50","6,682","3,36,352","55.42"
"HINDPETRO","EQ","10-Nov-2023","298.95","298.00","302.75","295.75","298.80","299.55","299.56","33,24,906","99,60,11,445.95","35,333","12,65,725","38.07"
"HINDPETRO","EQ","09-Nov-2023","299.50","300.15","304.80","297.10","299.00","298.95","300.20","64,49,638","1,93,61,61,237.00","57,047","18,45,140","28.61"
"HINDPETRO","EQ","08-Nov-2023","278.65","282.55","302.40","282.05","298.65","299.50","298.07","2,46,83,404","7,35,74,84,715.90","1,54,522","61,27,945","24.83"
"HINDPETRO","EQ","07-Nov-2023","262.10","265.10","280.25","260.05","279.05","278.65","273.14","2,03,34,091","5,55,40,50,266.85","1,16,765","74,25,828","36.52"
"HINDPETRO","EQ","06-Nov-2023","257.55","259.80","265.00","258.45","261.70","262.10","261.59","50,12,098","1,31,11,23,254.55","44,879","19,84,542","39.60"
"HINDPETRO","EQ","03-Nov-2023","255.20","256.00","259.90","255.00","257.15","257.55","257.98","23,69,080","61,11,84,488.05","21,219","10,59,744","44.73"
"HINDPETRO","EQ","02-Nov-2023","251.95","253.70","258.50","252.40","255.60","255.20","255.48","31,33,747","80,06,03,924.40","25,636","15,51,391","49.51"
"HINDPETRO","EQ","01-Nov-2023","247.70","249.50","254.60","249.40","252.25","251.95","252.26","31,66,808","79,88,56,016.00","27,043","13,56,584","42.84"
"HINDPETRO","EQ","31-Oct-2023","245.95","247.35","249.35","245.20","247.80","247.70","247.74","20,72,389","51,34,17,146.05","20,798","9,19,974","44.39"
"HINDPETRO","EQ","30-Oct-2023","243.55","245.00","247.75","241.60","246.00","245.95","245.47","33,26,372","81,65,34,855.90","38,615","10,33,270","31.06"
"HINDPETRO","EQ","27-Oct-2023","242.15","242.50","246.15","241.50","243.20","243.55","243.76","15,97,061","38,92,94,729.95","16,702","6,37,815","39.94"
"HINDPETRO","EQ","26-Oct-2023","246.05","245.00","245.05","239.20","242.45","242.15","241.53","32,01,973","77,33,65,089.95","37,103","15,43,344","48.20"
"HINDPETRO","EQ","25-Oct-2023","249.20","251.70","252.85","244.05","245.80","246.05","248.54","36,88,221","91,66,52,739.10","62,786","16,72,043","45.33"
"HINDPETRO","EQ","23-Oct-2023","252.70","253.50","254.80","247.80","248.10","249.20","250.45","47,36,311","1,18,62,03,021.75","51,495","20,32,975","42.92"
"HINDPETRO","EQ","20-Oct-2023","261.80","260.00","260.00","250.75","252.60","252.70","254.18","41,39,478","1,05,21,58,193.50","47,385","22,58,065","54.55"
"HINDPETRO","EQ","19-Oct-2023","256.95","256.00","263.00","254.25","261.75","261.80","259.55","18,23,076","47,31,84,423.10","21,769","6,00,932","32.96"
"HINDPETRO","EQ","18-Oct-2023","261.70","262.70","263.00","256.05","257.00","256.95","258.54","44,18,273","1,14,23,10,182.10","42,462","19,14,874","43.34"
"HINDPETRO","EQ","17-Oct-2023","256.70","257.15","266.50","255.90","261.80","261.70","263.20","53,80,744","1,41,62,10,055.45","46,705","14,59,831","27.13"
"HINDPETRO","EQ","16-Oct-2023","256.45","254.00","258.50","251.15","256.90","256.70","255.84","24,21,516","61,95,09,120.30","24,421","6,40,440","26.45"
"HINDPETRO","EQ","13-Oct-2023","258.40","258.05","259.85","255.80","256.40","256.45","258.04","14,57,405","37,60,70,695.40","15,138","6,04,523","41.48"
"HINDPETRO","EQ","12-Oct-2023","254.10","255.50","261.80","255.45","258.00","258.40","258.83","31,60,526","81,80,29,874.60","28,228","13,15,949","41.64"
"HINDPETRO","EQ","11-Oct-2023","251.75","253.65","255.55","252.60","254.30","254.10","254.33","23,53,720","59,86,19,338.35","29,906","13,98,984","59.44"
"HINDPETRO","EQ","10-Oct-2023","251.70","251.75","254.55","251.10","251.80","251.75","252.20","10,92,604","27,55,58,384.75","18,781","3,87,804","35.49"
"HINDPETRO","EQ","09-Oct-2023","257.75","252.10","253.00","249.00","251.65","251.70","250.85","53,23,422","1,33,53,64,936.15","61,726","26,88,085","50.50"
"HINDPETRO","EQ","06-Oct-2023","253.55","254.05","259.30","253.00","257.50","257.75","256.78","37,34,939","95,90,65,753.90","49,354","18,77,537","50.27"
"HINDPETRO","EQ","05-Oct-2023","249.95","256.00","261.70","252.30","253.50","253.55","255.44","59,90,048","1,53,01,25,072.40","56,217","21,76,385","36.33"
"HINDPETRO","EQ","04-Oct-2023","254.40","255.00","255.15","247.05","249.95","249.95","249.62","50,85,524","1,26,94,28,252.80","28,858","25,56,341","50.27"
"HINDPETRO","EQ","03-Oct-2023","254.95","256.50","259.10","253.65","254.30","254.40","256.51","38,48,575","98,72,08,047.90","26,651","17,74,840","46.12"
"HINDPETRO","EQ","29-Sep-2023","249.70","251.70","257.75","250.30","255.00","254.95","254.83","29,32,062","74,71,81,893.25","29,421","8,27,604","28.23"
"HINDPETRO","EQ","28-Sep-2023","256.30","254.00","256.95","249.10","250.55","249.70","252.27","39,00,049","98,38,77,414.65","42,373","15,84,866","40.64"
"HINDPETRO","EQ","27-Sep-2023","260.00","259.65","259.80","252.90","256.20","256.30","256.10","40,54,432","1,03,83,28,448.85","31,865","17,02,867","42.00"
"HINDPETRO","EQ","26-Sep-2023","260.35","260.00","263.75","259.25","260.00","260.00","261.40","29,13,558","76,16,18,608.95","20,843","14,89,379","51.12"
"HINDPETRO","EQ","25-Sep-2023","260.95","260.05","261.85","256.25","259.55","260.35","259.18","33,96,577","88,03,40,469.60","28,061","12,68,684","37.35"
"HINDPETRO","EQ","22-Sep-2023","263.45","263.00","266.25","260.50","260.80","260.95","263.32","44,85,351","1,18,10,97,223.00","31,905","19,61,897","43.74"
"HINDPETRO","EQ","21-Sep-2023","257.80","258.00","266.00","256.55","262.85","263.45","262.72","84,71,846","2,22,57,47,591.40","56,017","29,81,835","35.20"
"HINDPETRO","EQ","20-Sep-2023","257.10","253.50","259.30","252.35","257.45","257.80","256.25","48,86,856","1,25,22,60,095.05","39,708","23,85,807","48.82"
"HINDPETRO","EQ","18-Sep-2023","252.25","251.55","261.25","251.20","257.30","257.10","257.33","49,33,841","1,26,96,23,077.10","33,866","18,17,386","36.84"
"HINDPETRO","EQ","15-Sep-2023","258.50","257.65","257.80","251.00","252.45","252.25","252.41","1,08,61,910","2,74,16,98,786.10","47,687","67,81,128","62.43"
"HINDPETRO","EQ","14-Sep-2023","254.70","255.30","259.30","254.65","258.20","258.50","257.16","30,70,264","78,95,52,752.45","25,885","12,06,957","39.31"
"HINDPETRO","EQ","13-Sep-2023","251.80","252.25","255.85","249.55","254.00","254.70","253.83","42,93,153","1,08,97,50,000.60","29,657","19,89,540","46.34"
"HINDPETRO","EQ","12-Sep-2023","265.80","268.90","268.90","251.00","252.25","251.80","256.18","75,62,607","1,93,73,80,447.75","45,782","41,97,673","55.51"
"HINDPETRO","EQ","11-Sep-2023","260.40","262.50","268.65","260.40","265.85","265.80","264.59","55,43,394","1,46,67,08,359.90","44,361","20,92,808","37.75"
"HINDPETRO","EQ","08-Sep-2023","254.15","254.75","263.30","254.00","260.30","260.40","258.92","57,51,334","1,48,91,42,635.20","46,128","22,63,386","39.35"
"HINDPETRO","EQ","07-Sep-2023","254.70","256.15","257.75","252.00","253.70","254.15","255.47","40,99,467","1,04,73,02,777.45","27,730","23,34,632","56.95"
"HINDPETRO","EQ","06-Sep-2023","254.65","251.85","255.00","249.75","254.85","254.70","252.81","28,17,221","71,22,29,111.50","24,263","11,18,451","39.70"
"HINDPETRO","EQ","05-Sep-2023","253.05","253.85","258.70","252.50","254.30","254.65","255.02","33,22,114","84,72,06,460.65","27,098","13,40,432","40.35"
"HINDPETRO","EQ","04-Sep-2023","250.25","251.50","253.70","248.50","253.45","253.05","252.33","47,26,184","1,19,25,68,360.00","63,791","22,25,586","47.09"
"HINDPETRO","EQ","01-Sep-2023","248.10","249.50","250.90","246.20","250.70","250.25","248.46","57,25,355","1,42,25,13,729.15","39,712","31,12,416","54.36"
"HINDPETRO","EQ","31-Aug-2023","257.70","258.20","258.25","246.80","248.10","248.10","250.69","90,28,979","2,26,34,33,330.35","74,986","50,18,070","55.58"
"HINDPETRO","EQ","30-Aug-2023","263.90","260.60","262.00","257.00","257.20","257.70","258.45","98,69,037","2,55,06,41,513.15","1,12,954","58,96,201","59.74"
"HINDPETRO","EQ","29-Aug-2023","264.35","265.40","266.70","263.20","264.10","263.90","264.71","27,17,899","71,94,51,985.10","36,662","11,60,671","42.70"
"HINDPETRO","EQ","28-Aug-2023","261.50","262.00","265.85","261.15","264.50","264.35","264.35","27,77,337","73,41,94,830.25","27,468","9,75,938","35.14"
"HINDPETRO","EQ","25-Aug-2023","264.85","265.00","267.95","260.60","260.75","261.50","263.75","25,23,596","66,55,98,616.05","28,858","10,36,931","41.09"
"HINDPETRO","EQ","24-Aug-2023","260.00","261.00","266.55","260.20","265.70","264.85","264.54","29,41,219","77,80,82,216.95","25,746","9,54,955","32.47"
"HINDPETRO","EQ","23-Aug-2023","260.20","260.50","261.35","259.10","259.70","260.00","260.03","12,27,302","31,91,36,193.25","19,557","4,59,969","37.48"
"HINDPETRO","EQ","22-Aug-2023","260.50","261.95","262.65","259.20","260.05","260.20","260.90","15,64,969","40,83,03,108.75","23,929","7,66,806","49.00"
"HINDPETRO","EQ","21-Aug-2023","261.15","261.05","262.25","259.35","260.80","260.50","260.89","21,12,618","55,11,64,686.80","45,567","6,29,713","29.81"
"HINDPETRO","EQ","18-Aug-2023","261.75","262.65","263.85","259.65","260.90","261.15","261.56","24,94,469","65,24,51,885.10","35,123","11,37,557","45.60"
"HINDPETRO","EQ","17-Aug-2023","261.65","263.00","264.00","260.20","263.40","261.75","261.82","19,08,767","49,97,49,675.25","27,123","6,83,700","35.82"
"HINDPETRO","EQ","16-Aug-2023","263.40","262.50","266.55","260.75","261.25","261.65","262.15","34,68,496","90,92,66,239.10","56,900","16,18,154","46.65"
"HINDPETRO","EQ","14-Aug-2023","266.65","266.50","266.60","262.10","262.80","263.40","263.55","11,77,880","31,04,25,640.00","21,633","4,32,732","36.74"
"HINDPETRO","EQ","11-Aug-2023","264.90","266.50","269.60","265.15","266.50","266.65","267.59","23,33,665","62,44,58,042.15","27,447","10,10,984","43.32"
"HINDPETRO","EQ","10-Aug-2023","266.40","266.90","269.70","264.05","265.30","264.90","266.18","24,11,153","64,17,89,025.65","23,173","8,68,038","36.00"
"HINDPETRO","EQ","09-Aug-2023","265.05","265.90","267.50","263.15","266.90","266.40","266.06","25,28,092","67,26,18,065.70","25,409","7,93,418","31.38"
"HINDPETRO","EQ","08-Aug-2023","267.80","269.10","270.25","262.50","265.30","265.05","264.55","39,95,210","1,05,69,25,065.65","60,703","24,71,724","61.87"
"HINDPETRO","EQ","07-Aug-2023","266.70","268.70","269.00","263.00","268.30","267.80","265.71","39,86,410","1,05,92,43,403.35","36,850","18,64,185","46.76"
"HINDPETRO","EQ","04-Aug-2023","270.35","273.90","273.90","266.20","266.50","266.70","268.67","33,33,298","89,55,50,766.15","29,193","14,56,578","43.70"
"HINDPETRO","EQ","03-Aug-2023","276.30","276.50","278.10","268.50","270.65","270.35","271.29","92,84,132","2,51,86,54,957.05","60,879","45,93,496","49.48"
"HINDPETRO","EQ","02-Aug-2023","285.05","286.20","286.20","274.00","276.45","276.30","276.88","93,88,544","2,59,95,13,741.35","1,45,284","54,82,721","58.40"
"HINDPETRO","EQ","01-Aug-2023","282.40","281.50","286.95","280.10","285.35","285.05","284.73","31,78,034","90,48,69,075.70","38,438","13,04,280","41.04"
"HINDPETRO","EQ","31-Jul-2023","279.40","280.00","285.50","276.30","282.95","282.40","282.01","62,40,884","1,75,99,61,859.70","82,842","34,89,517","55.91"
"HINDPETRO","EQ","28-Jul-2023","290.70","292.45","292.45","277.50","279.75","279.40","282.55","74,45,414","2,10,37,12,772.10","80,602","37,56,466","50.45"
"HINDPETRO","EQ","27-Jul-2023","301.70","303.50","305.65","289.40","291.60","290.70","295.81","49,41,262","1,46,16,76,609.55","43,922","18,39,261","37.22"
"HINDPETRO","EQ","26-Jul-2023","300.30","300.50","309.90","299.20","301.80","301.70","304.51","45,34,717","1,38,08,48,960.85","67,358","18,95,702","41.80"
"HINDPETRO","EQ","25-Jul-2023","300.95","299.85","303.80","297.80","300.50","300.30","300.72","28,16,638","84,70,32,623.45","41,545","16,15,896","57.37"
"HINDPETRO","EQ","24-Jul-2023","301.55","301.55","304.50","299.75","301.00","300.95","301.93","26,19,335","79,08,47,112.85","29,155","14,84,836","56.69"
"HINDPETRO","EQ","21-Jul-2023","300.40","300.00","304.80","298.40","301.45","301.55","302.08","16,98,674","51,31,35,217.55","23,379","6,54,817","38.55"
"HINDPETRO","EQ","20-Jul-2023","297.90","298.00","305.60","298.00","299.40","300.40","302.20","44,07,935","1,33,20,62,344.15","41,101","12,72,672","28.87"
"HINDPETRO","EQ","19-Jul-2023","290.40","290.50","298.50","288.80","298.00","297.90","294.33","36,73,515","1,08,12,17,257.35","42,172","18,10,661","49.29"
"HINDPETRO","EQ","18-Jul-2023","294.35","295.75","298.00","289.50","290.85","290.40","292.78","30,01,365","87,87,34,583.95","31,784","13,05,152","43.49"
"HINDPETRO","EQ","17-Jul-2023","287.40","290.30","295.00","288.55","294.40","294.35","293.17","33,51,098","98,24,46,043.45","36,837","13,19,704","39.38"
"HINDPETRO","EQ","14-Jul-2023","286.80","287.00","290.50","283.50","287.70","287.40","287.75","25,29,040","72,77,34,814.95","29,603","12,19,953","48.24"
"HINDPETRO","EQ","13-Jul-2023","291.40","293.00","293.70","285.00","286.80","286.80","289.62","43,01,569","1,24,58,16,631.40","57,452","24,00,633","55.81"
"HINDPETRO","EQ","12-Jul-2023","295.15","295.10","297.70","290.65","291.25","291.40","292.93","34,86,300","1,02,12,26,444.75","41,842","19,41,415","55.69"
"HINDPETRO","EQ","11-Jul-2023","298.00","297.80","299.75","294.05","295.00","295.15","295.92","58,96,552","1,74,48,91,715.65","38,902","39,25,327","66.57"
"HINDPETRO","EQ","10-Jul-2023","305.95","308.00","308.00","294.35","297.70","298.00","298.61","41,51,831","1,23,97,71,298.45","34,502","16,73,558","40.31"
"HINDPETRO","EQ","07-Jul-2023","301.95","301.95","308.00","299.50","306.35","305.95","304.09","59,03,712","1,79,52,67,297.95","59,876","18,70,857","31.69"
"HINDPETRO","EQ","06-Jul-2023","290.80","290.05","307.00","290.05","301.80","301.95","301.65","1,43,38,085","4,32,51,39,385.25","1,16,840","46,71,185","32.58"
"HINDPETRO","EQ","05-Jul-2023","279.10","279.85","292.25","276.50","290.05","290.80","284.97","75,69,059","2,15,69,55,819.70","89,278","35,06,372","46.33"
"HINDPETRO","EQ","04-Jul-2023","283.50","286.00","286.00","276.65","279.40","279.10","279.90","36,30,465","1,01,61,55,943.80","38,692","19,03,930","52.44"
"HINDPETRO","EQ","03-Jul-2023","273.85","276.00","293.45","272.60","284.35","283.50","285.86","1,56,42,966","4,47,16,70,106.85","1,04,049","59,15,968","37.82"
"HINDPETRO","EQ","30-Jun-2023","269.10","269.75","275.00","268.15","273.50","273.85","271.89","31,38,175","85,32,48,250.55","39,575","18,19,144","57.97"
"HINDPETRO","EQ","28-Jun-2023","267.00","269.75","275.00","266.20","269.25","269.10","268.18","25,00,355","67,05,34,115.60","35,054","9,98,441","39.93"
"HINDPETRO","EQ","27-Jun-2023","271.15","272.00","274.65","265.85","267.50","267.00","269.78","29,79,345","80,37,67,033.30","35,925","13,89,145","46.63"
"HINDPETRO","EQ","26-Jun-2023","269.45","269.40","272.70","266.45","272.25","271.15","270.25","19,16,191","51,78,46,975.65","22,802","10,89,473","56.86"
"HINDPETRO","EQ","23-Jun-2023","275.00","273.00","274.75","265.00","269.45","269.45","269.82","60,14,578","1,62,28,70,750.15","68,432","25,04,807","41.65"
"HINDPETRO","EQ","22-Jun-2023","274.00","272.80","276.00","270.60","275.60","275.00","274.24","29,58,531","81,13,55,611.05","31,258","14,60,213","49.36"
"HINDPETRO","EQ","21-Jun-2023","272.95","274.20","275.30","270.55","274.10","274.00","273.46","28,04,544","76,69,37,469.45","32,873","13,48,201","48.07"
"HINDPETRO","EQ","20-Jun-2023","272.75","273.00","273.50","268.70","273.00","272.95","271.75","21,60,254","58,70,48,403.75","24,563","10,00,598","46.32"
"HINDPETRO","EQ","19-Jun-2023","273.40","273.45","274.40","271.05","272.30","272.75","272.84","8,81,452","24,04,91,625.60","16,901","3,49,122","39.61"
"HINDPETRO","EQ","16-Jun-2023","274.00","274.00","275.00","271.00","273.90","273.40","273.30","36,59,902","1,00,02,60,462.70","39,521","23,33,885","63.77"
"HINDPETRO","EQ","15-Jun-2023","275.90","276.25","277.75","273.00","273.70","274.00","274.86","18,88,308","51,90,29,382.05","33,211","9,21,036","48.78"
"HINDPETRO","EQ","14-Jun-2023","274.35","273.50","279.50","273.50","275.70","275.90","277.00","41,26,144","1,14,29,42,869.20","54,077","21,34,886","51.74"
"HINDPETRO","EQ","13-Jun-2023","273.45","275.50","277.20","272.90","274.05","274.35","274.51","24,30,467","66,71,99,255.70","26,654","9,57,060","39.38"
"HINDPETRO","EQ","12-Jun-2023","262.20","263.00","274.95","262.95","273.95","273.45","269.95","49,12,351","1,32,60,75,920.05","42,673","18,62,551","37.92"
"HINDPETRO","EQ","09-Jun-2023","265.90","268.00","268.80","261.55","262.25","262.20","264.64","20,90,433","55,32,15,131.80","28,397","9,15,618","43.80"
"HINDPETRO","EQ","08-Jun-2023","276.65","272.50","272.50","265.00","266.60","265.90","268.46","79,32,888","2,12,96,56,847.45","57,764","31,95,127","40.28"
"HINDPETRO","EQ","07-Jun-2023","262.35","263.30","278.40","262.85","276.15","276.65","274.52","1,36,28,304","3,74,12,22,675.45","93,060","73,12,291","53.66"
"HINDPETRO","EQ","06-Jun-2023","256.50","256.95","263.25","256.60","262.85","262.35","260.29","28,59,015","74,41,75,788.65","34,867","12,33,550","43.15"
"HINDPETRO","EQ","05-Jun-2023","258.55","258.15","258.85","253.30","257.00","256.50","255.27","27,28,973","69,66,34,078.25","29,931","11,30,122","41.41"
"HINDPETRO","EQ","02-Jun-2023","260.25","260.90","260.90","257.30","258.65","258.55","258.99","25,41,167","65,81,25,919.65","30,614","14,65,306","57.66"
"HINDPETRO","EQ","01-Jun-2023","260.90","263.00","267.35","259.60","260.25","260.25","263.55","26,35,049","69,44,74,397.30","25,751","7,94,494","30.15"
"HINDPETRO","EQ","31-May-2023","256.90","258.35","264.20","256.20","262.65","260.90","261.31","1,00,30,345","2,62,10,31,248.50","45,621","73,54,993","73.33"
"HINDPETRO","EQ","30-May-2023","257.70","257.70","259.35","255.55","256.95","256.90","257.14","12,63,049","32,47,78,287.75","18,763","6,80,988","53.92"
"HINDPETRO","EQ","29-May-2023","258.55","260.00","260.05","256.20","257.50","257.70","257.54","7,74,477","19,94,60,869.10","12,457","2,67,753","34.57"
"HINDPETRO","EQ","26-May-2023","258.10","259.95","261.90","257.55","258.30","258.55","258.81","10,63,383","27,52,08,857.10","13,782","4,74,894","44.66"
"HINDPETRO","EQ","25-May-2023","258.20","258.00","259.35","254.75","258.00","258.10","256.37","20,88,047","53,53,22,852.50","23,665","10,77,245","51.59"
"HINDPETRO","EQ","24-May-2023","263.40","263.40","264.90","257.90","258.20","258.20","260.82","14,66,700","38,25,47,938.35","17,410","4,39,118","29.94"
"HINDPETRO","EQ","23-May-2023","255.50","255.90","265.40","255.25","264.00","263.40","261.68","40,47,648","1,05,91,86,644.35","43,572","15,36,574","37.96"
"HINDPETRO","EQ","22-May-2023","256.35","256.10","256.30","252.25","255.25","255.50","254.68","12,69,136","32,32,28,859.65","19,270","6,07,769","47.89"
"HINDPETRO","EQ","19-May-2023","254.40","254.50","257.00","251.70","255.25","256.35","254.85","20,18,343","51,43,77,324.65","43,309","8,87,151","43.95"
"HINDPETRO","EQ","18-May-2023","258.20","258.90","259.60","253.20","254.50","254.40","256.28","14,40,341","36,91,31,411.30","25,884","5,35,353","37.17"
"HINDPETRO","EQ","17-May-2023","261.15","261.15","264.20","257.35","258.00","258.20","260.17","18,57,604","48,32,98,500.60","20,803","5,98,580","32.22"
"HINDPETRO","EQ","16-May-2023","259.60","262.20","266.00","259.15","260.95","261.15","261.78","41,35,420","1,08,25,67,550.95","42,010","20,13,330","48.69"
"HINDPETRO","EQ","15-May-2023","260.75","263.50","269.00","258.45","258.70","259.60","261.69","44,26,068","1,15,82,46,501.90","64,528","15,68,833","35.45"
"HINDPETRO","EQ","12-May-2023","258.40","258.00","261.25","255.05","260.80","260.75","259.27","31,96,409","82,87,37,279.15","39,502","18,39,075","57.54"
"HINDPETRO","EQ","11-May-2023","256.05","258.05","259.15","256.30","258.00","258.40","257.91","12,63,536","32,58,75,923.10","27,052","5,42,146","42.91"
"HINDPETRO","EQ","10-May-2023","255.45","257.35","259.50","253.85","256.30","256.05","256.77","51,88,412","1,33,22,39,135.40","36,548","20,13,323","38.80"
"HINDPETRO","EQ","09-May-2023","253.95","254.45","256.40","253.05","255.25","255.45","255.02","20,97,068","53,47,97,789.70","25,598","11,80,396","56.29"
"HINDPETRO","EQ","08-May-2023","254.00","254.70","255.10","250.45","254.00","253.95","252.70","37,05,772","93,64,48,533.10","44,683","19,97,403","53.90"
"HINDPETRO","EQ","05-May-2023","258.20","259.50","260.45","253.65","253.90","254.00","256.74","21,75,413","55,85,05,997.10","22,797","11,01,247","50.62"
"HINDPETRO","EQ","04-May-2023","256.60","259.05","265.95","256.35","258.00","258.20","262.71","69,45,164","1,82,45,96,434.85","62,720","26,41,989","38.04"
"HINDPETRO","EQ","03-May-2023","252.85","255.70","260.00","253.80","256.90","256.60","256.44","45,22,742","1,15,98,05,058.50","52,629","18,94,630","41.89"
"HINDPETRO","EQ","02-May-2023","251.25","251.30","257.65","250.70","252.00","252.85","254.08","26,36,778","66,99,40,978.10","41,326","14,54,221","55.15"
"HINDPETRO","EQ","28-Apr-2023","250.60","251.50","251.80","247.30","250.75","251.25","249.72","16,24,774","40,57,32,530.30","20,184","7,08,176","43.59"
"HINDPETRO","EQ","27-Apr-2023","247.25","249.30","253.50","248.75","250.65","250.60","251.17","30,69,048","77,08,62,089.90","27,400","12,05,796","39.29"
"HINDPETRO","EQ","26-Apr-2023","247.00","245.30","248.60","245.30","246.35","247.25","247.25","15,14,254","37,44,06,798.75","18,788","8,23,523","54.38"
"HINDPETRO","EQ","25-Apr-2023","243.80","243.45","248.00","242.00","246.90","247.00","246.63","19,23,777","47,44,59,842.75","30,971","9,08,385","47.22"
"HINDPETRO","EQ","24-Apr-2023","241.80","241.40","244.20","239.65","243.45","243.80","242.70","9,96,989","24,19,69,737.25","20,343","3,76,744","37.79"
"HINDPETRO","EQ","21-Apr-2023","239.70","241.30","242.40","238.50","240.65","241.80","241.00","15,61,574","37,63,33,479.25","27,282","5,17,779","33.16"
"HINDPETRO","EQ","20-Apr-2023","238.25","239.85","243.50","237.85","239.25","239.70","240.20","35,00,073","84,07,22,933.20","33,823","9,47,344","27.07"
"HINDPETRO","EQ","19-Apr-2023","228.60","228.75","239.00","228.00","238.70","238.25","234.59","38,83,553","91,10,35,838.95","32,330","12,12,451","31.22"
"HINDPETRO","EQ","18-Apr-2023","226.90","227.95","228.85","226.95","228.20","228.60","227.77","13,04,569","29,71,43,253.10","18,581","4,60,063","35.27"
"HINDPETRO","EQ","17-Apr-2023","225.00","225.55","227.35","222.05","227.00","226.90","224.96","19,58,849","44,06,65,090.15","20,480","9,01,203","46.01"
"HINDPETRO","EQ","13-Apr-2023","229.90","227.10","228.90","223.25","225.10","225.00","224.69","55,72,764","1,25,21,64,144.10","44,671","33,98,343","60.98"
"HINDPETRO","EQ","12-Apr-2023","231.30","231.00","232.30","227.55","229.90","229.90","229.69","29,53,717","67,84,48,224.30","27,044","17,25,158","58.41"
"HINDPETRO","EQ","11-Apr-2023","229.30","229.60","231.75","229.30","231.40","231.30","230.79","12,17,235","28,09,25,010.00","17,388","7,05,970","58.00"
"HINDPETRO","EQ","10-Apr-2023","227.90","227.95","231.00","227.10","229.00","229.30","229.10","19,51,800","44,71,53,605.70","19,188","7,70,110","39.46"
"HINDPETRO","EQ","06-Apr-2023","225.65","226.80","229.50","225.35","227.85","227.90","227.52","15,06,260","34,27,05,038.55","20,442","5,19,266","34.47"
"HINDPETRO","EQ","05-Apr-2023","225.50","226.50","226.50","222.55","225.50","225.65","224.66","28,51,245","64,05,60,300.15","40,962","12,63,367","44.31"
"HINDPETRO","EQ","03-Apr-2023","236.80","230.00","232.65","220.10","225.95","225.50","228.34","85,13,078","1,94,38,61,014.35","1,47,868","45,78,277","53.78"
"HINDPETRO","EQ","31-Mar-2023","234.05","235.25","238.90","234.65","237.40","236.80","236.61","14,25,518","33,72,93,858.45","19,011","7,08,478","49.70"
"HINDPETRO","EQ","29-Mar-2023","234.25","233.70","236.30","231.55","234.00","234.05","233.56","43,12,592","1,00,72,68,170.15","35,853","24,55,920","56.95"
"HINDPETRO","EQ","28-Mar-2023","236.30","234.90","235.60","230.30","233.75","234.25","232.97","19,06,841","44,42,41,482.60","31,377","6,41,497","33.64"
"HINDPETRO","EQ","27-Mar-2023","238.85","239.85","242.40","235.05","236.65","236.30","239.35","14,45,949","34,60,88,592.00","16,007","6,72,303","46.50"
"HINDPETRO","EQ","24-Mar-2023","242.70","242.00","242.70","238.50","239.15","238.85","240.28","9,88,849","23,75,97,995.75","14,609","2,25,766","22.83"
"HINDPETRO","EQ","23-Mar-2023","245.45","244.50","245.55","242.00","242.00","242.70","244.00","21,19,676","51,71,97,774.65","17,305","9,69,216","45.72"
"HINDPETRO","EQ","22-Mar-2023","244.75","244.80","246.25","243.45","244.75","245.45","244.77","18,90,980","46,28,53,313.70","20,041","9,86,247","52.16"
"HINDPETRO","EQ","21-Mar-2023","247.60","247.70","247.70","242.10","244.90","244.75","244.67","33,59,608","82,20,06,694.50","35,592","16,29,001","48.49"
"HINDPETRO","EQ","20-Mar-2023","242.55","247.45","248.90","240.80","246.90","247.60","247.01","58,73,437","1,45,07,84,290.20","47,619","23,90,529","40.70"
"HINDPETRO","EQ","17-Mar-2023","244.50","246.00","246.45","240.00","242.55","242.55","242.64","93,49,670","2,26,86,11,806.45","49,590","52,81,855","56.49"
"HINDPETRO","EQ","16-Mar-2023","230.35","233.00","246.90","233.00","245.40","244.50","242.17","1,67,45,564","4,05,53,16,697.00","92,744","68,50,645","40.91"
"HINDPETRO","EQ","15-Mar-2023","228.70","231.00","233.95","229.60","230.55","230.35","231.85","40,74,923","94,47,51,311.45","34,284","17,88,835","43.90"
"HINDPETRO","EQ","14-Mar-2023","228.25","228.10","230.20","225.00","228.60","228.70","228.00","34,64,617","78,99,17,469.20","24,534","18,14,670","52.38"
"HINDPETRO","EQ","13-Mar-2023","229.70","229.00","231.30","226.90","227.90","228.25","229.02","34,69,240","79,45,36,472.15","21,106","20,11,515","57.98"
"HINDPETRO","EQ","10-Mar-2023","226.85","225.95","231.25","223.85","229.60","229.70","228.76","29,56,753","67,63,89,726.50","29,831","10,53,379","35.63"
"HINDPETRO","EQ","09-Mar-2023","223.75","223.90","227.50","223.55","227.00","226.85","226.14","40,69,728","92,03,12,934.15","34,629","27,59,564","67.81"
"HINDPETRO","EQ","08-Mar-2023","220.40","220.20","224.50","219.70","224.35","223.75","223.10","33,70,500","75,19,70,987.25","33,738","18,63,863","55.30"
"HINDPETRO","EQ","06-Mar-2023","218.90","219.90","222.55","219.05","220.75","220.40","220.92","30,81,002","68,06,53,208.10","21,539","19,49,105","63.26"
"HINDPETRO","EQ","03-Mar-2023","218.05","219.65","220.15","216.75","218.75","218.90","218.68","21,79,934","47,66,99,343.60","23,074","11,27,162","51.71"
"HINDPETRO","EQ","02-Mar-2023","215.20","215.85","219.30","214.05","218.00","218.05","217.78","32,71,623","71,25,06,254.90","27,845","21,18,904","64.77"
"HINDPETRO","EQ","01-Mar-2023","215.25","216.25","217.15","214.40","215.20","215.20","215.87","31,19,440","67,33,83,064.90","42,744","22,48,631","72.08"
"HINDPETRO","EQ","28-Feb-2023","214.30","214.30","216.45","212.55","215.45","215.25","214.34","55,92,321","1,19,86,76,024.50","49,252","36,60,306","65.45"
"HINDPETRO","EQ","27-Feb-2023","217.00","217.80","217.80","211.65","214.05","214.30","213.87","62,10,488","1,32,82,51,154.10","44,237","42,26,962","68.06"
"HINDPETRO","EQ","24-Feb-2023","222.10","222.40","224.05","216.60","217.00","217.00","218.90","44,91,426","98,31,87,572.65","35,755","30,21,854","67.28"
"HINDPETRO","EQ","23-Feb-2023","223.90","224.10","225.25","221.25","222.50","222.10","223.32","65,58,868","1,46,47,41,987.80","58,634","44,44,730","67.77"
"HINDPETRO","EQ","22-Feb-2023","227.25","222.95","225.40","220.35","224.35","223.90","222.84","57,87,659","1,28,96,95,688.55","40,733","28,90,588","49.94"
"HINDPETRO","EQ","21-Feb-2023","231.40","232.10","234.45","225.50","225.80","227.25","230.87","26,03,675","60,10,99,716.00","32,330","11,71,138","44.98"
"HINDPETRO","EQ","20-Feb-2023","234.05","235.40","235.40","229.70","231.20","231.40","231.28","33,16,206","76,69,77,528.85","24,137","15,50,931","46.77"
"HINDPETRO","EQ","17-Feb-2023","231.40","231.70","236.70","230.80","234.30","234.05","233.91","28,51,201","66,69,32,880.10","18,023","16,98,049","59.56"
"HINDPETRO","EQ","16-Feb-2023","235.05","234.60","235.20","230.00","231.55","231.40","231.94","30,39,706","70,50,14,374.05","30,085","17,43,113","57.34"
"HINDPETRO","EQ","15-Feb-2023","233.75","233.70","235.50","231.80","234.90","235.05","233.89","11,86,525","27,75,18,529.65","16,088","5,33,979","45.00"
"HINDPETRO","EQ","14-Feb-2023","231.20","231.00","234.45","227.85","233.70","233.75","232.03","32,33,434","75,02,65,437.40","28,268","16,98,036","52.51"
"HINDPETRO","EQ","13-Feb-2023","232.80","233.00","234.80","230.05","231.35","231.20","232.10","29,91,387","69,42,98,710.05","26,851","13,14,278","43.94"
"HINDPETRO","EQ","10-Feb-2023","232.05","235.00","235.95","230.10","233.00","232.80","233.03","56,45,406","1,31,55,63,724.25","43,428","30,59,943","54.20"
"HINDPETRO","EQ","09-Feb-2023","231.85","229.40","233.70","229.35","232.45","232.05","232.03","20,84,827","48,37,42,865.10","18,970","10,08,737","48.38"
"HINDPETRO","EQ","08-Feb-2023","231.65","231.65","233.25","227.95","231.30","231.85","229.89","37,84,448","87,00,15,565.95","28,614","9,17,776","24.25"
"HINDPETRO","EQ","07-Feb-2023","232.20","232.95","232.95","229.45","232.20","231.65","231.01","13,27,174","30,65,96,765.00","18,695","4,52,656","34.11"
"HINDPETRO","EQ","06-Feb-2023","227.60","228.90","232.85","225.55","232.10","232.20","230.05","31,66,806","72,85,21,614.75","29,356","14,76,397","46.62"
"HINDPETRO","EQ","03-Feb-2023","230.25","231.90","232.45","222.10","227.05","227.60","225.52","47,31,537","1,06,70,59,930.55","56,871","25,07,263","52.99"
"HINDPETRO","EQ","02-Feb-2023","235.45","236.00","236.00","226.50","230.35","230.25","230.23","45,97,660","1,05,85,33,086.60","47,728","22,88,014","49.76"
"HINDPETRO","EQ","01-Feb-2023","237.90","237.00","240.60","230.10","234.60","235.45","236.59","50,32,993","1,19,07,53,715.95","42,720","19,58,206","38.91"
"HINDPETRO","EQ","31-Jan-2023","234.35","236.80","240.30","235.10","238.55","237.90","237.99","46,73,515","1,11,22,58,109.40","34,912","24,15,371","51.68"
"HINDPETRO","EQ","30-Jan-2023","234.30","235.60","236.85","231.00","235.35","234.35","233.69","41,34,762","96,62,39,664.75","40,704","18,30,076","44.26"
"HINDPETRO","EQ","27-Jan-2023","248.05","248.75","249.90","228.25","234.10","234.30","234.15","62,39,083","1,46,08,81,089.45","57,860","26,62,108","42.67"
"HINDPETRO","EQ","25-Jan-2023","249.20","248.25","249.90","246.15","248.70","248.05","248.27","24,60,280","61,08,08,844.50","27,773","13,36,810","54.34"
"HINDPETRO","EQ","24-Jan-2023","250.40","250.50","252.70","247.75","248.65","249.20","249.76","31,65,331","79,05,62,699.95","18,185","19,42,255","61.36"
"HINDPETRO","EQ","23-Jan-2023","245.90","247.95","251.20","244.55","249.80","250.40","249.46","33,12,984","82,64,46,545.85","18,007","22,06,668","66.61"
"HINDPETRO","EQ","20-Jan-2023","245.85","245.50","248.00","243.25","245.25","245.90","246.33","60,85,845","1,49,91,36,969.80","26,050","16,81,299","27.63"
"HINDPETRO","EQ","19-Jan-2023","243.30","243.35","248.50","242.15","245.70","245.85","245.59","31,94,025","78,44,20,026.80","24,744","18,45,424","57.78"
"HINDPETRO","EQ","18-Jan-2023","243.35","242.15","245.25","241.65","243.00","243.30","243.33","17,76,615","43,23,12,242.50","18,622","7,62,531","42.92"
"HINDPETRO","EQ","17-Jan-2023","247.40","248.65","249.70","242.05","243.80","243.35","244.77","44,04,968","1,07,82,07,512.05","24,793","19,97,980","45.36"
"HINDPETRO","EQ","16-Jan-2023","251.20","251.80","251.80","246.65","247.25","247.40","247.81","24,24,068","60,07,03,369.20","16,323","13,02,740","53.74"
"HINDPETRO","EQ","13-Jan-2023","249.70","248.50","252.90","246.20","251.55","251.20","249.54","43,47,127","1,08,47,76,279.55","27,217","13,45,027","30.94"
"HINDPETRO","EQ","12-Jan-2023","256.45","257.70","257.85","247.90","250.00","249.70","250.54","51,89,431","1,30,01,71,331.45","53,801","18,56,047","35.77"
"HINDPETRO","EQ","11-Jan-2023","249.20","249.95","261.00","247.95","256.90","256.45","257.43","1,19,36,912","3,07,29,52,131.10","86,053","53,61,843","44.92"
"HINDPETRO","EQ","10-Jan-2023","245.15","246.40","250.00","243.00","249.95","249.20","246.15","40,94,297","1,00,78,30,257.55","42,491","22,07,351","53.91"
"HINDPETRO","EQ","09-Jan-2023","249.90","249.90","250.70","244.65","245.35","245.15","246.74","32,26,492","79,60,88,842.05","32,299","18,11,320","56.14"
"HINDPETRO","EQ","06-Jan-2023","245.95","245.80","251.00","244.40","249.50","249.90","248.67","39,66,434","98,63,32,795.25","34,196","16,68,405","42.06"
"HINDPETRO","EQ","05-Jan-2023","241.00","243.70","248.85","241.45","245.70","245.95","244.77","56,29,668","1,37,79,77,147.55","50,307","21,95,624","39.00"
"HINDPETRO","EQ","04-Jan-2023","237.70","239.00","244.00","237.25","240.55","241.00","240.13","52,12,745","1,25,17,31,239.05","36,568","19,55,606","37.52"
"HINDPETRO","EQ","03-Jan-2023","237.10","236.00","238.75","234.95","238.00","237.70","237.22","16,89,581","40,07,96,626.30","14,414","7,55,868","44.74"
"HINDPETRO","EQ","02-Jan-2023","235.15","235.95","238.55","234.00","237.15","237.10","236.84","17,90,737","42,41,26,443.85","19,250","7,99,225","44.63"
"HINDPETRO","EQ","30-Dec-2022","233.20","233.90","236.40","232.90","235.50","235.15","234.84","24,17,674","56,77,54,990.55","20,658","12,31,965","50.96"
"HINDPETRO","EQ","29-Dec-2022","230.95","230.90","233.65","228.50","233.00","233.20","231.33","20,35,681","47,09,12,035.60","20,642","9,57,437","47.03"
"HINDPETRO","EQ","28-Dec-2022","231.15","231.40","232.80","228.40","230.50","230.95","230.38","20,61,111","47,48,33,230.75","17,845","9,25,777","44.92"
"HINDPETRO","EQ","27-Dec-2022","230.90","231.95","232.95","228.35","232.00","231.15","229.95","26,31,093","60,50,07,761.05","26,629","12,07,054","45.88"
"HINDPETRO","EQ","26-Dec-2022","227.50","226.50","232.75","224.50","230.10","230.90","230.70","19,90,224","45,91,49,164.80","18,789","7,89,892","39.69"
"HINDPETRO","EQ","23-Dec-2022","230.10","229.60","229.60","224.55","227.30","227.50","227.51","30,77,985","70,02,63,449.90","25,667","16,17,664","52.56"
"HINDPETRO","EQ","22-Dec-2022","232.00","234.50","234.50","225.75","230.00","230.10","229.04","28,48,600","65,24,53,904.15","23,902","11,28,015","39.60"
"HINDPETRO","EQ","21-Dec-2022","241.35","240.70","242.35","231.10","231.60","232.00","236.32","40,16,854","94,92,68,775.10","30,818","17,64,330","43.92"
"HINDPETRO","EQ","20-Dec-2022","243.50","242.60","243.75","239.40","240.70","241.35","240.99","18,52,342","44,63,89,286.65","28,829","6,96,544","37.60"
"HINDPETRO","EQ","19-Dec-2022","243.20","244.90","245.25","239.45","243.00","243.50","241.55","37,18,744","89,82,45,504.45","32,628","17,64,261","47.44"
"HINDPETRO","EQ","16-Dec-2022","246.55","246.90","249.05","241.05","243.05","243.20","243.72","37,90,998","92,39,53,652.05","39,057","19,54,855","51.57"
"HINDPETRO","EQ","15-Dec-2022","242.70","243.20","248.90","242.75","245.80","246.55","246.71","44,90,416","1,10,78,50,692.50","35,840","22,91,684","51.04"
"HINDPETRO","EQ","14-Dec-2022","246.05","247.30","247.70","242.25","243.05","242.70","244.99","48,46,174","1,18,72,81,018.85","54,961","22,73,582","46.91"
"HINDPETRO","EQ","13-Dec-2022","251.90","251.75","252.80","245.00","247.10","246.05","247.29","46,02,148","1,13,80,44,151.85","45,345","18,07,382","39.27"
"HINDPETRO","EQ","12-Dec-2022","240.00","239.95","253.00","238.00","251.35","251.90","248.23","1,01,15,374","2,51,09,37,838.40","1,02,277","45,57,303","45.05"
"HINDPETRO","EQ","09-Dec-2022","235.20","240.00","244.85","235.10","240.00","240.00","241.08","69,69,509","1,68,01,80,288.10","67,556","21,29,098","30.55"
"HINDPETRO","EQ","08-Dec-2022","232.55","234.55","237.50","231.25","234.90","235.20","234.72","42,10,130","98,81,92,666.10","36,827","13,87,817","32.96"
"HINDPETRO","EQ","07-Dec-2022","224.05","227.50","233.50","225.75","233.10","232.55","231.21","71,36,303","1,64,99,69,699.25","51,732","27,10,086","37.98"
"HINDPETRO","EQ","06-Dec-2022","230.10","231.00","231.70","223.30","224.30","224.05","225.97","41,57,323","93,94,49,243.85","41,827","19,61,106","47.17"
"HINDPETRO","EQ","05-Dec-2022","235.70","235.50","236.15","229.40","229.90","230.10","232.13","26,02,442","60,40,98,468.75","29,770","12,89,260","49.54"
"HINDPETRO","EQ","02-Dec-2022","236.45","236.45","238.65","234.25","235.85","235.70","236.08","42,06,982","99,31,86,954.85","42,896","16,31,500","38.78"
"HINDPETRO","EQ","01-Dec-2022","239.10","239.10","240.00","235.05","236.05","236.45","236.82","24,13,514","57,15,66,790.85","32,902","12,01,298","49.77"
"HINDPETRO","EQ","30-Nov-2022","238.50","238.50","241.50","234.85","239.40","239.10","238.56","46,40,871","1,10,71,18,433.85","31,343","24,06,550","51.86"
"HINDPETRO","EQ","29-Nov-2022","238.50","239.00","239.70","235.60","238.00","238.50","237.94","32,48,659","77,29,98,473.55","27,572","14,61,848","45.00"
"HINDPETRO","EQ","28-Nov-2022","226.05","228.00","239.50","228.00","238.80","238.50","236.99","1,12,74,525","2,67,19,41,891.55","61,700","60,04,512","53.26"
"HINDPETRO","EQ","25-Nov-2022","221.50","221.95","228.40","219.20","225.50","226.05","225.53","40,56,452","91,48,65,648.95","31,415","14,17,506","34.94"
"HINDPETRO","EQ","24-Nov-2022","214.45","216.20","221.85","215.70","221.40","221.50","219.58","46,05,946","1,01,13,65,908.80","36,328","15,15,569","32.90"
"HINDPETRO","EQ","23-Nov-2022","212.40","213.35","215.60","212.10","213.50","214.45","214.41","22,93,009","49,16,40,099.50","18,945","11,33,522","49.43"
"HINDPETRO","EQ","22-Nov-2022","215.30","214.45","215.25","210.50","212.00","212.40","212.30","29,84,354","63,35,65,987.95","27,374","15,85,330","53.12"
"HINDPETRO","EQ","21-Nov-2022","209.10","210.15","216.35","209.50","214.90","215.30","214.38","45,84,083","98,27,27,779.90","34,119","15,05,959","32.85"
"HINDPETRO","EQ","18-Nov-2022","210.10","211.00","211.80","207.05","209.05","209.10","208.34","18,03,758","37,57,86,423.20","23,051","7,43,911","41.24"
"HINDPETRO","EQ","17-Nov-2022","208.95","209.15","210.80","207.40","209.90","210.10","209.72","18,52,984","38,86,09,197.40","23,737","9,80,530","52.92"
"HINDPETRO","EQ","16-Nov-2022","210.20","210.50","210.50","208.00","209.15","208.95","209.03","36,14,141","75,54,60,093.20","36,482","27,27,523","75.47"
"HINDPETRO","EQ","15-Nov-2022","208.10","208.95","210.50","207.00","210.30","210.20","209.11","14,99,084","31,34,71,848.00","15,959","7,46,412","49.79"
"HINDPETRO","BL","14-Nov-2022","214.70","207.70","207.70","207.70","207.70","207.70","207.70","7,36,830","15,30,39,591.00","1","-","-"
"HINDPETRO","EQ","14-Nov-2022","207.70","207.75","210.35","207.20","208.00","208.10","208.67","21,59,471","45,06,15,064.15","22,776","10,65,007","49.32"
"HINDPETRO","EQ","11-Nov-2022","205.80","206.85","207.95","205.60","207.75","207.70","207.05","16,09,255","33,31,91,034.95","21,260","7,75,344","48.18"
"HINDPETRO","EQ","10-Nov-2022","204.50","204.90","206.45","204.35","205.75","205.80","205.52","16,11,384","33,11,77,617.35","24,831","7,39,590","45.90"
"HINDPETRO","EQ","09-Nov-2022","209.90","211.95","211.95","204.25","204.65","204.50","206.30","29,14,877","60,13,42,159.65","44,119","17,12,477","58.75"
"HINDPETRO","EQ","07-Nov-2022","203.60","205.50","210.30","204.25","209.80","209.90","207.45","42,10,267","87,34,05,223.30","42,061","19,28,619","45.81"
"HINDPETRO","EQ","04-Nov-2022","211.05","206.40","209.40","201.00","203.75","203.60","203.58","78,74,982","1,60,31,99,600.35","86,595","32,45,595","41.21"
"HINDPETRO","BL","03-Nov-2022","216.30","214.70","214.70","214.70","214.70","214.70","214.70","7,36,831","15,81,97,615.70","1","-","-"
"HINDPETRO","EQ","03-Nov-2022","214.70","214.65","218.60","210.55","210.75","211.05","213.60","36,57,583","78,12,76,537.65","36,720","7,98,756","21.84"
"HINDPETRO","EQ","02-Nov-2022","212.10","212.10","215.30","211.70","214.65","214.70","214.11","16,05,450","34,37,46,958.10","21,841","6,16,242","38.38"
"HINDPETRO","EQ","01-Nov-2022","213.85","213.80","214.25","210.20","212.00","212.10","211.60","16,32,047","34,53,47,283.50","20,910","5,15,009","31.56"
"HINDPETRO","EQ","31-Oct-2022","211.90","213.00","214.45","211.25","213.40","213.85","213.04","14,61,628","31,13,91,190.90","22,392","5,75,554","39.38"
"HINDPETRO","EQ","28-Oct-2022","210.60","210.90","212.60","209.20","212.00","211.90","211.25","16,23,246","34,29,06,922.85","20,556","7,85,851","48.41"
"HINDPETRO","EQ","27-Oct-2022","209.80","210.00","211.45","208.05","211.00","210.60","210.08","20,45,746","42,97,74,119.10","18,338","9,64,862","47.16"
"HINDPETRO","EQ","25-Oct-2022","207.40","207.00","210.50","204.75","209.05","209.80","208.21","27,51,784","57,29,61,131.50","21,309","16,03,462","58.27"
"HINDPETRO","EQ","24-Oct-2022","206.20","209.25","209.25","206.70","207.70","207.40","207.37","3,07,371","6,37,40,296.40","4,284","1,80,229","58.64"
"HINDPETRO","EQ","21-Oct-2022","205.60","206.90","207.80","204.25","206.00","206.20","206.57","18,30,774","37,81,79,712.30","28,069","6,17,552","33.73"
"HINDPETRO","EQ","20-Oct-2022","202.45","201.60","205.95","200.05","205.70","205.60","203.45","20,46,831","41,64,19,210.65","24,087","8,66,103","42.31"
"HINDPETRO","EQ","19-Oct-2022","201.90","202.95","204.10","201.45","203.00","202.45","202.57","19,73,195","39,97,14,762.10","22,510","10,02,831","50.82"
"HINDPETRO","EQ","18-Oct-2022","202.25","203.40","204.00","200.60","202.00","201.90","201.76","26,10,643","52,67,30,343.20","24,974","11,94,021","45.74"
"HINDPETRO","EQ","17-Oct-2022","204.95","205.50","205.65","200.85","202.30","202.25","202.67","40,93,876","82,96,96,646.25","52,673","20,54,091","50.17"
"HINDPETRO","EQ","14-Oct-2022","207.35","210.70","210.90","204.55","205.25","204.95","207.29","17,85,098","37,00,33,605.00","27,328","8,62,774","48.33"
"HINDPETRO","EQ","13-Oct-2022","210.55","212.05","212.65","205.60","207.90","207.35","207.76","42,66,039","88,62,94,141.55","39,229","21,37,358","50.10"
"HINDPETRO","EQ","12-Oct-2022","210.20","210.15","215.65","208.40","210.15","210.55","211.52","70,59,346","1,49,31,67,060.35","49,622","28,75,206","40.73"
"HINDPETRO","EQ","11-Oct-2022","214.90","215.00","215.90","210.00","210.30","210.20","212.84","36,96,950","78,68,43,041.15","42,388","19,33,415","52.30"
"HINDPETRO","EQ","10-Oct-2022","218.55","215.00","216.30","213.60","214.90","214.90","214.84","22,46,926","48,27,27,070.70","42,358","11,60,920","51.67"
"HINDPETRO","EQ","07-Oct-2022","221.60","220.00","220.00","215.65","218.50","218.55","217.84","38,24,912","83,32,36,324.30","33,714","20,73,380","54.21"
"HINDPETRO","EQ","06-Oct-2022","218.75","219.85","223.10","217.45","221.05","221.60","220.56","43,01,213","94,86,75,488.35","53,241","25,97,179","60.38"
"HINDPETRO","EQ","04-Oct-2022","216.05","219.90","221.45","218.20","219.25","218.75","219.70","25,30,025","55,58,38,233.85","30,217","14,05,908","55.57"
"HINDPETRO","EQ","03-Oct-2022","216.30","217.40","221.75","215.05","216.00","216.05","218.05","29,56,339","64,46,32,036.75","43,459","13,13,391","44.43"
"HINDPETRO","BL","03-Oct-2022","250.70","216.30","216.30","216.30","216.30","216.30","216.30","7,92,211","17,13,55,239.30","1","-","-"
"HINDPETRO","EQ","30-Sep-2022","216.45","217.55","217.75","213.65","217.00","216.30","216.36","38,01,925","82,26,01,706.80","30,499","22,48,060","59.13"
"HINDPETRO","EQ","29-Sep-2022","219.00","220.10","220.85","214.35","216.35","216.45","216.77","41,43,743","89,82,36,836.00","46,155","20,52,707","49.54"
"HINDPETRO","EQ","28-Sep-2022","221.90","220.00","222.00","217.80","218.75","219.00","219.45","26,57,270","58,31,38,799.50","28,731","14,00,937","52.72"
"HINDPETRO","EQ","27-Sep-2022","219.90","221.75","223.95","219.20","221.30","221.90","221.90","32,52,966","72,18,23,017.80","55,539","19,75,300","60.72"
"HINDPETRO","EQ","26-Sep-2022","226.85","226.40","232.00","218.95","219.65","219.90","222.21","41,09,202","91,30,86,474.45","46,005","19,09,241","46.46"
"HINDPETRO","EQ","23-Sep-2022","230.50","231.65","232.30","226.10","226.90","226.85","228.27","26,98,487","61,59,73,762.35","30,515","11,88,034","44.03"
"HINDPETRO","EQ","22-Sep-2022","232.20","232.00","232.90","228.25","231.00","230.50","230.74","28,03,972","64,69,81,616.30","38,344","13,10,185","46.73"
"HINDPETRO","EQ","21-Sep-2022","233.70","234.90","237.40","231.20","231.50","232.20","233.82","27,35,192","63,95,42,709.00","32,894","10,32,130","37.74"
"HINDPETRO","EQ","20-Sep-2022","233.60","234.25","236.70","232.75","233.45","233.70","234.90","18,50,315","43,46,38,539.90","43,968","9,15,392","49.47"
"HINDPETRO","EQ","19-Sep-2022","228.80","231.10","236.45","230.50","233.20","233.60","234.04","35,34,449","82,71,99,286.30","33,954","16,10,778","45.57"
"HINDPETRO","EQ","16-Sep-2022","238.40","239.40","239.40","227.85","229.40","228.80","231.24","76,49,517","1,76,88,36,461.50","55,050","51,16,202","66.88"
"HINDPETRO","EQ","15-Sep-2022","242.80","244.05","244.05","237.55","238.05","238.40","239.75","35,83,647","85,91,88,622.65","43,325","21,65,661","60.43"
"HINDPETRO","EQ","14-Sep-2022","245.55","243.95","244.65","241.35","243.00","242.80","242.97","21,02,196","51,07,74,340.25","29,122","9,82,888","46.76"
"HINDPETRO","EQ","13-Sep-2022","250.00","251.95","253.25","245.00","245.70","245.55","247.93","35,09,313","87,00,71,569.85","52,107","15,62,176","44.52"
"HINDPETRO","EQ","12-Sep-2022","245.85","245.85","252.35","244.50","249.00","250.00","247.78","36,02,379","89,25,95,131.85","40,779","19,15,089","53.16"
"HINDPETRO","EQ","09-Sep-2022","250.65","252.45","252.60","245.20","245.35","245.85","247.79","14,87,004","36,84,59,562.75","40,798","5,04,817","33.95"
"HINDPETRO","EQ","08-Sep-2022","243.75","246.35","255.00","246.15","251.35","250.65","252.07","75,55,106","1,90,44,52,407.80","74,031","23,98,703","31.75"
"HINDPETRO","EQ","07-Sep-2022","238.95","239.20","244.90","238.80","243.85","243.75","243.31","34,38,982","83,67,43,774.30","36,875","19,04,066","55.37"
"HINDPETRO","EQ","06-Sep-2022","238.65","240.25","242.75","238.55","239.70","238.95","240.41","27,92,742","67,13,95,317.85","25,566","16,46,715","58.96"
"HINDPETRO","EQ","05-Sep-2022","238.35","238.35","240.50","237.95","238.60","238.65","239.12","17,11,723","40,93,07,149.10","18,589","9,48,040","55.39"
"HINDPETRO","EQ","02-Sep-2022","245.90","246.95","248.20","237.65","238.40","238.35","240.69","50,45,747","1,21,44,64,590.20","37,632","28,15,428","55.80"
"HINDPETRO","EQ","01-Sep-2022","243.55","243.50","247.25","242.60","246.30","245.90","245.10","54,78,636","1,34,28,26,438.15","48,347","32,99,284","60.22"
"HINDPETRO","EQ","30-Aug-2022","239.80","240.45","244.25","238.50","243.00","243.55","241.38","45,69,684","1,10,30,33,743.40","30,730","27,19,006","59.50"
"HINDPETRO","EQ","29-Aug-2022","241.45","236.20","241.45","235.35","240.40","239.80","239.14","25,71,659","61,49,83,224.45","22,348","14,04,247","54.60"
"HINDPETRO","EQ","26-Aug-2022","241.10","242.05","243.00","240.55","241.50","241.45","241.85","28,01,532","67,75,47,637.75","44,634","16,28,012","58.11"
"HINDPETRO","EQ","25-Aug-2022","237.90","237.95","243.20","237.95","241.40","241.10","240.93","33,60,339","80,95,97,896.00","29,089","16,37,088","48.72"
"HINDPETRO","EQ","24-Aug-2022","242.45","240.15","241.75","235.35","237.75","237.90","238.51","57,99,114","1,38,31,39,800.55","57,817","31,11,153","53.65"
"HINDPETRO","EQ","23-Aug-2022","246.65","244.65","246.50","241.20","242.55","242.45","243.49","41,05,451","99,96,18,080.85","57,879","21,82,435","53.16"
"HINDPETRO","EQ","22-Aug-2022","263.70","248.80","251.90","245.65","246.50","246.65","248.35","53,73,121","1,33,44,08,008.15","50,123","25,15,128","46.81"
"HINDPETRO","EQ","19-Aug-2022","263.15","264.40","264.90","261.30","263.70","263.70","263.65","54,58,380","1,43,90,97,396.25","40,829","31,57,331","57.84"
"HINDPETRO","EQ","18-Aug-2022","264.25","265.90","266.60","260.40","264.00","263.15","264.01","67,70,567","1,78,74,71,911.30","45,909","32,17,464","47.52"
"HINDPETRO","EQ","17-Aug-2022","255.40","257.75","265.25","255.50","264.75","264.25","262.12","77,41,905","2,02,92,81,693.65","63,976","30,21,370","39.03"
"HINDPETRO","EQ","16-Aug-2022","245.85","251.00","256.00","246.10","255.70","255.40","252.06","72,75,166","1,83,37,46,956.05","65,908","32,30,264","44.40"
"HINDPETRO","EQ","12-Aug-2022","240.10","241.00","246.95","240.50","245.90","245.85","245.32","43,12,613","1,05,79,66,192.20","38,617","20,58,939","47.74"
"HINDPETRO","EQ","11-Aug-2022","240.05","241.00","242.40","239.80","240.00","240.10","240.58","27,84,628","66,99,12,958.90","49,033","18,40,551","66.10"
"HINDPETRO","EQ","10-Aug-2022","239.05","240.35","242.20","238.50","240.00","240.05","240.03","52,45,266","1,25,90,20,548.60","72,069","29,53,801","56.31"
"HINDPETRO","BL","08-Aug-2022","234.35","250.70","250.70","250.70","250.70","250.70","250.70","7,53,977","18,90,22,033.90","1","-","-"
"HINDPETRO","EQ","08-Aug-2022","250.70","243.05","245.00","235.00","238.75","239.05","238.53","1,59,87,468","3,81,34,33,323.70","98,446","70,18,613","43.90"
"HINDPETRO","EQ","05-Aug-2022","244.80","247.50","251.80","242.20","251.40","250.70","247.44","66,94,048","1,65,64,06,324.25","50,380","27,67,578","41.34"
"HINDPETRO","EQ","04-Aug-2022","244.05","245.90","247.95","242.60","245.00","244.80","244.99","34,25,450","83,91,98,386.35","32,469","16,11,897","47.06"
"HINDPETRO","EQ","03-Aug-2022","245.85","247.70","248.90","242.00","244.50","244.05","244.63","50,85,169","1,24,39,93,808.45","41,723","21,03,712","41.37"
"HINDPETRO","EQ","02-Aug-2022","241.30","241.00","249.00","240.70","245.00","245.85","245.54","68,06,760","1,67,13,27,995.15","59,234","26,39,786","38.78"
"HINDPETRO","EQ","01-Aug-2022","241.15","241.80","242.00","236.65","241.05","241.30","240.19","29,85,566","71,71,12,026.40","27,563","12,36,098","41.40"
"HINDPETRO","EQ","29-Jul-2022","233.40","235.10","242.35","233.80","240.20","241.15","240.12","61,49,324","1,47,65,64,414.30","36,915","34,03,610","55.35"
"HINDPETRO","EQ","28-Jul-2022","233.15","233.90","236.00","230.95","233.70","233.40","233.11","32,47,028","75,69,06,347.15","41,516","16,19,730","49.88"
"HINDPETRO","EQ","27-Jul-2022","229.90","230.80","233.50","229.05","233.00","233.15","231.58","19,71,848","45,66,44,883.90","17,950","8,45,464","42.88"
"HINDPETRO","EQ","26-Jul-2022","231.20","231.70","231.95","225.10","229.85","229.90","227.68","32,87,898","74,85,82,776.15","32,905","12,89,118","39.21"
"HINDPETRO","BL","25-Jul-2022","298.95","234.35","234.35","234.35","234.35","234.35","234.35","7,53,976","17,66,94,275.60","1","-","-"
"HINDPETRO","EQ","25-Jul-2022","234.35","234.90","234.90","229.60","230.85","231.20","231.14","26,42,851","61,08,69,172.30","20,799","10,69,549","40.47"
"HINDPETRO","EQ","22-Jul-2022","237.60","238.95","239.00","233.20","234.00","234.35","235.10","20,82,154","48,95,19,965.10","19,099","10,12,546","48.63"
"HINDPETRO","EQ","21-Jul-2022","234.35","234.85","239.00","233.00","238.25","237.60","235.88","26,91,915","63,49,63,073.40","36,017","10,38,802","38.59"
"HINDPETRO","EQ","20-Jul-2022","240.85","243.45","244.95","231.00","234.05","234.35","234.63","64,87,651","1,52,21,85,667.80","49,177","31,14,077","48.00"
"HINDPETRO","EQ","19-Jul-2022","240.90","239.85","242.00","238.35","240.65","240.85","240.40","19,56,210","47,02,71,939.10","22,039","9,35,314","47.81"
"HINDPETRO","EQ","18-Jul-2022","239.65","240.30","242.30","238.30","240.70","240.90","240.72","20,15,160","48,50,94,550.00","19,279","7,99,502","39.67"
"HINDPETRO","EQ","15-Jul-2022","237.85","238.60","241.65","235.60","239.20","239.65","239.19","45,93,812","1,09,87,72,605.75","65,554","25,81,608","56.20"
"HINDPETRO","EQ","14-Jul-2022","232.05","232.10","239.05","231.95","239.00","237.85","235.06","53,23,546","1,25,13,44,705.10","77,009","31,63,614","59.43"
"HINDPETRO","EQ","13-Jul-2022","234.00","237.05","243.00","231.10","232.15","232.05","235.11","60,61,655","1,42,51,42,390.80","74,093","26,81,078","44.23"
"HINDPETRO","EQ","12-Jul-2022","243.05","243.00","243.80","233.00","233.95","234.00","235.38","55,92,328","1,31,63,24,961.40","50,391","24,02,565","42.96"
"HINDPETRO","EQ","11-Jul-2022","241.30","241.00","244.90","235.55","243.00","243.05","241.77","39,50,858","95,52,15,719.85","33,078","18,62,600","47.14"
"HINDPETRO","EQ","08-Jul-2022","244.70","244.10","245.80","239.75","241.35","241.30","242.99","42,42,055","1,03,07,85,637.20","58,494","22,65,326","53.40"
"HINDPETRO","EQ","07-Jul-2022","233.85","238.00","245.90","235.45","244.10","244.70","241.80","87,77,998","2,12,24,85,022.50","90,278","39,61,327","45.13"
"HINDPETRO","EQ","06-Jul-2022","226.25","228.00","236.70","228.00","234.70","233.85","233.06","98,06,319","2,28,54,45,989.35","90,086","46,42,177","47.34"
"HINDPETRO","EQ","05-Jul-2022","226.90","227.80","229.00","223.15","226.05","226.25","226.24","43,48,491","98,38,18,383.25","26,834","17,08,508","39.29"
"HINDPETRO","EQ","04-Jul-2022","228.45","225.45","228.00","223.40","227.20","226.90","225.83","24,19,705","54,64,52,864.85","22,823","8,89,600","36.76"
"HINDPETRO","EQ","01-Jul-2022","217.20","218.00","229.00","216.20","227.50","228.45","224.54","81,96,598","1,84,05,01,312.25","64,559","27,79,892","33.92"
"HINDPETRO","EQ","30-Jun-2022","224.00","223.00","224.60","216.10","216.50","217.20","218.59","67,05,243","1,46,56,68,987.95","61,071","36,97,170","55.14"
"HINDPETRO","EQ","29-Jun-2022","222.35","221.50","224.70","219.20","223.75","224.00","222.24","32,26,491","71,70,69,688.10","39,936","13,47,469","41.76"
"HINDPETRO","EQ","28-Jun-2022","224.75","222.65","230.00","220.35","222.80","222.35","224.40","59,92,679","1,34,47,59,349.70","52,402","18,68,108","31.17"
"HINDPETRO","EQ","27-Jun-2022","219.85","221.85","226.00","219.20","226.00","224.75","222.99","26,77,886","59,71,30,926.10","24,165","7,54,444","28.17"
"HINDPETRO","EQ","24-Jun-2022","225.70","225.55","226.65","219.05","219.90","219.85","221.41","47,27,258","1,04,66,79,205.80","46,333","18,88,925","39.96"
"HINDPETRO","EQ","23-Jun-2022","224.55","225.30","227.25","220.60","225.05","225.70","225.00","67,39,400","1,51,63,41,799.65","99,694","30,36,607","45.06"
"HINDPETRO","EQ","22-Jun-2022","218.40","219.80","225.35","214.20","224.50","224.55","222.20","84,20,204","1,87,09,52,490.40","73,755","31,80,882","37.78"
"HINDPETRO","EQ","21-Jun-2022","210.35","210.00","219.50","210.00","219.40","218.40","216.38","35,10,313","75,95,59,652.65","39,720","12,39,341","35.31"
"HINDPETRO","EQ","20-Jun-2022","209.40","212.00","215.55","206.50","210.90","210.35","210.40","58,72,179","1,23,55,31,265.45","46,907","19,94,907","33.97"
"HINDPETRO","EQ","17-Jun-2022","211.95","210.25","214.00","208.70","210.25","209.40","211.13","80,66,291","1,70,30,20,044.80","60,183","47,39,808","58.76"
"HINDPETRO","EQ","16-Jun-2022","214.85","218.00","219.65","211.45","212.80","211.95","215.17","42,48,279","91,41,15,520.35","43,365","13,91,877","32.76"
"HINDPETRO","EQ","15-Jun-2022","214.00","215.10","215.95","210.30","215.75","214.85","213.32","62,60,694","1,33,55,33,863.95","59,658","25,50,066","40.73"
"HINDPETRO","EQ","14-Jun-2022","226.85","226.95","228.70","213.10","214.15","214.00","217.21","1,00,56,022","2,18,42,68,663.45","86,875","40,45,889","40.23"
"HINDPETRO","EQ","13-Jun-2022","237.60","233.70","234.50","226.00","227.50","226.85","229.46","28,51,811","65,43,75,962.30","36,612","9,44,447","33.12"
"HINDPETRO","EQ","10-Jun-2022","238.60","236.00","239.75","234.50","237.35","237.60","237.33","27,79,565","65,96,65,198.95","33,040","9,71,665","34.96"
"HINDPETRO","EQ","09-Jun-2022","232.30","231.80","244.90","230.00","238.30","238.60","237.84","91,06,171","2,16,57,67,561.20","75,864","28,86,031","31.69"
"HINDPETRO","EQ","08-Jun-2022","230.55","231.15","235.00","230.05","232.40","232.30","233.00","34,92,369","81,37,31,485.15","36,117","10,40,950","29.81"
"HINDPETRO","EQ","07-Jun-2022","227.70","227.60","232.25","226.40","230.00","230.55","229.88","30,74,923","70,68,73,164.10","38,341","8,25,676","26.85"
"HINDPETRO","EQ","06-Jun-2022","232.90","232.80","232.80","225.10","227.70","227.70","227.36","42,16,483","95,86,67,091.60","47,670","16,00,422","37.96"
"HINDPETRO","EQ","03-Jun-2022","232.15","232.80","234.50","230.75","232.85","232.90","232.97","32,88,754","76,61,71,590.35","29,408","11,82,005","35.94"
"HINDPETRO","EQ","02-Jun-2022","229.55","232.00","232.70","228.65","232.35","232.15","230.70","51,72,847","1,19,33,68,253.30","61,189","20,64,596","39.91"
"HINDPETRO","EQ","01-Jun-2022","227.80","230.00","235.80","228.25","229.60","229.55","231.41","61,57,685","1,42,49,65,816.70","56,726","21,10,953","34.28"
"HINDPETRO","EQ","31-May-2022","231.85","231.50","232.50","226.25","227.15","227.80","228.82","85,73,123","1,96,16,98,297.45","54,040","57,06,668","66.56"
"HINDPETRO","EQ","30-May-2022","229.85","231.05","233.40","228.60","231.40","231.85","230.95","54,44,178","1,25,73,45,937.25","49,030","28,62,484","52.58"
"HINDPETRO","EQ","27-May-2022","234.50","235.50","235.50","227.40","230.00","229.85","229.79","49,26,748","1,13,21,26,824.10","48,712","22,46,246","45.59"
"HINDPETRO","EQ","26-May-2022","233.75","234.95","236.25","225.80","234.00","234.50","231.36","54,75,391","1,26,67,66,751.30","50,445","24,81,914","45.33"
"HINDPETRO","EQ","25-May-2022","242.05","243.00","243.60","232.60","234.50","233.75","236.22","35,59,610","84,08,45,099.40","44,001","15,66,266","44.00"
"HINDPETRO","EQ","24-May-2022","237.50","239.90","243.90","238.10","242.40","242.05","241.71","45,72,810","1,10,53,15,406.60","59,971","13,78,789","30.15"
"HINDPETRO","EQ","23-May-2022","243.95","243.95","246.35","235.45","237.80","237.50","239.24","51,08,508","1,22,21,45,671.10","55,339","17,39,975","34.06"
"HINDPETRO","EQ","20-May-2022","239.00","243.50","246.40","239.05","243.90","243.95","242.18","63,26,814","1,53,22,34,933.95","62,511","23,37,197","36.94"
"HINDPETRO","EQ","19-May-2022","243.65","241.20","244.50","237.00","240.00","239.00","240.08","52,87,249","1,26,93,69,816.60","68,989","24,00,194","45.40"
"HINDPETRO","EQ","18-May-2022","255.85","252.00","255.00","238.30","244.40","243.65","245.77","81,91,941","2,01,33,57,290.95","1,13,337","37,87,112","46.23"
"HINDPETRO","EQ","17-May-2022","254.35","256.20","257.70","251.10","256.95","255.85","254.22","47,94,000","1,21,87,44,762.90","1,14,486","26,10,898","54.46"
"HINDPETRO","EQ","16-May-2022","258.15","260.15","260.15","253.40","255.15","254.35","256.14","17,57,062","45,00,57,780.00","26,273","5,34,686","30.43"
"HINDPETRO","EQ","13-May-2022","262.50","265.00","267.10","256.20","257.45","258.15","262.36","23,20,541","60,88,19,951.10","31,701","6,53,632","28.17"
"HINDPETRO","EQ","12-May-2022","263.90","262.00","267.10","258.00","263.15","262.50","262.14","29,71,815","77,90,23,621.10","40,938","11,14,783","37.51"
"HINDPETRO","EQ","11-May-2022","270.50","273.95","273.95","261.60","264.55","263.90","266.45","29,59,294","78,84,93,308.80","46,819","11,17,189","37.75"
"HINDPETRO","EQ","10-May-2022","268.40","270.00","274.55","268.15","269.45","270.50","271.44","35,69,992","96,90,53,485.15","50,939","15,05,327","42.17"
"HINDPETRO","EQ","09-May-2022","268.70","268.65","270.70","261.00","267.85","268.40","266.88","30,44,820","81,26,11,100.30","41,499","10,20,705","33.52"
"HINDPETRO","EQ","06-May-2022","270.50","268.50","269.85","264.45","268.35","268.70","267.71","16,99,526","45,49,74,000.10","24,872","5,94,852","35.00"
"HINDPETRO","EQ","05-May-2022","272.05","274.90","277.70","269.05","270.40","270.50","273.40","25,97,103","71,00,48,611.35","32,680","10,29,280","39.63"
"HINDPETRO","EQ","04-May-2022","272.40","272.40","276.80","270.45","272.45","272.05","273.52","21,37,212","58,45,61,269.30","34,410","6,96,847","32.61"
"HINDPETRO","EQ","02-May-2022","270.30","270.00","273.25","267.30","272.90","272.40","270.51","31,22,625","84,46,92,424.25","39,360","12,37,000","39.61"
"HINDPETRO","EQ","29-Apr-2022","282.15","283.95","286.20","270.00","271.05","270.30","275.34","47,43,909","1,30,62,08,126.70","63,772","24,88,175","52.45"
"HINDPETRO","EQ","28-Apr-2022","281.85","283.80","284.00","278.30","281.45","282.15","281.21","39,51,401","1,11,11,80,285.30","51,158","20,65,733","52.28"
"HINDPETRO","EQ","27-Apr-2022","292.50","288.75","292.80","281.10","282.00","281.85","283.80","28,78,812","81,69,97,650.25","55,884","13,03,038","45.26"
"HINDPETRO","EQ","26-Apr-2022","291.65","293.00","294.65","289.00","292.45","292.50","291.51","22,23,597","64,81,93,819.30","28,132","9,70,220","43.63"
"HINDPETRO","EQ","25-Apr-2022","298.65","297.50","297.50","288.10","291.75","291.65","292.16","38,13,459","1,11,41,55,302.00","38,483","16,94,318","44.43"
"HINDPETRO","EQ","22-Apr-2022","300.95","300.95","303.20","297.50","298.20","298.65","299.74","22,85,065","68,49,26,412.60","25,298","10,42,618","45.63"
"HINDPETRO","EQ","21-Apr-2022","299.70","301.65","304.10","296.65","300.25","300.95","301.38","34,68,255","1,04,52,63,211.50","44,625","13,90,084","40.08"
"HINDPETRO","EQ","20-Apr-2022","293.00","295.00","303.15","292.60","299.75","299.70","299.26","49,49,226","1,48,10,86,963.45","70,521","19,94,988","40.31"
"HINDPETRO","EQ","19-Apr-2022","283.35","286.00","298.00","285.20","290.00","293.00","293.37","73,57,433","2,15,84,23,819.50","77,601","25,78,498","35.05"
"HINDPETRO","EQ","18-Apr-2022","292.55","290.00","291.70","282.00","283.75","283.35","284.85","26,86,938","76,53,70,735.25","38,971","11,51,187","42.84"
"HINDPETRO","EQ","13-Apr-2022","288.90","290.30","294.40","288.00","291.95","292.55","291.92","18,68,057","54,53,21,806.65","35,187","5,08,517","27.22"
"HINDPETRO","EQ","12-Apr-2022","301.60","300.80","300.80","286.65","289.00","288.90","291.19","38,89,271","1,13,25,19,559.75","64,398","14,95,860","38.46"
"HINDPETRO","EQ","11-Apr-2022","296.40","298.40","306.70","295.40","301.80","301.60","302.61","50,16,255","1,51,79,52,071.60","58,463","17,82,864","35.54"
"HINDPETRO","EQ","08-Apr-2022","285.95","289.65","297.50","288.25","296.05","296.40","293.33","58,10,082","1,70,42,43,011.25","56,383","28,89,106","49.73"
"HINDPETRO","EQ","07-Apr-2022","290.80","291.95","294.55","285.05","288.00","285.95","289.53","51,67,750","1,49,62,15,114.45","49,042","25,68,672","49.71"
"HINDPETRO","EQ","06-Apr-2022","282.10","281.00","292.20","280.25","291.50","290.80","287.87","46,41,613","1,33,61,72,132.65","61,321","19,52,250","42.06"
"HINDPETRO","EQ","05-Apr-2022","279.70","281.00","284.00","277.25","282.15","282.10","280.97","38,39,341","1,07,87,42,527.00","39,940","11,24,764","29.30"
"HINDPETRO","EQ","04-Apr-2022","277.05","277.55","281.55","276.00","279.05","279.70","279.25","29,51,135","82,40,90,179.95","35,777","9,07,733","30.76"
"HINDPETRO","EQ","01-Apr-2022","269.35","269.95","277.45","269.40","276.20","277.05","273.88","41,61,286","1,13,96,86,583.05","43,621","20,16,467","48.46"
"HINDPETRO","EQ","31-Mar-2022","264.45","267.20","273.15","265.25","269.50","269.35","269.97","50,26,164","1,35,68,93,649.65","64,894","17,90,836","35.63"
"HINDPETRO","EQ","30-Mar-2022","267.55","271.00","273.65","262.30","263.95","264.45","266.10","1,08,95,498","2,89,92,42,846.05","73,480","68,91,360","63.25"
"HINDPETRO","EQ","29-Mar-2022","266.25","269.80","270.80","266.55","267.80","267.55","268.30","32,41,884","86,97,82,071.50","40,823","13,91,988","42.94"
"HINDPETRO","EQ","28-Mar-2022","271.40","272.95","275.00","265.80","266.40","266.25","268.13","59,56,820","1,59,71,72,475.50","52,007","26,82,839","45.04"
"HINDPETRO","EQ","25-Mar-2022","275.00","278.40","278.45","270.80","271.70","271.40","273.73","47,48,653","1,29,98,27,672.45","43,166","18,10,299","38.12"
"HINDPETRO","EQ","24-Mar-2022","284.65","281.20","281.80","272.60","275.05","275.00","276.05","65,66,646","1,81,27,37,617.10","66,530","23,87,247","36.35"
"HINDPETRO","EQ","23-Mar-2022","280.15","283.00","288.40","281.40","284.20","284.65","285.01","65,88,818","1,87,78,91,222.50","75,649","25,79,826","39.15"
"HINDPETRO","EQ","22-Mar-2022","276.20","274.65","285.90","274.65","280.40","280.15","281.11","85,27,328","2,39,71,25,450.85","1,14,290","25,08,595","29.42"
"HINDPETRO","EQ","21-Mar-2022","281.45","277.30","279.65","273.25","276.00","276.20","275.95","76,48,456","2,11,06,16,184.10","55,268","23,07,100","30.16"
"HINDPETRO","EQ","17-Mar-2022","278.35","280.00","283.25","276.80","280.80","281.45","281.05","58,06,158","1,63,17,95,516.80","59,542","26,29,330","45.29"
"HINDPETRO","EQ","16-Mar-2022","273.55","277.00","279.25","271.40","278.30","278.35","275.76","48,97,928","1,35,06,60,352.45","45,572","12,71,657","25.96"
"HINDPETRO","EQ","15-Mar-2022","279.20","282.05","283.20","270.25","273.50","273.55","276.78","80,35,725","2,22,41,13,451.60","83,353","16,71,998","20.81"
"HINDPETRO","EQ","14-Mar-2022","294.30","295.00","295.00","277.50","279.20","279.20","281.94","88,83,521","2,50,46,13,465.65","99,737","32,47,086","36.55"
"HINDPETRO","EQ","11-Mar-2022","279.15","279.60","295.90","278.40","295.00","294.30","288.94","92,99,318","2,68,69,46,342.15","1,01,610","26,19,991","28.17"
"HINDPETRO","EQ","10-Mar-2022","269.10","275.05","289.00","275.05","278.10","279.15","281.65","1,11,36,446","3,13,66,11,555.15","1,04,847","27,96,905","25.11"
"HINDPETRO","EQ","09-Mar-2022","270.50","272.00","274.50","267.50","269.70","269.10","270.13","55,46,869","1,49,83,84,455.95","74,708","17,03,759","30.72"
"HINDPETRO","EQ","08-Mar-2022","276.30","276.40","278.40","263.55","270.50","270.50","269.34","87,19,208","2,34,84,38,058.10","1,19,879","30,65,859","35.16"
"HINDPETRO","EQ","07-Mar-2022","284.65","282.70","282.70","272.10","276.00","276.30","276.48","47,81,082","1,32,18,62,562.00","66,830","14,80,444","30.96"
"HINDPETRO","EQ","04-Mar-2022","279.05","281.80","287.15","274.75","284.05","284.65","282.02","92,67,170","2,61,35,56,310.85","1,14,787","19,54,852","21.09"
"HINDPETRO","EQ","03-Mar-2022","266.80","270.00","284.00","268.15","279.55","279.05","279.45","1,24,55,444","3,48,06,17,477.90","1,40,058","29,62,425","23.78"
"HINDPETRO","EQ","02-Mar-2022","273.25","270.00","281.50","265.20","267.90","266.80","271.85","55,06,064","1,49,68,49,839.00","67,812","21,53,558","39.11"
"HINDPETRO","EQ","28-Feb-2022","267.80","264.50","274.60","263.05","273.25","273.25","271.88","36,93,777","1,00,42,74,192.65","52,000","16,37,191","44.32"
"HINDPETRO","EQ","25-Feb-2022","272.15","278.00","278.85","264.25","268.25","267.80","269.81","56,43,597","1,52,27,13,367.70","83,355","22,83,343","40.46"
"HINDPETRO","EQ","24-Feb-2022","289.60","281.90","286.15","270.95","272.70","272.15","278.28","53,47,242","1,48,80,37,334.95","64,433","23,79,100","44.49"
"HINDPETRO","EQ","23-Feb-2022","291.00","291.00","294.95","288.00","290.50","289.60","290.58","21,10,155","61,31,71,828.80","30,217","7,31,261","34.65"
"HINDPETRO","EQ","22-Feb-2022","292.75","285.00","292.05","267.00","290.55","291.00","286.84","32,11,596","92,12,20,450.55","41,584","7,91,710","24.65"
"HINDPETRO","EQ","21-Feb-2022","298.75","295.00","302.00","291.10","292.20","292.75","295.92","17,95,516","53,13,31,714.70","43,196","6,41,081","35.70"
"HINDPETRO","EQ","18-Feb-2022","301.30","301.30","305.65","297.60","297.80","298.75","301.02","24,01,318","72,28,54,702.75","34,020","8,90,390","37.08"
"HINDPETRO","EQ","17-Feb-2022","304.65","306.30","306.30","298.25","301.55","301.30","302.35","25,95,292","78,46,98,663.95","28,477","4,07,884","15.72"
"HINDPETRO","EQ","16-Feb-2022","295.50","296.70","307.00","294.00","304.00","304.65","302.92","37,89,877","1,14,80,46,075.60","46,481","14,26,929","37.65"
"HINDPETRO","EQ","15-Feb-2022","289.75","291.00","296.25","282.55","295.00","295.50","289.29","22,34,858","64,65,32,992.30","46,655","8,63,371","38.63"
"HINDPETRO","EQ","14-Feb-2022","301.65","294.00","298.80","288.15","288.90","289.75","293.20","19,23,577","56,39,90,515.10","32,035","7,62,878","39.66"
"HINDPETRO","EQ","11-Feb-2022","299.50","296.00","304.00","295.55","300.85","301.65","301.43","39,03,257","1,17,65,52,135.30","38,906","19,46,552","49.87"
"HINDPETRO","EQ","10-Feb-2022","295.80","296.65","300.85","295.20","299.00","299.50","298.71","33,21,223","99,20,92,006.35","70,172","19,77,220","59.53"
"HINDPETRO","EQ","09-Feb-2022","287.20","288.80","296.95","287.20","295.55","295.80","293.22","46,18,523","1,35,42,32,775.65","64,576","24,44,817","52.94"
"HINDPETRO","EQ","08-Feb-2022","285.05","286.15","287.95","281.55","287.00","287.20","284.82","44,30,556","1,26,18,90,336.80","48,438","17,18,529","38.79"
"HINDPETRO","EQ","07-Feb-2022","281.10","281.65","286.25","278.55","285.00","285.05","283.20","36,56,235","1,03,54,31,678.95","63,381","17,25,894","47.20"
"HINDPETRO","EQ","04-Feb-2022","284.55","286.00","286.25","280.30","281.30","281.10","282.61","38,58,006","1,09,03,22,324.50","55,526","19,49,213","50.52"
"HINDPETRO","EQ","03-Feb-2022","290.65","291.00","291.45","283.90","284.25","284.55","286.78","38,47,964","1,10,35,14,860.50","78,813","17,05,413","44.32"
"HINDPETRO","EQ","02-Feb-2022","291.50","293.05","294.50","290.00","290.35","290.65","292.02","37,24,302","1,08,75,73,951.85","57,728","14,94,535","40.13"
"HINDPETRO","EQ","01-Feb-2022","314.10","310.00","310.00","290.00","291.90","291.50","295.85","1,20,16,893","3,55,52,43,722.10","1,33,278","48,54,092","40.39"
"HINDPETRO","EQ","31-Jan-2022","313.45","316.85","322.35","313.10","314.50","314.10","317.79","28,16,064","89,49,19,289.10","38,134","12,10,706","42.99"
"HINDPETRO","EQ","28-Jan-2022","308.30","310.15","322.60","310.00","313.50","313.45","315.71","42,42,254","1,33,93,19,462.60","53,467","12,75,399","30.06"
"HINDPETRO","EQ","27-Jan-2022","311.35","309.00","312.80","305.55","308.35","308.30","308.51","36,20,065","1,11,68,17,133.75","52,917","17,18,526","47.47"
"HINDPETRO","EQ","25-Jan-2022","303.50","300.60","313.45","300.30","309.00","311.35","309.02","40,44,653","1,24,98,96,306.60","68,405","18,32,478","45.31"
"HINDPETRO","EQ","24-Jan-2022","310.50","309.60","313.65","300.75","304.20","303.50","307.34","26,58,907","81,71,81,973.95","45,745","8,03,907","30.23"
"HINDPETRO","EQ","21-Jan-2022","325.05","323.65","325.65","309.30","310.80","310.50","315.21","28,65,636","90,32,68,439.95","37,990","10,39,021","36.26"
"HINDPETRO","EQ","20-Jan-2022","324.35","323.00","332.20","322.20","325.40","325.05","327.58","30,91,537","1,01,27,38,575.50","43,757","9,86,222","31.90"
"HINDPETRO","EQ","19-Jan-2022","323.85","320.55","329.00","318.20","324.00","324.35","324.43","25,66,812","83,27,50,435.70","36,491","9,91,757","38.64"
"HINDPETRO","EQ","18-Jan-2022","327.95","328.10","330.45","323.00","323.90","323.85","327.15","29,35,659","96,04,13,487.20","36,954","13,36,140","45.51"
"HINDPETRO","EQ","17-Jan-2022","325.00","327.35","330.40","325.40","327.95","327.95","328.12","38,92,010","1,27,70,43,276.65","47,828","22,88,219","58.79"
"HINDPETRO","EQ","14-Jan-2022","321.75","321.50","326.40","319.50","324.60","325.00","324.15","37,86,535","1,22,73,98,153.15","42,668","18,72,685","49.46"
"HINDPETRO","EQ","13-Jan-2022","319.15","320.80","323.45","318.15","321.90","321.75","321.47","23,86,473","76,71,69,031.80","56,262","13,87,286","58.13"
"HINDPETRO","EQ","12-Jan-2022","318.75","320.80","325.85","316.65","318.00","319.15","321.12","31,66,104","1,01,66,87,053.05","38,279","18,21,091","57.52"
"HINDPETRO","EQ","11-Jan-2022","326.55","326.00","327.45","317.70","319.20","318.75","323.31","30,46,616","98,50,07,200.50","33,888","17,73,551","58.21"
"HINDPETRO","EQ","10-Jan-2022","320.00","320.00","327.85","319.00","327.00","326.55","324.11","25,93,083","84,04,31,348.10","54,900","11,86,135","45.74"
"HINDPETRO","EQ","07-Jan-2022","314.15","314.70","325.00","314.70","319.00","320.00","319.45","48,15,366","1,53,82,80,547.20","65,154","15,13,531","31.43"
"HINDPETRO","EQ","06-Jan-2022","314.30","315.95","317.00","308.50","314.50","314.15","314.05","43,71,260","1,37,28,09,512.50","57,021","19,44,605","44.49"
"HINDPETRO","EQ","05-Jan-2022","297.90","298.95","315.45","298.00","313.75","314.30","308.39","75,11,958","2,31,66,13,941.90","69,701","24,63,140","32.79"
"HINDPETRO","EQ","04-Jan-2022","296.90","298.95","301.00","295.00","298.00","297.90","297.46","22,76,944","67,73,03,993.55","34,241","14,36,124","63.07"
"HINDPETRO","EQ","03-Jan-2022","292.35","292.90","297.55","292.35","296.50","296.90","295.85","10,16,360","30,06,93,478.45","16,613","4,53,939","44.66"
"HINDPETRO","EQ","31-Dec-2021","288.65","290.65","294.65","287.60","292.15","292.35","292.37","12,10,196","35,38,27,172.55","20,679","5,36,136","44.30"
"HINDPETRO","EQ","30-Dec-2021","292.40","292.00","293.50","287.75","288.40","288.65","289.70","13,19,776","38,23,37,057.75","18,407","5,90,630","44.75"
"HINDPETRO","EQ","29-Dec-2021","294.25","294.50","296.45","290.30","291.35","292.40","292.42","17,97,810","52,57,21,021.65","27,272","11,37,325","63.26"
"HINDPETRO","EQ","28-Dec-2021","290.75","291.20","295.40","290.75","293.75","294.25","293.96","9,73,947","28,63,04,924.50","29,657","4,97,609","51.09"
"HINDPETRO","EQ","27-Dec-2021","291.65","291.00","291.65","286.00","290.25","290.75","289.03","9,08,345","26,25,42,709.10","23,452","2,57,203","28.32"
"HINDPETRO","EQ","24-Dec-2021","294.80","294.90","296.00","290.10","291.05","291.65","292.73","14,99,093","43,88,26,146.15","17,992","5,96,344","39.78"
"HINDPETRO","EQ","23-Dec-2021","288.15","291.00","297.60","290.55","294.60","294.80","294.30","38,04,226","1,11,96,00,368.80","38,618","20,27,310","53.29"
"HINDPETRO","EQ","22-Dec-2021","281.55","283.10","290.10","280.60","290.00","288.15","285.71","38,16,836","1,09,04,89,380.35","48,996","16,18,525","42.40"
"HINDPETRO","EQ","21-Dec-2021","276.90","277.10","283.50","277.00","283.50","281.55","280.72","18,26,393","51,27,03,922.45","31,478","6,11,354","33.47"
"HINDPETRO","EQ","20-Dec-2021","287.35","284.70","285.40","274.75","277.00","276.90","278.46","41,38,327","1,15,23,78,122.25","51,581","12,51,135","30.23"
"HINDPETRO","EQ","17-Dec-2021","297.80","297.80","298.65","286.60","288.30","287.35","291.12","27,30,995","79,50,50,135.70","36,277","9,68,922","35.48"
"HINDPETRO","EQ","16-Dec-2021","300.50","302.00","304.00","296.75","298.35","297.80","299.16","18,51,934","55,40,31,541.85","23,934","8,19,203","44.23"
"HINDPETRO","EQ","15-Dec-2021","301.25","301.65","307.70","299.55","301.00","300.50","304.29","43,37,986","1,32,00,18,388.40","60,506","18,36,471","42.33"
"HINDPETRO","EQ","14-Dec-2021","299.60","300.20","303.95","297.65","300.75","301.25","301.14","34,56,986","1,04,10,32,081.65","38,198","14,59,745","42.23"
"HINDPETRO","EQ","13-Dec-2021","307.35","310.00","312.10","298.75","300.40","299.60","303.88","30,48,551","92,63,97,924.45","37,512","12,47,107","40.91"
"HINDPETRO","EQ","10-Dec-2021","305.45","303.15","309.40","303.15","307.00","307.35","306.97","16,42,287","50,41,38,477.60","16,723","6,80,285","41.42"
"HINDPETRO","EQ","09-Dec-2021","301.75","303.30","307.15","300.50","305.70","305.45","303.90","40,45,998","1,22,95,96,554.45","37,677","14,46,159","35.74"
"HINDPETRO","EQ","08-Dec-2021","304.05","303.80","306.90","300.30","302.00","301.75","303.31","23,07,251","69,98,09,746.65","33,526","8,19,935","35.54"
"HINDPETRO","EQ","07-Dec-2021","298.05","299.50","308.80","298.70","304.00","304.05","305.17","31,78,260","96,99,11,649.55","42,615","7,40,949","23.31"
"HINDPETRO","EQ","06-Dec-2021","298.50","298.80","302.70","294.10","299.60","298.05","298.81","16,76,226","50,08,78,620.75","25,429","4,38,339","26.15"
"HINDPETRO","EQ","03-Dec-2021","300.55","303.00","304.70","297.50","298.85","298.50","302.05","26,42,885","79,82,71,720.40","31,142","6,59,899","24.97"
"HINDPETRO","EQ","02-Dec-2021","297.75","297.80","303.95","292.55","300.60","300.55","299.99","37,96,232","1,13,88,14,262.75","47,664","15,12,284","39.84"
"HINDPETRO","EQ","01-Dec-2021","295.10","295.20","300.70","290.65","297.75","297.75","296.07","25,71,114","76,12,21,909.80","45,387","10,38,377","40.39"
"HINDPETRO","EQ","30-Nov-2021","296.45","296.25","316.40","293.10","294.80","295.10","296.48","60,09,043","1,78,15,76,059.85","55,597","32,00,534","53.26"
"HINDPETRO","EQ","29-Nov-2021","302.20","300.00","301.85","292.05","297.10","296.45","297.44","33,45,886","99,52,11,286.05","50,184","16,70,410","49.92"
"HINDPETRO","EQ","26-Nov-2021","316.10","316.10","316.10","300.75","302.75","302.20","305.79","37,85,300","1,15,75,17,086.00","45,156","17,14,708","45.30"
"HINDPETRO","EQ","25-Nov-2021","324.10","325.05","326.15","314.45","318.30","316.10","317.36","41,10,270","1,30,44,46,380.25","40,652","22,24,750","54.13"
"HINDPETRO","EQ","24-Nov-2021","318.60","319.90","331.20","319.50","322.80","324.10","326.42","40,86,300","1,33,38,54,471.70","58,794","16,16,171","39.55"
"HINDPETRO","EQ","23-Nov-2021","316.95","314.00","320.45","313.80","318.60","318.60","317.66","26,33,340","83,65,05,945.65","34,243","13,53,883","51.41"
"HINDPETRO","EQ","22-Nov-2021","323.70","323.70","326.65","314.15","317.80","316.95","319.13","32,09,866","1,02,43,62,953.45","33,463","16,61,913","51.78"
"HINDPETRO","EQ","18-Nov-2021","326.00","327.00","329.70","321.50","323.40","323.70","325.46","31,87,770","1,03,74,80,104.30","40,759","14,49,554","45.47"
"HINDPETRO","EQ","17-Nov-2021","337.50","337.95","337.95","325.35","326.00","326.00","330.26","36,30,912","1,19,91,28,341.60","44,343","16,57,718","45.66"
"HINDPETRO","EQ","16-Nov-2021","351.35","352.60","352.60","336.20","337.35","337.50","341.38","40,28,368","1,37,52,13,564.75","61,540","22,36,679","55.52"
"HINDPETRO","EQ","15-Nov-2021","347.00","350.00","354.80","348.20","350.60","351.35","352.29","49,22,997","1,73,43,28,469.00","63,738","21,54,896","43.77"
"HINDPETRO","EQ","12-Nov-2021","342.50","344.20","349.50","343.95","346.80","347.00","346.75","34,04,889","1,18,06,53,533.50","32,667","18,67,786","54.86"
"HINDPETRO","EQ","11-Nov-2021","346.05","344.00","347.80","339.60","343.00","342.50","342.71","27,75,400","95,11,51,344.05","37,545","13,40,074","48.28"
"HINDPETRO","EQ","10-Nov-2021","344.55","343.95","349.75","342.25","344.65","346.05","345.56","33,26,814","1,14,95,97,909.80","38,523","16,06,847","48.30"
"HINDPETRO","EQ","09-Nov-2021","345.80","347.20","348.70","341.85","343.85","344.55","345.10","39,78,587","1,37,29,98,462.95","56,073","14,21,883","35.74"
"HINDPETRO","EQ","08-Nov-2021","321.90","326.45","347.00","322.50","346.30","345.80","338.03","1,43,63,175","4,85,52,21,807.00","1,64,860","35,03,485","24.39"
"HINDPETRO","EQ","04-Nov-2021","314.20","319.00","322.95","315.00","322.45","321.90","320.16","9,87,287","31,60,87,407.90","15,410","3,84,019","38.90"
"HINDPETRO","EQ","03-Nov-2021","303.45","304.60","317.00","303.20","314.40","314.20","313.04","75,88,744","2,37,55,57,636.50","85,025","27,08,634","35.69"
"HINDPETRO","EQ","02-Nov-2021","311.95","313.00","314.90","302.30","303.50","303.45","308.41","41,43,739","1,27,79,66,271.55","52,025","16,53,181","39.90"
"HINDPETRO","EQ","01-Nov-2021","310.40","315.05","315.05","308.50","311.90","311.95","311.65","33,98,520","1,05,91,49,207.90","45,881","18,24,061","53.67"
"HINDPETRO","EQ","29-Oct-2021","317.05","317.00","320.00","306.40","311.40","310.40","314.05","40,78,422","1,28,08,13,995.10","45,898","17,71,647","43.44"
"HINDPETRO","EQ","28-Oct-2021","333.90","335.00","335.45","315.05","318.25","317.05","323.16","45,01,801","1,45,48,09,830.55","39,395","22,47,699","49.93"
"HINDPETRO","EQ","27-Oct-2021","332.40","333.05","339.60","331.45","333.10","333.90","336.45","38,57,496","1,29,78,46,797.70","45,399","12,64,580","32.78"
"HINDPETRO","EQ","26-Oct-2021","323.05","323.05","335.90","318.40","332.55","332.40","331.61","57,26,988","1,89,91,07,840.25","56,661","21,07,764","36.80"
"HINDPETRO","EQ","25-Oct-2021","327.85","331.50","331.50","321.30","323.50","323.05","324.62","33,93,396","1,10,15,76,272.50","55,562","13,71,073","40.40"
"HINDPETRO","EQ","22-Oct-2021","322.80","325.00","329.40","322.30","327.60","327.85","326.42","41,37,663","1,35,06,13,063.05","52,602","21,44,383","51.83"
"HINDPETRO","EQ","21-Oct-2021","317.30","320.45","330.00","319.85","321.95","322.80","325.26","65,21,962","2,12,13,04,905.10","87,159","20,14,041","30.88"
"HINDPETRO","EQ","20-Oct-2021","323.40","325.50","328.55","315.50","319.15","317.30","320.47","56,19,163","1,80,07,50,692.10","60,459","32,62,430","58.06"
"HINDPETRO","EQ","19-Oct-2021","331.70","335.50","336.90","322.05","323.15","323.40","330.35","54,94,855","1,81,52,19,882.25","63,798","31,23,059","56.84"
"HINDPETRO","EQ","18-Oct-2021","331.35","334.35","339.70","330.50","331.15","331.70","335.31","36,62,289","1,22,80,03,791.65","41,052","15,49,335","42.31"
"HINDPETRO","EQ","14-Oct-2021","325.80","322.00","335.80","321.75","331.90","331.35","331.85","41,53,260","1,37,82,66,201.60","43,163","18,40,717","44.32"
"HINDPETRO","EQ","13-Oct-2021","327.80","330.80","330.80","323.40","325.60","325.80","327.18","43,36,076","1,41,86,98,398.95","50,066","21,46,134","49.49"
"HINDPETRO","EQ","12-Oct-2021","319.05","321.90","329.00","318.85","328.50","327.80","324.08","63,13,035","2,04,59,08,495.30","61,211","38,08,997","60.34"
"HINDPETRO","EQ","11-Oct-2021","318.05","321.50","325.85","318.05","319.45","319.05","321.73","28,56,794","91,91,15,681.60","43,485","13,36,870","46.80"
"HINDPETRO","EQ","08-Oct-2021","319.50","323.00","326.75","316.00","318.60","318.05","320.84","37,19,308","1,19,32,89,615.10","57,058","19,54,502","52.55"
"HINDPETRO","EQ","07-Oct-2021","311.60","314.00","323.70","313.40","319.10","319.50","320.32","65,73,600","2,10,56,40,124.10","75,499","32,52,875","49.48"
"HINDPETRO","EQ","06-Oct-2021","314.45","313.95","317.95","309.55","311.60","311.60","313.13","48,50,398","1,51,88,08,290.05","52,035","23,92,691","49.33"
"HINDPETRO","EQ","05-Oct-2021","302.80","302.95","315.90","301.35","314.75","314.45","311.66","1,06,12,386","3,30,74,73,936.90","1,24,523","42,48,935","40.04"
"HINDPETRO","BL","04-Oct-2021","190.00","298.95","298.95","298.95","298.95","298.95","298.95","6,12,220","18,30,23,169.00","1","-","-"
"HINDPETRO","EQ","04-Oct-2021","298.95","299.10","303.60","299.00","302.20","302.80","301.67","30,78,165","92,85,79,188.75","56,496","12,56,210","40.81"
"HINDPETRO","EQ","01-Oct-2021","300.00","299.60","306.00","297.00","298.90","298.95","300.53","41,46,823","1,24,62,56,406.85","41,605","14,38,867","34.70"
"HINDPETRO","EQ","30-Sep-2021","299.60","298.50","302.80","295.00","300.10","300.00","299.44","53,29,092","1,59,57,54,636.15","54,568","25,66,192","48.15"
"HINDPETRO","EQ","29-Sep-2021","291.60","292.40","300.90","289.00","300.00","299.60","296.59","1,19,27,055","3,53,74,75,620.05","1,64,415","63,47,676","53.22"
"HINDPETRO","EQ","28-Sep-2021","277.75","277.00","293.20","277.00","293.20","291.60","288.40","1,06,17,222","3,06,19,84,076.20","1,21,672","44,60,794","42.01"
"HINDPETRO","EQ","27-Sep-2021","274.80","276.30","278.80","272.60","276.85","277.75","277.07","22,94,109","63,56,36,838.00","40,024","11,54,834","50.34"