"Symbol  ","Series  ","Date  ","Prev Close  ","Open Price  ","High Price  ","Low Price  ","Last Price  ","Close Price  ","Average Price ","Total Traded Quantity  ","Turnover ₹  ","No. of Trades  ","Deliverable Qty  ","% Dly Qt to Traded Qty  "
"SBIN","EQ","25-Sep-2026","978.50","980.80","985.70","977.00","983.00","983.00","980.93","37,59,097","3,68,74,04,890.80","1,00,755","16,79,428","44.68"
"SBIN","EQ","24-Sep-2026","994.10","982.30","992.00","975.80","978.50","978.50","981.33","1,37,24,672","13,46,84,90,332.60","1,23,600","99,38,065","72.41"
"SBIN","EQ","23-Sep-2026","987.00","987.00","996.40","986.40","994.10","994.10","992.19","45,22,248","4,48,69,27,140.60","90,482","26,43,995","58.47"
"SBIN","EQ","22-Sep-2026","996.00","999.10","1,000.10","981.30","987.00","987.00","987.78","61,26,235","6,05,13,43,288.70","1,25,775","30,52,014","49.82"
"SBIN","EQ","21-Sep-2026","996.20","993.60","997.50","989.10","996.00","996.00","993.83","35,90,054","3,56,78,88,810.20","89,282","19,02,575","53.00"
"SBIN","EQ","18-Sep-2026","988.70","992.00","996.20","985.10","996.20","996.20","991.90","56,99,456","5,65,32,67,297.20","94,490","36,42,518","63.91"
"SBIN","EQ","17-Sep-2026","991.40","991.20","1,000.90","985.20","988.70","988.70","990.13","86,24,398","8,53,92,35,534.70","1,78,451","45,82,801","53.14"
"SBIN","EQ","16-Sep-2026","968.00","976.00","991.40","973.20","991.40","991.40","984.90","86,09,956","8,47,99,80,859.20","1,75,734","45,78,029","53.17"
"SBIN","EQ","15-Sep-2026","995.70","994.00","999.80","968.00","968.00","968.00","979.36","1,00,04,115","9,79,76,02,880.20","2,06,073","60,15,570","60.13"
"SBIN","EQ","11-Sep-2026","1,009.70","1,000.00","1,001.90","993.00","995.70","995.70","996.57","77,71,109","7,74,44,70,376.40","1,68,958","39,03,299","53.86"
"SBIN","EQ","10-Sep-2026","1,000.50","1,002.00","1,011.90","1,001.00","1,009.70","1,009.70","1,006.66","55,04,031","5,54,06,63,392.50","84,121","22,51,291","40.90"
"SBIN","EQ","09-Sep-2026","1,008.00","999.00","1,012.20","992.40","1,000.50","1,000.50","1,004.94","70,91,386","7,12,63,96,235.00","1,68,692","37,66,503","53.11"
"SBIN","EQ","08-Sep-2026","1,005.90","1,004.90","1,011.20","1,002.10","1,008.00","1,008.00","1,007.67","70,84,768","7,13,90,94,537.30","1,48,960","43,07,989","60.81"
"SBIN","EQ","07-Sep-2026","1,016.10","1,020.80","1,021.70","1,000.60","1,005.90","1,005.90","1,006.17","1,02,20,001","10,28,30,99,267.50","2,61,914","66,40,215","64.97"
"SBIN","EQ","04-Sep-2026","1,023.40","1,026.00","1,029.20","1,016.10","1,016.10","1,016.10","1,021.57","67,24,566","6,86,96,12,159.90","1,46,219","41,78,795","62.14"
"SBIN","EQ","03-Sep-2026","1,020.90","1,028.90","1,036.00","1,021.10","1,023.40","1,023.40","1,028.73","73,71,804","7,58,35,91,860.80","1,74,387","35,54,490","48.22"
"SBIN","EQ","02-Sep-2026","1,034.50","1,026.00","1,035.30","1,017.30","1,020.90","1,020.90","1,022.54","1,38,43,678","14,15,56,74,464.20","3,16,338","1,02,89,485","74.33"
"SBIN","EQ","01-Sep-2026","1,060.00","1,051.30","1,051.30","1,027.10","1,034.50","1,034.50","1,036.99","76,05,132","7,88,64,82,037.80","1,37,427","33,84,666","44.51"
"SBIN","EQ","31-Aug-2026","1,047.50","1,041.20","1,060.00","1,034.50","1,060.00","1,060.00","1,046.67","51,38,732","5,37,85,57,512.50","82,284","34,32,496","66.80"
"SBIN","EQ","28-Aug-2026","1,042.90","1,046.00","1,051.20","1,040.50","1,047.50","1,047.50","1,046.79","49,69,272","5,20,17,68,412.60","90,209","27,05,841","54.45"
"SBIN","EQ","27-Aug-2026","1,052.00","1,052.00","1,054.40","1,042.90","1,042.90","1,042.90","1,046.66","47,88,716","5,01,21,77,442.20","1,37,557","26,93,387","56.24"
"SBIN","EQ","26-Aug-2026","1,048.00","1,051.40","1,062.30","1,051.20","1,052.00","1,052.00","1,056.72","58,58,099","6,19,03,41,093.40","1,46,788","32,84,133","56.06"
"SBIN","EQ","25-Aug-2026","1,039.50","1,036.00","1,048.00","1,031.30","1,048.00","1,048.00","1,040.56","99,82,723","10,38,76,63,669.90","1,11,951","51,70,787","51.80"
"SBIN","EQ","24-Aug-2026","1,048.70","1,047.90","1,047.90","1,032.10","1,039.50","1,039.50","1,036.32","88,68,193","9,19,02,47,836.40","1,40,325","56,64,401","63.87"
"SBIN","EQ","21-Aug-2026","1,048.00","1,052.70","1,054.70","1,040.10","1,048.70","1,048.70","1,046.90","65,34,213","6,84,06,51,659.90","94,752","37,78,476","57.83"
"SBIN","EQ","20-Aug-2026","1,048.60","1,052.90","1,052.90","1,045.70","1,048.00","1,048.00","1,048.60","58,79,949","6,16,57,12,413.30","1,18,558","33,44,975","56.89"
"SBIN","EQ","19-Aug-2026","1,053.00","1,053.20","1,054.80","1,041.40","1,048.60","1,048.60","1,047.08","71,82,636","7,52,08,29,741.80","1,08,438","41,40,321","57.64"
"SBIN","EQ","18-Aug-2026","1,061.20","1,059.60","1,067.70","1,053.00","1,053.00","1,053.00","1,056.82","55,83,771","5,90,10,48,527.50","1,52,004","27,55,769","49.35"
"SBIN","EQ","17-Aug-2026","1,067.70","1,064.20","1,068.80","1,052.40","1,061.20","1,061.20","1,061.00","70,39,473","7,46,88,87,651.40","1,44,314","34,73,616","49.34"
"SBIN","EQ","14-Aug-2026","1,083.00","1,082.00","1,082.00","1,065.10","1,067.70","1,067.70","1,069.62","62,73,501","6,71,02,66,828.10","1,21,961","33,09,195","52.75"
"SBIN","EQ","13-Aug-2026","1,082.00","1,083.00","1,086.80","1,073.00","1,083.00","1,083.00","1,080.83","95,02,483","10,27,05,83,290.80","1,35,454","48,68,392","51.23"
"SBIN","EQ","12-Aug-2026","1,066.00","1,066.00","1,085.50","1,066.00","1,082.00","1,082.00","1,079.40","1,76,73,922","19,07,72,29,834.60","2,02,405","97,45,081","55.14"
"SBIN","EQ","11-Aug-2026","1,071.00","1,071.00","1,071.00","1,060.40","1,066.00","1,066.00","1,066.31","94,56,913","10,08,39,85,653.90","2,47,374","43,88,088","46.40"
"SBIN","EQ","10-Aug-2026","1,097.20","1,108.00","1,113.30","1,068.60","1,071.00","1,071.00","1,083.95","1,66,23,448","18,01,89,88,458.90","2,99,377","75,68,799","45.53"
"SBIN","EQ","07-Aug-2026","1,085.00","1,080.10","1,124.50","1,075.70","1,097.20","1,097.20","1,103.71","2,94,10,622","32,46,07,36,548.40","4,39,578","99,37,122","33.79"
"SBIN","EQ","06-Aug-2026","1,055.00","1,052.50","1,088.10","1,052.50","1,085.00","1,085.00","1,073.40","1,38,22,265","14,83,68,47,203.70","2,21,340","58,39,404","42.25"
"SBIN","EQ","05-Aug-2026","1,042.70","1,043.00","1,055.00","1,040.30","1,055.00","1,055.00","1,050.19","87,07,119","9,14,41,62,668.10","1,48,072","45,38,901","52.13"
"SBIN","EQ","04-Aug-2026","1,045.00","1,047.60","1,047.60","1,030.90","1,042.70","1,042.70","1,036.36","85,44,184","8,85,48,50,319.70","1,63,836","45,33,215","53.06"
"SBIN","EQ","03-Aug-2026","1,027.40","1,035.00","1,051.50","1,031.60","1,045.00","1,045.00","1,041.98","1,05,07,450","10,94,85,08,376.10","1,67,075","61,60,621","58.63"
"SBIN","EQ","31-Jul-2026","1,025.30","1,028.10","1,034.30","1,023.50","1,027.60","1,027.40","1,027.66","1,09,21,417","11,22,34,53,912.20","1,68,921","68,11,175","62.37"
"SBIN","EQ","30-Jul-2026","1,013.70","1,013.50","1,028.30","1,007.60","1,024.00","1,025.30","1,020.37","68,47,458","6,98,69,67,139.00","1,37,559","27,73,301","40.50"
"SBIN","EQ","29-Jul-2026","1,013.20","1,020.00","1,020.20","1,012.00","1,014.00","1,013.70","1,014.99","47,92,964","4,86,48,18,265.20","98,762","25,93,665","54.11"
"SBIN","EQ","28-Jul-2026","1,020.60","1,018.00","1,022.00","1,008.30","1,014.40","1,013.20","1,014.13","98,73,370","10,01,28,79,318.80","1,81,378","43,86,852","44.43"
"SBIN","EQ","27-Jul-2026","1,015.00","1,020.30","1,023.70","1,015.90","1,019.80","1,020.60","1,020.06","60,93,002","6,21,52,43,572.20","1,62,737","34,10,763","55.98"
"SBIN","EQ","24-Jul-2026","1,012.60","1,006.00","1,017.80","1,000.80","1,012.00","1,015.00","1,009.14","1,37,97,053","13,92,31,68,257.40","2,51,434","83,99,248","60.88"
"SBIN","EQ","23-Jul-2026","1,025.00","1,022.00","1,023.10","1,006.50","1,013.50","1,012.60","1,014.42","89,10,230","9,03,87,28,469.50","1,74,030","43,95,700","49.33"
"SBIN","EQ","22-Jul-2026","1,044.40","1,044.40","1,044.40","1,019.20","1,025.00","1,025.00","1,025.14","1,12,27,214","11,50,94,46,587.70","1,75,482","65,84,040","58.64"
"SBIN","EQ","21-Jul-2026","1,060.00","1,056.20","1,067.00","1,042.80","1,044.30","1,044.40","1,052.38","1,05,14,887","11,06,56,17,404.90","2,39,098","55,76,852","53.04"
"SBIN","EQ","20-Jul-2026","1,044.30","1,041.60","1,065.00","1,038.30","1,060.60","1,060.00","1,050.85","1,65,40,411","17,38,15,54,607.90","2,36,033","86,33,636","52.20"
"SBIN","EQ","17-Jul-2026","1,031.20","1,030.60","1,048.00","1,028.30","1,043.20","1,044.30","1,041.53","84,52,780","8,80,37,94,314.60","2,03,653","44,84,419","53.05"
"SBIN","EQ","16-Jul-2026","1,030.10","1,030.10","1,036.00","1,027.30","1,030.80","1,031.20","1,030.76","77,08,316","7,94,54,31,192.00","1,33,865","34,57,065","44.85"
"SBIN","EQ","15-Jul-2026","1,015.40","1,015.50","1,036.00","1,013.70","1,030.80","1,030.10","1,028.13","1,42,75,394","14,67,69,67,357.40","1,64,713","71,05,463","49.77"
"SBIN","EQ","14-Jul-2026","1,037.00","1,033.30","1,033.70","1,011.40","1,012.70","1,015.40","1,019.22","1,15,62,326","11,78,45,50,655.30","2,03,315","58,45,603","50.56"
"SBIN","EQ","13-Jul-2026","1,036.00","1,023.50","1,042.90","1,022.10","1,036.70","1,037.00","1,036.54","83,81,510","8,68,77,89,541.50","1,96,329","35,72,985","42.63"
"SBIN","EQ","10-Jul-2026","1,022.10","1,029.50","1,047.80","1,023.50","1,036.40","1,036.00","1,033.75","87,92,150","9,08,88,87,774.10","1,54,813","42,49,961","48.34"
"SBIN","EQ","09-Jul-2026","1,016.90","1,019.80","1,031.70","1,019.30","1,022.50","1,022.10","1,025.11","76,61,699","7,85,40,71,089.50","1,69,565","20,14,082","26.29"
"SBIN","EQ","08-Jul-2026","1,038.10","1,029.60","1,038.30","1,011.70","1,019.80","1,016.90","1,026.16","1,41,41,694","14,51,15,72,175.90","2,05,996","78,73,275","55.67"
"SBIN","EQ","07-Jul-2026","1,037.70","1,039.30","1,049.60","1,035.50","1,036.20","1,038.10","1,041.85","1,10,53,574","11,51,61,39,461.10","2,03,070","60,37,126","54.62"
"SBIN","EQ","06-Jul-2026","1,040.00","1,041.90","1,048.40","1,036.50","1,038.50","1,037.70","1,042.41","87,61,017","9,13,26,09,153.10","1,91,771","51,78,312","59.11"
"SBIN","EQ","03-Jul-2026","1,051.60","1,055.00","1,057.00","1,034.50","1,041.00","1,040.00","1,042.78","1,04,41,493","10,88,81,32,141.20","2,75,606","60,53,165","57.97"
"SBIN","EQ","02-Jul-2026","1,047.40","1,050.90","1,059.80","1,045.00","1,049.00","1,051.60","1,051.29","1,46,82,790","15,43,58,54,156.20","1,99,908","81,83,860","55.74"
"SBIN","EQ","01-Jul-2026","1,026.90","1,031.00","1,049.90","1,025.50","1,043.50","1,047.40","1,039.96","62,95,315","6,54,68,52,930.30","1,63,396","31,11,030","49.42"
"SBIN","EQ","30-Jun-2026","1,036.10","1,040.00","1,044.00","1,025.05","1,029.90","1,026.90","1,034.09","1,11,61,643","11,54,21,98,969.75","1,80,911","40,18,462","36.00"
"SBIN","EQ","29-Jun-2026","1,045.40","1,044.45","1,046.40","1,030.85","1,038.95","1,036.10","1,037.33","1,68,18,246","17,44,60,74,513.35","2,61,264","1,18,10,287","70.22"
"SBIN","EQ","25-Jun-2026","1,034.60","1,040.00","1,055.40","1,038.55","1,045.20","1,045.40","1,048.87","1,60,02,360","16,78,44,21,896.90","2,68,790","86,08,658","53.80"
"SBIN","EQ","24-Jun-2026","1,024.20","1,024.00","1,044.50","1,020.50","1,034.50","1,034.60","1,035.57","1,17,24,076","12,14,11,07,967.10","1,61,067","61,30,453","52.29"
"SBIN","EQ","23-Jun-2026","1,040.75","1,041.00","1,045.50","1,022.35","1,023.60","1,024.20","1,030.97","1,04,11,004","10,73,34,39,766.00","1,62,889","47,51,867","45.64"
"SBIN","EQ","22-Jun-2026","1,035.10","1,038.00","1,043.00","1,033.60","1,041.00","1,040.75","1,038.00","62,09,440","6,44,53,80,948.95","1,39,617","35,14,102","56.59"
"SBIN","EQ","19-Jun-2026","1,042.70","1,042.00","1,042.00","1,029.30","1,036.00","1,035.10","1,034.62","90,99,878","9,41,48,99,536.85","1,16,893","56,38,770","61.97"
"SBIN","EQ","18-Jun-2026","1,026.50","1,027.90","1,045.70","1,024.45","1,042.50","1,042.70","1,038.39","1,10,48,009","11,47,21,86,219.45","1,81,508","47,57,877","43.07"
"SBIN","EQ","17-Jun-2026","1,015.30","1,017.00","1,028.10","1,013.45","1,026.50","1,026.50","1,021.04","81,90,062","8,36,23,76,221.65","1,49,867","46,27,035","56.50"
"SBIN","EQ","16-Jun-2026","1,020.85","1,023.80","1,026.55","1,007.40","1,016.05","1,015.30","1,014.02","96,93,677","9,82,95,55,551.65","1,90,586","49,62,421","51.19"
"SBIN","EQ","15-Jun-2026","1,017.15","1,034.00","1,034.00","1,018.50","1,021.00","1,020.85","1,025.74","1,24,63,437","12,78,41,90,020.00","2,30,802","73,22,784","58.75"
"SBIN","EQ","12-Jun-2026","1,000.70","1,018.00","1,018.70","1,004.35","1,016.40","1,017.15","1,012.08","1,10,81,119","11,21,50,18,376.10","1,93,711","58,04,492","52.38"
"SBIN","EQ","11-Jun-2026","1,003.25","998.10","1,009.40","993.00","1,001.10","1,000.70","1,003.38","1,37,73,978","13,82,04,94,684.50","1,95,579","81,02,967","58.83"
"SBIN","EQ","10-Jun-2026","1,002.70","1,002.70","1,012.40","999.50","1,000.85","1,003.25","1,006.59","1,91,22,317","19,24,83,43,087.60","2,15,158","1,30,87,660","68.44"
"SBIN","EQ","09-Jun-2026","981.95","985.00","1,009.00","983.00","1,004.10","1,002.70","998.02","2,21,42,480","22,09,86,42,356.05","2,70,891","1,26,80,438","57.27"
"SBIN","EQ","08-Jun-2026","977.70","966.00","988.65","965.15","980.00","981.95","981.33","1,28,95,416","12,65,46,05,651.45","4,52,384","66,56,604","51.62"
"SBIN","EQ","05-Jun-2026","979.25","980.00","992.60","970.60","977.00","977.70","981.76","2,09,55,539","20,57,33,51,918.85","2,88,991","91,46,984","43.65"
"SBIN","EQ","04-Jun-2026","970.45","969.90","985.80","961.10","979.25","979.25","977.95","1,88,75,883","18,45,96,45,864.00","3,41,904","97,02,135","51.40"
"SBIN","EQ","03-Jun-2026","956.65","953.75","974.00","937.20","971.50","970.45","948.57","2,79,47,005","26,50,95,98,648.70","2,51,452","1,43,38,937","51.31"
"SBIN","EQ","02-Jun-2026","954.10","950.95","961.30","939.90","960.00","956.65","951.21","1,59,11,760","15,13,53,70,050.05","2,54,830","67,62,630","42.50"
"SBIN","EQ","01-Jun-2026","964.40","966.25","970.25","950.10","954.50","954.10","959.25","1,11,18,975","10,66,58,83,396.95","1,70,313","51,01,558","45.88"
"SBIN","EQ","29-May-2026","967.80","967.80","973.70","960.30","965.30","964.40","965.50","2,22,92,535","21,52,33,52,057.10","2,58,939","1,54,18,901","69.17"
"SBIN","EQ","27-May-2026","968.50","969.80","975.90","966.60","967.30","967.80","969.93","81,11,259","7,86,73,78,301.30","1,87,071","31,74,652","39.14"
"SBIN","EQ","26-May-2026","969.60","969.90","978.80","962.10","969.80","968.50","970.57","1,62,69,800","15,79,09,48,718.10","1,71,204","84,70,161","52.06"
"SBIN","EQ","25-May-2026","949.20","959.90","972.50","957.50","972.30","969.60","963.32","1,09,34,747","10,53,36,28,661.40","1,82,636","61,86,621","56.58"
"SBIN","EQ","22-May-2026","950.90","950.90","958.60","947.70","949.60","949.20","952.41","78,07,192","7,43,56,61,813.40","1,42,000","43,00,251","55.08"
"SBIN","EQ","21-May-2026","950.90","957.00","960.90","946.50","950.00","950.90","952.38","1,17,56,520","11,19,66,37,968.60","1,75,233","47,25,570","40.20"
"SBIN","EQ","20-May-2026","948.80","941.10","955.00","935.00","950.00","950.90","946.20","1,19,28,460","11,28,67,67,833.50","1,91,643","56,43,465","47.31"
"SBIN","EQ","19-May-2026","939.40","942.00","956.60","939.50","946.90","948.80","947.88","1,72,80,869","16,38,02,27,268.50","7,49,834","86,94,335","50.31"
"SBIN","EQ","18-May-2026","963.20","952.00","954.90","933.90","938.80","939.40","939.86","1,65,54,877","15,55,92,79,361.80","6,08,579","91,99,675","55.57"
"SBIN","EQ","15-May-2026","979.90","971.20","972.50","957.00","961.60","963.20","966.70","2,69,72,493","26,07,43,90,324.80","2,98,397","1,67,82,316","62.22"
"SBIN","EQ","14-May-2026","970.10","973.50","987.00","963.60","982.30","979.90","977.65","1,64,87,142","16,11,85,77,818.20","2,60,699","58,98,688","35.78"
"SBIN","EQ","13-May-2026","974.60","978.00","981.20","961.20","971.00","970.10","972.53","1,75,84,580","17,10,15,94,137.40","3,13,800","67,24,500","38.24"
"SBIN","EQ","12-May-2026","973.60","976.90","981.40","962.40","976.10","974.60","972.20","2,57,87,092","25,07,01,26,165.50","4,43,183","1,11,36,191","43.19"
"SBIN","EQ","11-May-2026","1,019.30","1,007.00","1,007.00","971.10","974.90","973.60","980.59","4,69,27,396","46,01,67,55,311.20","10,16,193","2,83,16,556","60.34"
"SBIN","EQ","08-May-2026","1,092.00","1,090.00","1,095.00","1,010.90","1,018.40","1,019.30","1,037.45","4,80,65,909","49,86,58,87,970.40","5,92,384","2,17,94,655","45.34"
"SBIN","EQ","07-May-2026","1,096.00","1,106.00","1,108.00","1,086.10","1,092.90","1,092.00","1,094.08","1,61,05,163","17,62,03,07,945.50","2,61,618","71,78,302","44.57"
"SBIN","EQ","06-May-2026","1,059.90","1,072.00","1,101.10","1,061.20","1,099.00","1,096.00","1,078.83","1,43,84,779","15,51,86,91,513.00","1,96,273","73,70,433","51.24"
"SBIN","EQ","05-May-2026","1,068.40","1,060.60","1,068.50","1,049.40","1,060.00","1,059.90","1,060.29","1,21,94,631","12,92,98,32,753.60","2,22,176","45,66,629","37.45"
"SBIN","EQ","04-May-2026","1,068.45","1,063.60","1,089.10","1,063.60","1,067.50","1,068.40","1,076.63","1,16,93,211","12,58,92,90,717.10","1,62,818","68,87,314","58.90"
"SBIN","EQ","30-Apr-2026","1,086.90","1,075.00","1,077.70","1,063.00","1,071.95","1,068.45","1,069.56","1,42,69,539","15,26,21,34,052.95","2,29,719","66,70,067","46.74"
"SBIN","EQ","29-Apr-2026","1,091.30","1,094.00","1,105.00","1,084.25","1,088.40","1,086.90","1,095.45","1,06,11,104","11,62,39,09,330.20","1,70,982","59,16,997","55.76"
"SBIN","EQ","28-Apr-2026","1,111.85","1,102.30","1,110.50","1,089.15","1,093.40","1,091.30","1,097.54","1,07,27,835","11,77,42,70,966.60","1,77,701","44,93,353","41.88"
"SBIN","EQ","27-Apr-2026","1,101.10","1,110.95","1,114.80","1,103.40","1,112.00","1,111.85","1,109.38","1,16,24,385","12,89,58,62,719.15","1,89,849","67,27,510","57.87"
"SBIN","EQ","24-Apr-2026","1,094.25","1,091.35","1,106.00","1,090.05","1,100.95","1,101.10","1,097.12","1,37,74,745","15,11,26,01,707.60","1,94,209","85,80,511","62.29"
"SBIN","EQ","23-Apr-2026","1,103.30","1,095.00","1,101.90","1,082.20","1,095.00","1,094.25","1,094.33","1,36,69,001","14,95,84,31,258.25","1,67,995","63,38,319","46.37"
"SBIN","EQ","22-Apr-2026","1,111.85","1,110.00","1,117.85","1,100.10","1,103.20","1,103.30","1,105.72","1,24,12,659","13,72,49,65,676.75","1,73,846","74,07,492","59.68"
"SBIN","EQ","21-Apr-2026","1,107.85","1,113.40","1,114.75","1,105.95","1,111.70","1,111.85","1,111.12","1,69,63,734","18,84,88,12,927.20","2,21,554","86,69,708","51.11"
"SBIN","EQ","20-Apr-2026","1,080.25","1,080.30","1,120.95","1,075.85","1,104.00","1,107.85","1,109.38","3,11,79,584","34,59,01,40,615.20","4,09,719","1,82,83,825","58.64"
"SBIN","EQ","17-Apr-2026","1,067.15","1,067.00","1,082.15","1,060.00","1,080.30","1,080.25","1,073.16","1,68,23,879","18,05,46,41,934.60","1,74,866","1,06,92,540","63.56"
"SBIN","EQ","16-Apr-2026","1,071.50","1,078.00","1,084.15","1,062.00","1,066.70","1,067.15","1,070.72","2,03,13,165","21,74,96,45,347.50","2,74,626","87,16,041","42.91"
"SBIN","EQ","15-Apr-2026","1,063.55","1,076.00","1,088.00","1,068.20","1,070.90","1,071.50","1,074.29","1,61,95,810","17,39,90,74,468.45","2,52,841","77,07,583","47.59"
"SBIN","EQ","13-Apr-2026","1,066.70","1,042.00","1,067.25","1,030.00","1,062.00","1,063.55","1,052.98","1,77,63,348","18,70,44,99,526.45","2,43,852","70,09,975","39.46"
"SBIN","EQ","10-Apr-2026","1,040.95","1,049.00","1,069.45","1,046.15","1,066.00","1,066.70","1,060.04","1,78,61,336","18,93,37,89,461.05","2,50,442","91,54,450","51.25"
"SBIN","EQ","09-Apr-2026","1,061.45","1,060.10","1,064.35","1,038.30","1,040.45","1,040.95","1,047.89","2,47,72,948","25,95,92,68,796.15","3,00,821","1,08,26,945","43.70"
"SBIN","EQ","08-Apr-2026","1,030.40","1,074.00","1,077.80","1,059.45","1,065.00","1,061.45","1,068.54","2,85,33,742","30,48,95,01,233.80","3,15,463","1,46,82,235","51.46"
"SBIN","EQ","07-Apr-2026","1,032.75","1,025.00","1,033.70","1,012.00","1,028.00","1,030.40","1,024.42","1,50,21,291","15,38,81,04,655.30","2,18,422","53,50,752","35.62"
"SBIN","EQ","06-Apr-2026","1,018.40","1,020.00","1,035.70","1,005.05","1,033.40","1,032.75","1,020.29","2,35,76,634","24,05,50,71,594.35","3,32,091","1,11,50,138","47.29"
"SBIN","EQ","02-Apr-2026","1,017.80","1,000.00","1,026.00","977.90","1,018.00","1,018.40","1,000.77","2,07,77,629","20,79,36,42,441.60","3,88,413","85,23,263","41.02"
"SBIN","EQ","01-Apr-2026","979.40","1,008.00","1,031.00","998.45","1,018.00","1,017.80","1,014.18","1,74,24,479","17,67,14,92,961.35","2,50,727","79,17,435","45.44"
"SBIN","EQ","30-Mar-2026","1,019.50","1,005.00","1,009.40","975.80","980.80","979.40","988.29","2,14,38,137","21,18,70,26,528.40","3,14,799","93,71,295","43.71"
"SBIN","EQ","27-Mar-2026","1,060.60","1,051.30","1,055.30","1,013.00","1,019.20","1,019.50","1,032.18","2,04,45,349","21,10,31,78,751.60","4,44,041","1,27,03,916","62.14"
"SBIN","EQ","25-Mar-2026","1,030.80","1,043.00","1,065.50","1,043.00","1,062.60","1,060.60","1,057.61","1,62,05,333","17,13,88,77,668.20","2,51,103","75,37,854","46.51"
"SBIN","EQ","24-Mar-2026","1,031.90","1,055.20","1,059.00","1,020.00","1,038.00","1,030.80","1,035.19","3,04,16,734","31,48,69,65,633.00","3,10,955","1,57,12,404","51.66"
"SBIN","EQ","23-Mar-2026","1,058.00","1,039.00","1,045.60","1,014.20","1,030.10","1,031.90","1,031.01","1,60,39,603","16,53,69,23,041.30","3,35,720","84,61,504","52.75"
"SBIN","EQ","20-Mar-2026","1,048.90","1,058.40","1,085.00","1,054.00","1,058.30","1,058.00","1,068.90","1,77,48,625","18,97,14,44,649.60","4,97,694","98,30,264","55.39"
"SBIN","EQ","19-Mar-2026","1,069.80","1,049.50","1,059.70","1,041.00","1,052.60","1,048.90","1,049.88","1,34,31,191","14,10,11,19,020.20","3,76,097","63,79,272","47.50"
"SBIN","EQ","18-Mar-2026","1,064.70","1,067.50","1,075.40","1,061.30","1,069.00","1,069.80","1,067.78","1,07,49,915","11,47,85,33,827.70","2,40,312","53,25,014","49.54"
"SBIN","EQ","17-Mar-2026","1,066.70","1,073.90","1,073.90","1,047.00","1,063.20","1,064.70","1,059.34","1,64,27,877","17,40,27,02,221.10","3,20,717","53,38,861","32.50"
"SBIN","EQ","16-Mar-2026","1,047.00","1,048.70","1,073.00","1,036.10","1,063.90","1,066.70","1,055.71","1,53,22,269","16,17,59,24,213.10","2,57,314","83,60,612","54.57"
"SBIN","EQ","13-Mar-2026","1,085.20","1,077.50","1,081.30","1,042.30","1,046.00","1,047.00","1,056.49","1,59,78,675","16,88,13,34,704.90","3,26,824","1,04,23,369","65.23"
"SBIN","EQ","12-Mar-2026","1,091.10","1,075.10","1,098.00","1,070.50","1,085.00","1,085.20","1,080.46","1,46,14,140","15,79,00,03,178.60","2,90,778","74,82,048","51.20"
"SBIN","EQ","11-Mar-2026","1,112.20","1,113.40","1,115.90","1,088.00","1,090.80","1,091.10","1,101.70","83,64,878","9,21,55,95,730.70","1,95,732","46,73,445","55.87"
"SBIN","EQ","10-Mar-2026","1,098.50","1,111.10","1,119.90","1,104.50","1,114.00","1,112.20","1,111.52","1,74,91,459","19,44,21,47,785.60","2,51,051","95,66,402","54.69"
"SBIN","EQ","09-Mar-2026","1,143.00","1,115.00","1,115.00","1,064.30","1,101.60","1,098.50","1,082.98","2,46,31,198","26,67,50,40,947.80","5,01,841","1,30,24,138","52.88"
"SBIN","EQ","06-Mar-2026","1,169.50","1,168.50","1,169.30","1,138.00","1,139.80","1,143.00","1,153.49","2,03,33,328","23,45,43,47,093.10","2,65,693","1,38,55,646","68.14"
"SBIN","EQ","05-Mar-2026","1,174.50","1,181.00","1,183.20","1,150.60","1,168.50","1,169.50","1,165.03","2,21,00,665","25,74,78,50,416.00","2,81,615","1,42,95,949","64.69"
"SBIN","EQ","04-Mar-2026","1,189.90","1,172.10","1,182.70","1,157.60","1,173.30","1,174.50","1,167.00","1,38,55,065","16,16,89,08,771.70","2,78,411","84,36,616","60.89"
"SBIN","EQ","02-Mar-2026","1,201.70","1,185.00","1,197.30","1,179.40","1,189.50","1,189.90","1,187.73","1,62,70,835","19,32,53,97,511.40","2,95,263","90,08,139","55.36"
"SBIN","EQ","27-Feb-2026","1,209.50","1,207.00","1,211.80","1,198.60","1,201.80","1,201.70","1,202.73","1,07,00,355","12,86,96,17,331.00","1,77,264","69,85,916","65.29"
"SBIN","EQ","26-Feb-2026","1,200.10","1,201.00","1,215.40","1,188.90","1,210.50","1,209.50","1,200.90","1,61,96,052","19,44,98,08,133.20","3,24,026","98,11,625","60.58"
"SBIN","EQ","25-Feb-2026","1,223.30","1,228.10","1,228.10","1,197.50","1,199.30","1,200.10","1,205.52","1,95,81,100","23,60,54,63,052.30","2,57,788","1,37,87,323","70.41"
"SBIN","EQ","24-Feb-2026","1,227.80","1,232.00","1,234.70","1,219.70","1,227.00","1,223.30","1,225.16","1,57,88,449","19,34,33,95,463.90","2,54,767","97,99,064","62.06"
"SBIN","EQ","23-Feb-2026","1,216.10","1,222.00","1,231.10","1,217.10","1,228.90","1,227.80","1,225.65","97,33,835","11,93,03,12,522.80","2,01,974","59,06,884","60.68"
"SBIN","EQ","20-Feb-2026","1,205.70","1,206.20","1,218.00","1,201.80","1,216.20","1,216.10","1,210.22","99,58,162","12,05,15,77,245.80","1,99,855","53,95,542","54.18"
"SBIN","EQ","19-Feb-2026","1,218.90","1,222.90","1,224.90","1,199.20","1,203.00","1,205.70","1,211.52","96,30,899","11,66,80,64,853.60","1,77,689","46,84,664","48.64"
"SBIN","EQ","18-Feb-2026","1,213.40","1,218.80","1,224.10","1,214.00","1,219.20","1,218.90","1,218.94","1,04,17,264","12,69,80,07,439.70","2,55,363","62,48,563","59.98"
"SBIN","EQ","17-Feb-2026","1,208.10","1,206.10","1,225.50","1,204.10","1,213.60","1,213.40","1,217.00","2,01,07,196","24,47,04,27,537.50","2,67,679","1,15,13,885","57.26"
"SBIN","EQ","16-Feb-2026","1,198.60","1,194.00","1,212.30","1,185.30","1,210.70","1,208.10","1,194.69","1,49,72,739","17,88,78,42,649.00","2,71,610","89,08,625","59.50"
"SBIN","EQ","13-Feb-2026","1,192.40","1,189.00","1,201.00","1,184.50","1,196.30","1,198.60","1,194.68","1,81,41,390","21,67,31,30,087.90","2,26,098","1,14,64,332","63.19"
"SBIN","EQ","12-Feb-2026","1,182.90","1,183.00","1,203.70","1,174.80","1,192.00","1,192.40","1,193.67","3,32,14,985","39,64,75,77,372.20","3,76,330","1,99,57,777","60.09"
"SBIN","EQ","11-Feb-2026","1,144.10","1,144.70","1,187.50","1,142.80","1,181.10","1,182.90","1,173.34","2,94,91,859","34,60,39,03,117.40","4,01,532","1,77,01,261","60.02"
"SBIN","EQ","10-Feb-2026","1,146.00","1,151.00","1,154.00","1,138.10","1,142.20","1,144.10","1,143.87","1,72,80,036","19,76,61,73,365.40","2,50,192","1,05,16,689","60.86"
"SBIN","EQ","09-Feb-2026","1,066.40","1,120.00","1,150.00","1,100.50","1,147.80","1,146.00","1,134.48","4,08,52,966","46,34,66,94,652.10","6,70,729","2,18,65,606","53.52"
"SBIN","EQ","06-Feb-2026","1,073.50","1,070.00","1,073.60","1,051.00","1,066.00","1,066.40","1,061.27","70,41,557","7,47,30,00,431.60","1,49,134","39,04,344","55.45"
"SBIN","EQ","05-Feb-2026","1,068.20","1,068.20","1,081.00","1,067.50","1,072.90","1,073.50","1,073.99","95,51,567","10,25,82,74,381.40","3,07,940","63,09,756","66.06"
"SBIN","EQ","04-Feb-2026","1,064.20","1,064.20","1,073.90","1,056.30","1,067.30","1,068.20","1,068.30","73,12,276","7,81,17,36,404.20","2,70,312","51,07,562","69.85"
"SBIN","EQ","03-Feb-2026","1,028.70","1,087.00","1,089.80","1,040.30","1,062.10","1,064.20","1,060.86","1,61,29,381","17,11,10,94,374.70","2,43,054","96,49,437","59.83"
"SBIN","EQ","02-Feb-2026","1,018.20","1,019.90","1,031.30","990.00","1,026.50","1,028.70","1,012.48","1,44,34,549","14,61,46,79,105.50","3,04,031","70,93,883","49.15"
"SBIN","EQ","01-Feb-2026","1,077.15","1,076.00","1,083.60","988.30","1,020.00","1,018.20","1,037.87","1,20,51,593","12,50,79,54,389.60","2,87,388","43,10,120","35.76"
"SBIN","EQ","30-Jan-2026","1,066.20","1,064.00","1,082.50","1,060.40","1,077.00","1,077.15","1,074.86","94,80,769","10,19,04,75,730.05","1,67,283","56,49,219","59.59"
"SBIN","EQ","29-Jan-2026","1,063.50","1,063.00","1,075.00","1,060.30","1,067.25","1,066.20","1,069.34","1,48,00,724","15,82,69,62,918.10","2,40,283","1,00,56,175","67.94"
"SBIN","EQ","28-Jan-2026","1,053.15","1,059.40","1,065.60","1,044.15","1,062.65","1,063.50","1,058.02","1,21,71,257","12,87,73,93,890.40","1,85,549","74,96,477","61.59"
"SBIN","EQ","27-Jan-2026","1,029.50","1,034.10","1,055.00","1,030.25","1,053.00","1,053.15","1,044.18","1,44,20,630","15,05,77,19,793.40","2,25,915","72,73,214","50.44"
"SBIN","EQ","23-Jan-2026","1,048.35","1,051.90","1,053.00","1,025.60","1,028.40","1,029.50","1,038.67","1,09,17,698","11,33,98,54,282.00","2,06,940","68,60,438","62.84"
"SBIN","EQ","22-Jan-2026","1,028.65","1,035.00","1,055.50","1,034.05","1,050.20","1,048.35","1,046.47","1,20,01,641","12,55,93,74,596.45","2,30,274","71,66,872","59.72"
"SBIN","EQ","21-Jan-2026","1,036.40","1,032.00","1,040.60","1,022.00","1,029.45","1,028.65","1,029.89","74,08,949","7,63,03,93,371.10","1,54,792","43,18,078","58.28"
"SBIN","EQ","20-Jan-2026","1,038.40","1,039.75","1,052.00","1,033.05","1,034.25","1,036.40","1,040.41","89,05,718","9,26,56,15,104.20","1,94,593","54,45,587","61.15"
"SBIN","EQ","19-Jan-2026","1,042.30","1,035.00","1,043.60","1,034.00","1,038.50","1,038.40","1,039.62","54,60,164","5,67,64,88,821.30","1,50,416","32,87,159","60.20"
"SBIN","EQ","16-Jan-2026","1,028.35","1,032.00","1,047.45","1,028.40","1,040.60","1,042.30","1,039.49","1,10,51,580","11,48,79,65,930.15","2,47,268","73,05,291","66.10"
"SBIN","EQ","14-Jan-2026","1,028.45","1,030.00","1,030.40","1,020.50","1,030.00","1,028.35","1,026.09","73,70,514","7,56,27,77,097.55","1,31,534","37,57,925","50.99"
"SBIN","EQ","13-Jan-2026","1,015.15","1,022.80","1,029.50","1,016.00","1,028.50","1,028.45","1,025.20","1,10,16,895","11,29,44,65,857.40","1,65,775","69,11,009","62.73"
"SBIN","EQ","12-Jan-2026","1,000.50","1,008.00","1,017.25","996.00","1,014.50","1,015.15","1,006.21","76,17,922","7,66,52,02,773.25","1,61,160","41,60,641","54.62"
"SBIN","EQ","09-Jan-2026","998.00","996.00","1,008.00","994.00","1,000.05","1,000.50","1,001.78","78,09,460","7,82,33,67,726.70","1,27,785","42,72,745","54.71"
"SBIN","EQ","08-Jan-2026","1,007.15","1,006.60","1,011.60","995.85","997.60","998.00","1,001.81","68,54,268","6,86,66,84,538.70","1,84,563","38,17,691","55.70"
"SBIN","EQ","07-Jan-2026","1,018.90","1,022.70","1,022.70","1,004.00","1,006.90","1,007.15","1,009.83","78,96,720","7,97,43,67,341.70","1,40,422","49,07,366","62.14"
"SBIN","EQ","06-Jan-2026","1,005.55","1,007.95","1,024.00","1,004.95","1,018.05","1,018.90","1,018.15","95,75,742","9,74,95,19,544.45","2,23,012","56,59,882","59.11"
"SBIN","EQ","05-Jan-2026","998.95","1,000.00","1,015.50","1,000.00","1,005.40","1,005.55","1,007.59","1,12,59,060","11,34,45,53,289.35","1,83,843","67,42,218","59.88"
"SBIN","EQ","02-Jan-2026","984.75","984.50","1,009.50","983.95","1,005.65","998.95","993.34","73,57,435","7,30,83,98,803.40","1,17,850","44,18,601","60.06"
"SBIN","EQ","01-Jan-2026","982.20","983.20","987.65","980.35","984.60","984.75","984.57","43,28,348","4,26,15,71,218.05","95,120","23,82,544","55.05"
"SBIN","EQ","31-Dec-2025","973.45","975.25","985.65","973.50","982.40","982.20","982.00","58,07,630","5,70,30,85,644.85","1,09,225","38,34,684","66.03"
"SBIN","EQ","30-Dec-2025","965.05","963.00","976.20","959.50","973.10","973.45","971.99","1,50,30,644","14,60,96,77,358.80","2,21,265","1,10,34,482","73.41"
"SBIN","EQ","29-Dec-2025","966.30","966.90","968.90","961.45","965.70","965.05","965.03","52,67,233","5,08,30,23,420.70","1,43,589","36,21,874","68.76"
"SBIN","EQ","26-Dec-2025","968.95","968.95","971.00","964.75","966.50","966.30","967.50","32,86,321","3,17,95,13,466.20","1,01,940","19,28,614","58.69"
"SBIN","EQ","24-Dec-2025","971.90","973.20","977.30","967.50","968.85","968.95","972.14","41,05,643","3,99,12,79,807.90","1,27,471","20,78,323","50.62"
"SBIN","EQ","23-Dec-2025","974.30","976.30","977.55","970.70","971.25","971.90","973.41","51,23,287","4,98,70,59,431.55","1,42,849","30,76,142","60.04"
"SBIN","EQ","22-Dec-2025","980.30","981.10","983.00","972.55","974.50","974.30","975.83","59,59,037","5,81,50,17,507.75","1,72,900","38,25,938","64.20"
"SBIN","EQ","19-Dec-2025","977.55","979.95","982.00","977.05","980.00","980.30","979.90","53,76,584","5,26,85,18,860.00","1,05,980","38,58,700","71.77"
"SBIN","EQ","18-Dec-2025","975.85","977.90","981.45","973.50","976.50","977.55","977.85","49,26,879","4,81,77,42,809.15","1,23,255","28,66,960","58.19"
"SBIN","EQ","17-Dec-2025","961.15","965.55","978.50","964.30","976.35","975.85","974.78","80,13,382","7,81,13,01,076.05","1,57,698","44,03,763","54.96"
"SBIN","EQ","16-Dec-2025","967.25","966.05","969.00","958.05","960.00","961.15","963.41","47,64,786","4,59,04,46,166.50","1,61,741","25,64,613","53.82"
"SBIN","EQ","15-Dec-2025","963.15","957.25","968.85","957.25","966.10","967.25","964.79","44,16,952","4,26,14,35,766.60","1,36,982","23,93,856","54.20"
"SBIN","EQ","12-Dec-2025","963.25","966.00","967.00","958.00","962.60","963.15","961.54","56,81,930","5,46,34,20,185.10","1,29,140","37,81,173","66.55"
"SBIN","EQ","11-Dec-2025","959.75","962.10","966.50","958.45","962.60","963.25","962.82","59,79,035","5,75,67,26,765.50","1,54,525","34,60,867","57.88"
"SBIN","EQ","10-Dec-2025","959.35","960.10","963.95","955.25","958.00","959.75","958.76","69,89,178","6,70,09,63,054.35","1,30,262","46,97,040","67.20"
"SBIN","EQ","09-Dec-2025","956.40","954.80","964.00","950.45","960.50","959.35","959.08","95,80,294","9,18,83,00,245.95","1,96,017","47,33,387","49.41"
"SBIN","EQ","08-Dec-2025","971.50","970.85","972.50","951.70","955.40","956.40","957.71","1,53,86,438","14,73,57,61,731.15","2,01,129","95,60,791","62.14"
"SBIN","EQ","05-Dec-2025","948.10","948.85","973.30","946.70","971.70","971.50","961.57","1,73,47,847","16,68,12,38,338.60","1,90,193","89,19,256","51.41"
"SBIN","EQ","04-Dec-2025","951.05","951.05","952.55","944.45","948.80","948.10","947.46","1,36,22,724","12,90,70,04,315.15","2,72,677","1,00,93,237","74.09"
"SBIN","EQ","03-Dec-2025","967.30","970.45","972.55","947.55","950.80","951.05","952.61","1,40,51,968","13,38,59,90,295.85","2,33,255","97,86,367","69.64"
"SBIN","EQ","02-Dec-2025","973.10","976.00","980.45","964.90","969.90","967.30","973.23","1,34,44,314","13,08,43,53,756.45","1,77,697","84,60,301","62.93"
"SBIN","EQ","01-Dec-2025","979.00","985.45","991.20","969.85","972.60","973.10","979.16","88,08,306","8,62,47,52,864.45","2,37,856","46,72,529","53.05"
"SBIN","EQ","28-Nov-2025","972.85","976.80","983.00","973.05","976.35","979.00","978.89","81,17,842","7,94,64,40,355.00","1,50,394","49,45,604","60.92"
"SBIN","EQ","27-Nov-2025","983.90","986.70","988.55","968.90","973.00","972.85","975.62","1,19,09,168","11,61,88,05,034.20","1,74,267","62,51,102","52.49"
"SBIN","EQ","26-Nov-2025","983.60","986.60","999.00","982.15","983.05","983.90","989.40","1,39,43,490","13,79,56,95,016.85","1,78,538","84,80,096","60.82"
"SBIN","EQ","25-Nov-2025","970.60","975.55","988.95","971.35","983.50","983.60","983.32","91,40,201","8,98,77,62,034.90","2,07,975","47,82,863","52.33"
"SBIN","EQ","24-Nov-2025","972.60","975.55","977.70","968.05","969.70","970.60","972.30","99,01,946","9,62,76,96,202.40","1,12,062","64,65,112","65.29"
"SBIN","EQ","21-Nov-2025","981.55","979.70","980.60","971.05","972.45","972.60","975.11","53,77,241","5,24,34,09,986.15","1,13,553","35,26,428","65.58"
"SBIN","EQ","20-Nov-2025","982.75","986.00","986.60","979.35","981.05","981.55","982.12","64,40,857","6,32,56,85,464.10","1,39,178","38,56,730","59.88"
"SBIN","EQ","19-Nov-2025","972.45","972.45","984.45","968.80","980.50","982.75","979.31","82,91,226","8,11,96,87,856.80","1,42,097","49,14,972","59.28"
"SBIN","EQ","18-Nov-2025","973.35","975.60","976.70","968.85","971.30","972.45","972.74","65,94,686","6,41,49,42,374.65","1,07,945","35,96,058","54.53"
"SBIN","BL","18-Nov-2025","861.50","973.35","973.35","973.35","973.35","973.35","973.35","72,75,312","7,08,14,24,935.20","1","-","-"
"SBIN","EQ","17-Nov-2025","967.85","971.00","976.00","968.50","973.00","973.35","973.09","74,15,026","7,21,54,88,915.05","1,17,287","47,33,813","63.84"
"SBIN","EQ","14-Nov-2025","954.00","952.95","969.05","952.00","967.95","967.85","962.38","1,10,32,927","10,61,78,44,264.95","1,91,862","71,01,035","64.36"
"SBIN","EQ","13-Nov-2025","957.15","954.25","963.95","952.45","954.90","954.00","957.93","88,94,441","8,52,02,61,380.70","1,64,831","50,37,758","56.64"
"SBIN","EQ","12-Nov-2025","953.30","957.70","961.55","951.40","953.70","957.15","958.12","70,43,323","6,74,83,39,960.10","1,35,063","40,74,618","57.85"
"SBIN","EQ","11-Nov-2025","951.15","953.60","954.95","945.05","954.00","953.30","951.16","86,48,917","8,22,64,98,757.95","1,94,994","46,57,015","53.85"
"SBIN","EQ","10-Nov-2025","955.85","956.00","963.20","949.10","950.55","951.15","952.71","73,43,249","6,99,59,81,463.75","1,52,876","38,97,836","53.08"
"SBIN","EQ","07-Nov-2025","960.75","958.75","964.85","944.00","954.80","955.85","955.55","1,33,71,323","12,77,70,09,240.45","2,13,279","79,59,780","59.53"
"SBIN","EQ","06-Nov-2025","957.60","969.65","971.40","955.30","959.85","960.75","962.26","2,30,88,096","22,21,66,70,805.60","2,95,608","1,33,97,703","58.03"
"SBIN","EQ","04-Nov-2025","949.70","951.00","959.30","941.50","954.60","957.60","951.24","1,91,54,518","18,22,05,10,218.85","2,74,272","47,14,905","24.62"
"SBIN","EQ","03-Nov-2025","937.00","938.75","953.40","937.50","948.60","949.70","948.05","1,17,44,735","11,13,46,10,778.15","2,57,905","44,40,992","37.81"
"SBIN","EQ","31-Oct-2025","934.35","934.90","946.70","930.25","937.50","937.00","939.16","1,20,78,252","11,34,33,69,670.65","2,61,943","66,09,718","54.72"
"SBIN","T0","31-Oct-2025","934.35","940.00","940.00","940.00","940.00","937.00","940.00","1","940.00","1","1","100.00"
"SBIN","EQ","30-Oct-2025","939.75","939.45","944.90","933.05","934.50","934.35","938.89","1,30,44,473","12,24,72,65,996.75","2,48,310","57,13,901","43.80"
"SBIN","T0","30-Oct-2025","939.75","931.00","931.00","931.00","931.00","934.35","931.00","1","931.00","1","1","100.00"
"SBIN","EQ","29-Oct-2025","930.25","933.90","942.05","930.25","939.00","939.75","937.90","1,23,14,222","11,54,94,98,004.30","2,38,682","62,58,775","50.83"
"SBIN","EQ","28-Oct-2025","922.75","927.10","935.85","917.70","930.50","930.25","927.38","2,20,66,289","20,46,37,62,333.00","3,33,815","1,09,43,585","49.59"
"SBIN","T0","27-Oct-2025","904.50","910.00","920.00","910.00","920.00","922.75","915.00","2","1,830.00","2","-","-"
"SBIN","EQ","27-Oct-2025","904.50","906.95","928.00","906.00","926.90","922.75","918.09","91,50,761","8,40,12,63,077.15","1,79,901","54,28,432","59.32"
"SBIN","EQ","24-Oct-2025","911.55","910.95","914.10","900.95","904.00","904.50","905.66","53,13,227","4,81,19,92,307.85","1,73,275","21,23,446","39.97"
"SBIN","EQ","23-Oct-2025","907.85","912.00","918.00","904.80","909.10","911.55","913.11","1,33,82,769","12,21,99,45,497.55","3,38,233","84,33,759","63.02"
"SBIN","EQ","21-Oct-2025","907.50","908.00","910.00","906.40","907.05","907.85","907.99","17,83,576","1,61,94,77,226.40","51,138","10,97,286","61.54"
"SBIN","EQ","20-Oct-2025","889.15","894.60","913.65","891.05","907.00","907.50","905.33","1,35,46,463","12,26,40,27,405.35","2,41,758","61,92,509","45.71"
"SBIN","T0","20-Oct-2025","889.15","907.00","907.00","907.00","907.00","907.50","907.00","1","907.00","1","1","100.00"
"SBIN","EQ","17-Oct-2025","886.95","887.50","894.75","883.00","888.00","889.15","888.75","85,11,854","7,56,49,50,031.25","2,31,474","38,38,989","45.10"
"SBIN","T0","16-Oct-2025","886.10","889.00","890.10","889.00","890.10","886.95","889.55","2","1,779.10","2","1","50.00"
"SBIN","EQ","16-Oct-2025","886.10","888.30","891.85","882.45","886.20","886.95","887.32","84,93,686","7,53,65,87,997.50","2,69,552","48,79,105","57.44"
"SBIN","EQ","15-Oct-2025","876.95","878.10","887.50","877.05","886.90","886.10","884.42","82,69,225","7,31,35,05,128.55","2,46,174","48,61,701","58.79"
"SBIN","T0","15-Oct-2025","876.95","885.00","890.00","885.00","887.00","886.10","887.33","3","2,662.00","3","1","33.33"
"SBIN","EQ","14-Oct-2025","882.95","883.00","884.15","872.10","876.00","876.95","876.97","76,81,973","6,73,68,96,799.30","1,34,593","30,64,779","39.90"
"SBIN","EQ","13-Oct-2025","880.65","879.00","888.10","876.00","884.00","882.95","884.03","1,19,23,143","10,54,03,93,655.95","1,98,375","65,28,484","54.75"
"SBIN","T0","13-Oct-2025","880.65","880.65","893.00","880.65","885.00","882.95","886.91","8","7,095.30","8","2","25.00"
"SBIN","T0","10-Oct-2025","862.10","871.00","871.00","870.85","870.85","880.65","870.90","3","2,612.70","3","3","100.00"
"SBIN","EQ","10-Oct-2025","862.10","862.10","883.75","861.30","881.25","880.65","879.53","1,37,13,015","12,06,10,33,018.65","1,91,535","72,96,399","53.21"
"SBIN","EQ","09-Oct-2025","858.25","861.60","865.80","858.10","861.40","862.10","861.48","70,20,501","6,04,80,14,878.90","1,21,377","29,84,085","42.51"
"SBIN","EQ","08-Oct-2025","864.70","866.80","867.80","857.25","857.30","858.25","860.69","71,56,112","6,15,92,18,647.30","1,29,510","31,96,676","44.67"
"SBIN","BL","08-Oct-2025","870.00","861.50","861.50","861.50","861.50","861.50","861.50","5,41,064","46,61,26,636.00","1","-","-"
"SBIN","BL","07-Oct-2025","601.30","870.00","870.00","870.00","870.00","870.00","870.00","5,41,065","47,07,26,550.00","1","-","-"
"SBIN","EQ","07-Oct-2025","874.05","874.15","877.00","863.00","864.15","864.70","868.32","92,42,580","8,02,55,23,526.10","1,67,126","38,36,557","41.51"
"SBIN","EQ","06-Oct-2025","867.30","868.00","875.30","862.80","873.80","874.05","868.71","78,20,352","6,79,36,31,063.50","1,64,571","31,54,409","40.34"
"SBIN","T0","03-Oct-2025","864.10","865.00","865.00","865.00","865.00","867.30","865.00","2","1,730.00","2","2","100.00"
"SBIN","EQ","03-Oct-2025","864.10","865.15","873.00","863.80","867.70","867.30","867.43","80,19,442","6,95,62,90,461.70","1,54,834","33,06,577","41.23"
"SBIN","EQ","01-Oct-2025","872.45","872.30","876.45","862.80","865.15","864.10","866.79","1,08,32,384","9,38,94,46,664.65","2,18,205","46,93,297","43.33"
"SBIN","EQ","30-Sep-2025","870.75","869.95","877.60","867.60","873.70","872.45","873.54","1,28,31,593","11,20,88,95,455.70","2,05,386","62,78,457","48.93"
"SBIN","EQ","29-Sep-2025","856.95","858.05","873.50","856.00","870.25","870.75","868.13","2,26,41,712","19,65,59,96,220.15","1,92,001","1,60,60,485","70.93"
"SBIN","EQ","26-Sep-2025","861.15","862.00","864.35","853.00","857.00","856.95","857.34","69,59,545","5,96,66,77,885.80","1,58,616","37,08,594","53.29"
"SBIN","EQ","25-Sep-2025","866.20","866.55","870.15","859.95","861.45","861.15","864.66","86,78,821","7,50,41,97,402.95","1,90,936","47,80,326","55.08"
"SBIN","EQ","24-Sep-2025","870.60","876.00","880.50","864.45","866.15","866.20","872.28","1,28,40,160","11,20,02,49,246.85","2,19,731","68,55,311","53.39"
"SBIN","T0","24-Sep-2025","870.60","874.95","874.95","862.90","865.20","866.20","866.65","5","4,333.25","5","1","20.00"
"SBIN","EQ","23-Sep-2025","855.25","854.60","874.25","851.20","869.60","870.60","866.65","1,43,57,863","12,44,31,85,268.45","2,18,373","72,16,250","50.26"
"SBIN","EQ","22-Sep-2025","862.35","862.00","868.20","854.00","854.70","855.25","860.89","65,94,034","5,67,67,37,180.15","1,58,066","33,01,087","50.06"
"SBIN","EQ","19-Sep-2025","854.35","852.00","864.45","849.30","862.55","862.35","861.00","1,52,06,426","13,09,27,18,216.85","2,46,465","1,02,88,458","67.66"
"SBIN","EQ","18-Sep-2025","857.15","858.65","860.80","851.10","854.10","854.35","855.42","1,04,00,847","8,89,70,51,776.00","2,61,925","58,52,962","56.27"
"SBIN","EQ","17-Sep-2025","831.55","834.30","858.15","831.00","856.90","857.15","847.27","1,72,43,938","14,61,03,49,915.40","2,40,034","82,96,103","48.11"
"SBIN","EQ","16-Sep-2025","824.75","825.10","833.00","821.65","832.65","831.55","829.33","94,67,531","7,85,17,53,614.45","1,76,946","45,27,713","47.82"
"SBIN","EQ","15-Sep-2025","823.55","823.55","827.80","821.10","824.00","824.75","824.82","38,52,494","3,17,76,18,594.55","1,12,933","16,78,632","43.57"
"SBIN","EQ","12-Sep-2025","823.65","824.10","825.80","819.80","823.20","823.55","822.85","50,78,018","4,17,84,28,627.05","97,209","33,22,711","65.43"
"SBIN","EQ","11-Sep-2025","818.20","819.10","825.70","819.00","824.60","823.65","823.20","74,25,055","6,11,22,87,855.00","1,27,782","36,55,874","49.24"
"SBIN","EQ","10-Sep-2025","808.85","812.00","824.60","810.40","818.45","818.20","818.64","72,85,853","5,96,44,83,743.85","1,06,322","43,13,967","59.21"
"SBIN","EQ","09-Sep-2025","808.80","812.00","812.35","805.60","808.00","808.85","808.44","45,67,272","3,69,23,46,687.10","1,04,998","16,24,783","35.57"
"SBIN","EQ","08-Sep-2025","806.60","808.00","813.85","806.80","808.00","808.80","810.20","46,14,227","3,73,84,54,020.95","1,21,620","28,05,764","60.81"
"SBIN","EQ","05-Sep-2025","809.40","811.50","812.50","803.65","806.95","806.60","807.29","51,94,842","4,19,37,21,391.00","1,02,729","24,19,904","46.58"
"SBIN","EQ","04-Sep-2025","812.15","814.65","816.75","808.00","809.85","809.40","811.23","44,71,950","3,62,77,64,983.40","96,652","22,79,579","50.98"
"SBIN","EQ","03-Sep-2025","803.90","804.30","813.30","803.00","813.00","812.15","810.40","42,61,589","3,45,35,82,134.40","87,672","21,90,190","51.39"
"SBIN","EQ","02-Sep-2025","806.05","806.30","810.50","802.65","803.75","803.90","806.45","50,75,460","4,09,31,29,116.75","1,06,989","23,01,086","45.34"
"SBIN","EQ","01-Sep-2025","802.50","803.10","808.30","802.65","805.50","806.05","805.30","56,19,805","4,52,56,56,654.45","1,28,697","31,47,651","56.01"
"SBIN","EQ","29-Aug-2025","801.95","800.70","806.70","798.50","802.40","802.50","803.00","68,61,440","5,50,97,12,391.70","1,27,449","43,61,938","63.57"
"SBIN","T0","28-Aug-2025","807.85","810.00","810.00","810.00","810.00","801.95","810.00","3","2,430.00","2","1","33.33"
"SBIN","EQ","28-Aug-2025","807.85","807.25","811.00","800.65","802.90","801.95","806.19","78,98,436","6,36,76,29,468.00","1,63,534","38,80,080","49.12"
"SBIN","EQ","26-Aug-2025","816.45","814.85","815.85","806.75","808.40","807.85","810.30","69,97,817","5,67,03,32,537.10","1,27,200","43,10,579","61.60"
"SBIN","EQ","25-Aug-2025","816.25","817.45","820.50","814.20","816.50","816.45","817.57","56,72,898","4,63,79,81,705.05","1,76,881","36,05,671","63.56"
"SBIN","EQ","22-Aug-2025","825.70","824.00","826.00","815.70","816.80","816.25","819.33","50,97,647","4,17,66,41,494.85","1,41,389","33,76,839","66.24"
"SBIN","T0","22-Aug-2025","825.70","827.65","827.65","827.65","827.65","816.25","827.65","2","1,655.30","1","2","100.00"
"SBIN","EQ","21-Aug-2025","828.95","828.95","833.25","824.05","824.05","825.70","828.67","44,02,511","3,64,82,16,255.50","1,08,762","15,67,457","35.60"
"SBIN","EQ","20-Aug-2025","830.40","828.70","831.90","827.40","828.90","828.95","829.56","44,93,888","3,72,79,70,038.65","89,785","27,15,546","60.43"
"SBIN","EQ","19-Aug-2025","827.65","827.50","831.00","825.80","829.15","830.40","829.06","50,76,681","4,20,88,57,802.10","1,10,280","31,42,693","61.90"
"SBIN","EQ","18-Aug-2025","826.55","836.00","838.00","825.15","826.20","827.65","829.82","61,38,124","5,09,35,38,559.75","1,36,179","36,83,472","60.01"
"SBIN","T0","18-Aug-2025","826.55","830.00","830.00","829.00","829.00","827.65","829.50","2","1,659.00","2","2","100.00"
"SBIN","EQ","14-Aug-2025","821.85","822.00","828.00","819.10","825.50","826.55","826.02","70,87,573","5,85,44,78,307.95","1,52,716","35,93,064","50.70"
"SBIN","T0","14-Aug-2025","821.85","830.00","830.00","830.00","830.00","826.55","830.00","1","830.00","1","1","100.00"
"SBIN","EQ","13-Aug-2025","820.60","822.65","824.95","820.65","821.55","821.85","822.38","44,47,508","3,65,75,29,878.05","85,625","24,61,882","55.35"
"SBIN","EQ","12-Aug-2025","823.45","824.95","825.50","820.00","821.10","820.60","823.09","79,86,728","6,57,37,58,560.40","2,24,361","46,76,263","58.55"
"SBIN","EQ","11-Aug-2025","804.30","808.00","825.00","808.00","820.80","823.45","820.82","1,52,36,297","12,50,62,19,350.05","2,87,439","83,93,166","55.09"
"SBIN","EQ","08-Aug-2025","805.15","805.00","807.80","790.00","802.50","804.30","801.59","1,57,08,181","12,59,15,58,509.55","2,77,397","59,62,539","37.96"
"SBIN","EQ","07-Aug-2025","805.15","801.10","806.65","793.40","805.60","805.15","799.81","70,91,392","5,67,17,67,724.35","1,34,092","35,93,816","50.68"
"SBIN","EQ","06-Aug-2025","800.60","800.95","810.20","799.00","804.80","805.15","804.39","74,09,396","5,96,00,18,370.35","1,20,510","33,60,473","45.35"
"SBIN","EQ","05-Aug-2025","795.70","798.00","804.05","796.30","800.50","800.60","800.20","73,81,537","5,90,66,92,588.80","1,74,330","43,50,062","58.93"
"SBIN","EQ","04-Aug-2025","794.00","794.50","797.20","786.55","796.80","795.70","792.44","88,20,724","6,98,98,58,237.10","1,69,176","53,73,632","60.92"
"SBIN","EQ","01-Aug-2025","796.55","795.70","801.00","792.00","792.95","794.00","795.49","1,54,68,391","12,30,49,83,591.85","1,80,563","1,14,45,640","73.99"
"SBIN","EQ","31-Jul-2025","801.65","795.10","803.80","792.55","796.00","796.55","798.31","1,13,59,112","9,06,80,69,397.05","1,85,101","59,89,053","52.72"
"SBIN","EQ","30-Jul-2025","799.20","798.95","803.40","796.20","800.00","801.65","800.75","87,43,723","7,00,15,26,821.20","1,19,582","54,38,858","62.20"
"SBIN","EQ","29-Jul-2025","797.15","796.20","800.00","793.10","798.85","799.20","797.21","78,33,759","6,24,51,23,153.40","1,33,563","46,98,526","59.98"
"SBIN","EQ","28-Jul-2025","806.55","806.55","808.95","796.00","796.55","797.15","801.77","77,34,158","6,20,10,51,607.25","2,43,443","48,74,326","63.02"
"SBIN","EQ","25-Jul-2025","815.70","815.00","819.20","805.50","805.90","806.55","810.72","67,34,439","5,45,97,44,200.85","1,55,026","37,70,871","55.99"
"SBIN","EQ","24-Jul-2025","820.65","820.00","821.95","810.65","816.50","815.70","815.53","1,01,18,309","8,25,17,55,595.70","1,97,128","65,65,718","64.89"
"SBIN","EQ","23-Jul-2025","815.00","812.50","825.20","811.50","820.05","820.65","817.03","1,54,70,390","12,63,97,61,432.95","2,21,637","1,10,63,066","71.51"
"SBIN","EQ","22-Jul-2025","824.20","827.50","828.05","814.00","814.65","815.00","819.53","78,51,163","6,43,42,96,996.25","1,46,969","46,02,820","58.63"
"SBIN","EQ","21-Jul-2025","823.35","823.00","827.35","817.95","824.60","824.20","823.65","88,52,594","7,29,14,70,527.50","1,46,624","56,75,757","64.11"
"SBIN","T0","21-Jul-2025","823.35","826.00","826.00","826.00","826.00","824.20","826.00","1","826.00","1","1","100.00"
"SBIN","EQ","18-Jul-2025","829.00","832.00","832.65","820.25","823.00","823.35","823.40","1,53,87,801","12,67,02,69,957.10","1,77,062","1,09,67,785","71.28"
"SBIN","T0","18-Jul-2025","829.00","825.00","825.00","825.00","825.00","823.35","825.00","1","825.00","1","1","100.00"
"SBIN","EQ","17-Jul-2025","831.70","838.40","842.50","826.35","828.75","829.00","834.43","2,30,73,718","19,25,33,23,758.60","2,67,805","1,22,83,837","53.24"
"SBIN","EQ","16-Jul-2025","816.45","816.00","834.20","815.30","830.50","831.70","827.89","1,64,58,920","13,62,62,44,060.15","2,87,903","85,06,197","51.68"
"SBIN","EQ","15-Jul-2025","808.85","811.00","821.00","810.50","816.40","816.45","816.69","92,97,645","7,59,32,79,897.10","1,63,000","46,58,533","50.10"
"SBIN","EQ","14-Jul-2025","808.65","809.80","815.50","808.00","809.10","808.85","810.60","69,38,635","5,62,44,60,859.00","1,12,079","43,38,060","62.52"
"SBIN","EQ","11-Jul-2025","808.00","807.55","812.55","804.55","808.60","808.65","808.72","62,02,372","5,01,59,55,117.90","1,43,253","37,29,014","60.12"
"SBIN","T0","11-Jul-2025","808.00","806.00","806.00","806.00","806.00","808.65","806.00","1","806.00","1","1","100.00"
"SBIN","EQ","10-Jul-2025","810.95","811.30","815.50","806.90","807.55","808.00","810.53","1,21,78,137","9,87,07,66,879.95","1,71,580","76,33,181","62.68"
"SBIN","EQ","09-Jul-2025","812.65","810.00","812.45","809.00","811.00","810.95","810.91","40,99,112","3,32,39,95,623.60","1,71,040","23,20,543","56.61"
"SBIN","EQ","08-Jul-2025","806.85","807.90","813.55","805.35","812.25","812.65","809.46","59,35,770","4,80,47,95,680.55","1,52,435","33,47,019","56.39"
"SBIN","T0","07-Jul-2025","811.85","811.00","811.00","811.00","811.00","806.85","811.00","15","12,165.00","1","15","100.00"
"SBIN","EQ","07-Jul-2025","811.85","811.20","812.65","805.15","807.00","806.85","807.71","44,61,783","3,60,38,40,471.15","1,10,862","25,13,816","56.34"
"SBIN","EQ","04-Jul-2025","807.10","808.75","813.85","804.10","811.25","811.85","808.47","43,19,538","3,49,22,04,634.35","96,453","17,15,122","39.71"
"SBIN","EQ","03-Jul-2025","812.90","813.50","814.50","805.80","807.00","807.10","809.78","70,20,403","5,68,49,73,436.05","1,37,793","30,60,963","43.60"
"SBIN","EQ","02-Jul-2025","820.30","821.00","824.05","809.00","812.70","812.90","814.81","66,61,200","5,42,75,83,829.55","1,21,545","28,92,137","43.42"
"SBIN","EQ","01-Jul-2025","820.35","820.00","824.90","813.25","820.20","820.30","819.76","1,14,56,405","9,39,14,84,331.05","1,57,197","62,22,800","54.32"
"SBIN","EQ","30-Jun-2025","805.40","809.00","821.00","807.05","819.85","820.35","816.64","1,96,52,607","16,04,91,37,157.55","2,49,562","1,12,55,428","57.27"
"SBIN","EQ","27-Jun-2025","797.05","805.00","809.45","802.65","804.55","805.40","805.86","1,93,75,990","15,61,42,54,535.75","2,62,127","1,10,60,747","57.08"
"SBIN","EQ","26-Jun-2025","800.05","802.00","803.35","791.40","796.05","797.05","795.08","2,47,04,402","19,64,19,48,457.00","2,08,543","1,64,05,235","66.41"
"SBIN","EQ","25-Jun-2025","795.40","799.50","803.80","796.10","800.00","800.05","799.91","65,28,324","5,22,20,95,310.00","1,31,096","33,47,834","51.28"
"SBIN","EQ","24-Jun-2025","790.20","799.00","806.65","793.65","795.75","795.40","799.60","1,14,02,190","9,11,71,65,780.85","1,84,002","53,18,397","46.64"
"SBIN","T0","23-Jun-2025","796.15","792.00","792.00","792.00","792.00","790.20","792.00","15","11,880.00","1","15","100.00"
"SBIN","EQ","23-Jun-2025","796.15","790.00","794.95","788.50","790.00","790.20","791.21","55,49,253","4,39,06,04,870.65","1,31,841","29,72,352","53.56"
"SBIN","EQ","20-Jun-2025","785.10","787.50","799.45","786.10","795.25","796.15","794.39","1,13,67,669","9,03,03,30,594.45","1,69,215","69,15,523","60.84"
"SBIN","EQ","19-Jun-2025","791.90","792.35","793.25","781.70","782.60","785.10","786.26","1,18,24,333","9,29,70,45,726.70","2,89,212","65,93,944","55.77"
"SBIN","EQ","18-Jun-2025","792.30","792.50","795.50","788.35","790.40","791.90","791.48","57,10,169","4,51,95,00,759.90","1,36,624","28,43,182","49.79"
"SBIN","EQ","17-Jun-2025","792.50","794.00","798.85","790.55","792.05","792.30","794.06","77,53,156","6,15,64,66,697.60","1,15,931","43,52,316","56.14"
"SBIN","EQ","16-Jun-2025","792.35","792.50","795.40","786.15","793.00","792.50","791.28","80,85,001","6,39,74,93,172.15","1,57,361","41,60,675","51.46"
"SBIN","EQ","13-Jun-2025","805.95","786.25","796.30","786.25","793.30","792.35","792.35","1,13,77,117","9,01,46,34,064.30","1,96,572","61,83,251","54.35"
"SBIN","EQ","12-Jun-2025","815.05","816.00","816.50","801.20","804.00","805.95","809.23","1,34,48,521","10,88,29,09,973.85","1,54,034","82,13,610","61.07"
"SBIN","EQ","11-Jun-2025","817.05","817.00","820.60","813.05","814.40","815.05","817.21","71,97,825","5,88,21,09,303.90","1,09,100","38,44,818","53.42"
"SBIN","EQ","10-Jun-2025","820.05","821.00","822.05","814.60","817.00","817.05","818.07","65,60,513","5,36,69,31,400.75","1,73,698","36,70,247","55.94"
"SBIN","EQ","09-Jun-2025","813.05","817.40","824.50","815.70","820.00","820.05","820.86","1,27,93,040","10,50,13,57,386.30","1,95,288","81,99,107","64.09"
"SBIN","EQ","06-Jun-2025","806.00","806.65","816.45","803.10","812.65","813.05","811.87","1,71,63,935","13,93,49,18,691.45","2,02,699","74,21,034","43.24"
"SBIN","EQ","05-Jun-2025","806.50","808.70","811.70","802.85","806.80","806.00","806.79","1,35,95,507","10,96,86,53,855.65","1,76,672","82,16,020","60.43"
"SBIN","EQ","04-Jun-2025","809.80","817.00","817.00","805.25","805.50","806.50","808.79","96,07,927","7,77,08,21,872.90","1,36,010","57,77,557","60.13"
"SBIN","EQ","03-Jun-2025","813.65","816.20","818.40","805.15","808.20","809.80","811.05","1,42,47,597","11,55,54,79,376.75","1,75,051","86,50,476","60.72"
"SBIN","EQ","02-Jun-2025","812.30","812.85","822.55","809.20","813.50","813.65","814.73","2,68,91,575","21,90,93,10,086.45","2,18,771","1,58,31,348","58.87"
"SBIN","EQ","30-May-2025","797.35","798.00","814.50","792.60","814.00","812.30","807.33","2,20,37,314","17,79,12,79,933.65","2,17,715","1,46,41,733","66.44"
"SBIN","EQ","29-May-2025","796.55","799.00","800.40","791.35","798.10","797.35","794.95","1,40,34,127","11,15,63,61,147.65","2,81,565","70,75,872","50.42"
"SBIN","EQ","28-May-2025","793.70","794.50","798.90","792.65","796.00","796.55","796.29","68,73,519","5,47,33,17,160.35","1,13,841","33,02,311","48.04"
"SBIN","T0","27-May-2025","794.40","798.00","798.00","798.00","798.00","793.70","798.00","15","11,970.00","1","15","100.00"
"SBIN","EQ","27-May-2025","794.40","794.40","801.35","790.05","794.25","793.70","795.55","1,19,95,043","9,54,26,79,873.15","1,78,381","58,96,957","49.16"
"SBIN","EQ","26-May-2025","790.50","792.00","797.55","789.20","794.15","794.40","794.09","49,65,466","3,94,30,15,064.15","98,636","20,19,564","40.67"
"SBIN","EQ","23-May-2025","785.25","787.90","794.95","786.20","790.25","790.50","790.74","55,34,158","4,37,60,97,515.60","1,06,313","20,97,387","37.90"
"SBIN","EQ","22-May-2025","787.10","788.00","788.20","780.30","785.80","785.25","784.47","73,55,826","5,77,04,52,205.00","1,60,443","30,56,122","41.55"
"SBIN","EQ","21-May-2025","785.65","787.00","791.00","779.10","787.20","787.10","786.00","82,06,040","6,44,99,39,895.55","1,30,051","31,07,771","37.87"
"SBIN","EQ","20-May-2025","795.00","798.15","799.40","783.80","786.70","785.65","788.84","1,13,24,667","8,93,33,54,461.85","1,69,563","60,42,885","53.36"
"SBIN","EQ","19-May-2025","792.10","792.10","801.40","792.10","794.45","795.00","796.74","1,06,66,184","8,49,81,49,477.50","1,94,011","46,52,671","43.62"
"SBIN","EQ","16-May-2025","807.75","804.00","804.00","791.00","792.50","792.10","794.09","1,47,33,924","11,70,00,04,865.75","2,41,785","79,26,803","53.80"
"SBIN","EQ","15-May-2025","800.70","804.45","809.45","794.50","808.00","807.75","802.04","1,70,58,854","13,68,19,51,074.05","2,00,305","75,80,614","44.44"
"SBIN","EQ","14-May-2025","801.75","805.75","807.50","796.30","802.40","800.70","801.49","92,81,719","7,43,91,87,440.95","1,46,698","48,80,805","52.59"
"SBIN","EQ","13-May-2025","801.65","798.60","807.65","797.20","801.95","801.75","802.32","1,39,09,596","11,15,99,32,476.10","2,01,551","64,30,668","46.23"
"SBIN","EQ","12-May-2025","779.25","799.00","803.90","793.00","800.95","801.65","799.87","1,50,96,824","12,07,54,21,793.80","1,73,252","71,70,835","47.50"
"SBIN","EQ","09-May-2025","769.00","756.50","781.70","755.50","780.50","779.25","772.28","1,35,78,216","10,48,62,27,680.40","2,46,098","63,67,464","46.89"
"SBIN","EQ","08-May-2025","776.10","779.00","786.50","764.00","765.45","769.00","775.80","1,44,91,673","11,24,25,92,363.70","2,02,239","84,63,408","58.40"
"SBIN","EQ","07-May-2025","774.10","765.30","782.40","764.55","777.80","776.10","775.68","1,55,86,266","12,08,99,45,664.90","2,54,691","89,29,587","57.29"
"SBIN","EQ","06-May-2025","790.00","793.95","799.15","771.10","772.80","774.10","777.79","1,88,69,468","14,67,64,63,740.85","3,44,651","1,18,77,896","62.95"
"SBIN","EQ","05-May-2025","800.00","782.00","799.00","782.00","790.60","790.00","789.65","2,39,86,447","18,94,09,19,612.00","4,22,162","1,31,58,702","54.86"
"SBIN","EQ","02-May-2025","788.65","790.35","803.40","789.00","799.80","800.00","795.71","1,71,99,386","13,68,57,36,797.75","2,81,692","96,82,514","56.30"
"SBIN","EQ","30-Apr-2025","812.55","811.50","811.50","784.50","787.60","788.65","791.14","2,56,35,764","20,28,15,71,431.10","4,76,377","1,75,70,656","68.54"
"SBIN","EQ","29-Apr-2025","817.35","820.00","829.00","809.00","810.75","812.55","819.00","1,12,83,059","9,24,08,43,611.60","2,31,689","50,82,312","45.04"
"SBIN","EQ","28-Apr-2025","798.65","798.65","822.80","797.40","816.55","817.35","814.04","1,13,17,611","9,21,29,82,723.40","1,99,250","50,60,921","44.72"
"SBIN","EQ","25-Apr-2025","813.40","815.00","819.00","787.00","797.40","798.65","799.45","1,31,31,038","10,49,76,10,552.70","2,23,526","61,01,067","46.46"
"SBIN","EQ","24-Apr-2025","813.45","812.75","819.00","811.15","812.00","813.40","814.85","1,27,13,521","10,35,96,38,546.25","1,41,306","65,68,504","51.67"
"SBIN","EQ","23-Apr-2025","822.40","826.00","831.00","810.10","813.50","813.45","817.36","1,21,04,382","9,89,36,05,141.30","1,74,170","57,68,691","47.66"
"SBIN","EQ","22-Apr-2025","816.70","821.15","835.50","814.00","821.30","822.40","827.32","2,51,17,557","20,78,03,49,179.95","3,23,370","1,54,34,003","61.45"
"SBIN","EQ","21-Apr-2025","797.45","803.00","824.35","801.40","817.20","816.70","817.02","1,63,98,507","13,39,79,75,541.00","3,59,684","71,76,294","43.76"
"SBIN","EQ","17-Apr-2025","771.75","772.00","801.00","767.15","793.85","797.45","787.54","2,70,34,818","21,29,09,93,764.10","3,35,841","1,41,20,137","52.23"
"SBIN","EQ","16-Apr-2025","763.50","763.50","774.75","760.50","772.15","771.75","769.27","1,25,36,694","9,64,41,13,410.45","2,04,698","75,07,493","59.88"
"SBIN","EQ","15-Apr-2025","753.85","770.00","770.70","757.10","764.50","763.50","765.37","78,59,090","6,01,51,34,839.80","1,67,851","41,77,413","53.15"
"SBIN","EQ","11-Apr-2025","742.20","759.00","759.70","746.00","753.85","753.85","752.58","93,60,327","7,04,44,29,057.55","2,00,062","45,71,016","48.83"
"SBIN","EQ","09-Apr-2025","768.60","767.00","767.95","741.00","742.45","742.20","751.33","1,13,19,387","8,50,46,47,288.25","2,08,433","48,07,462","42.47"
"SBIN","T0","08-Apr-2025","746.90","765.00","765.00","765.00","765.00","768.60","765.00","2","1,530.00","2","-","-"
"SBIN","EQ","08-Apr-2025","746.90","760.00","774.00","758.15","770.00","768.60","767.45","1,29,11,288","9,90,87,28,355.80","2,12,013","67,23,264","52.07"
"SBIN","EQ","07-Apr-2025","767.45","730.00","753.70","730.00","749.00","746.90","742.21","1,49,23,235","11,07,61,77,328.65","2,91,536","86,19,013","57.76"
"SBIN","EQ","04-Apr-2025","779.20","779.10","782.90","765.00","769.00","767.45","773.82","82,31,194","6,36,94,55,086.45","1,47,204","36,40,339","44.23"
"SBIN","EQ","03-Apr-2025","775.95","770.00","784.70","769.95","779.90","779.20","778.44","79,56,680","6,19,38,05,584.15","1,40,239","40,32,321","50.68"
"SBIN","EQ","02-Apr-2025","771.70","772.30","777.00","764.30","776.60","775.95","772.51","54,58,436","4,21,67,03,463.55","1,19,114","25,95,030","47.54"
"SBIN","EQ","01-Apr-2025","771.50","766.80","782.75","763.20","771.25","771.70","772.17","70,11,125","5,41,37,77,287.45","2,14,639","28,59,726","40.79"
"SBIN","EQ","28-Mar-2025","772.30","772.10","778.60","767.00","771.20","771.50","773.30","76,28,185","5,89,88,86,414.55","1,19,920","38,81,056","50.88"
"SBIN","EQ","27-Mar-2025","764.00","763.80","775.80","760.50","772.05","772.30","770.57","1,56,48,616","12,05,83,72,899.40","1,75,954","1,04,29,907","66.65"
"SBIN","EQ","26-Mar-2025","772.85","772.00","776.05","761.45","762.70","764.00","767.90","77,11,852","5,92,19,02,187.95","1,95,361","41,88,367","54.31"
"SBIN","EQ","25-Mar-2025","780.80","783.90","786.00","769.20","770.35","772.85","777.02","1,51,90,143","11,80,30,03,386.50","2,27,394","82,57,689","54.36"
"SBIN","EQ","24-Mar-2025","753.20","758.00","782.95","755.10","781.00","780.80","772.33","1,20,95,064","9,34,13,33,502.05","2,15,047","59,66,447","49.33"
"SBIN","EQ","21-Mar-2025","749.55","749.95","755.60","747.00","754.50","753.20","752.25","95,77,327","7,20,45,91,918.55","1,51,097","60,89,164","63.58"
"SBIN","EQ","20-Mar-2025","745.10","748.00","752.70","744.20","748.50","749.55","748.29","69,63,197","5,21,05,23,085.70","2,30,012","35,79,165","51.40"
"SBIN","EQ","19-Mar-2025","736.70","739.60","749.30","739.10","745.05","745.10","745.26","76,04,850","5,66,75,68,731.10","1,43,607","37,19,924","48.92"
"SBIN","EQ","18-Mar-2025","723.15","726.60","738.45","722.60","737.65","736.70","731.34","80,87,710","5,91,48,29,898.90","1,64,100","40,90,532","50.58"
"SBIN","EQ","17-Mar-2025","727.85","728.90","731.25","722.30","723.30","723.15","724.77","51,49,565","3,73,22,35,269.50","1,00,779","26,76,234","51.97"
"SBIN","EQ","13-Mar-2025","723.05","725.90","731.45","724.50","728.00","727.85","728.41","59,08,337","4,30,36,76,476.60","1,54,692","26,81,024","45.38"
"SBIN","EQ","12-Mar-2025","729.85","730.60","737.00","719.05","722.75","723.05","726.43","55,47,762","4,03,00,71,050.60","1,09,147","22,32,288","40.24"
"SBIN","EQ","11-Mar-2025","728.90","724.90","734.05","722.70","729.90","729.85","729.33","55,38,789","4,03,96,29,878.35","1,06,128","26,95,190","48.66"
"SBIN","EQ","10-Mar-2025","732.75","732.75","738.50","726.60","727.70","728.90","732.30","74,00,109","5,41,91,25,663.50","1,40,264","41,07,288","55.50"
"SBIN","EQ","07-Mar-2025","732.05","732.05","734.85","728.00","731.95","732.75","731.74","72,46,729","5,30,27,55,367.95","1,69,004","38,37,316","52.95"
"SBIN","EQ","06-Mar-2025","730.35","736.00","736.75","727.00","730.25","732.05","731.45","1,09,28,847","7,99,38,92,337.10","2,11,006","63,31,838","57.94"
"SBIN","EQ","05-Mar-2025","716.05","717.55","731.30","717.00","730.00","730.35","725.61","1,04,09,805","7,55,34,94,263.10","1,89,027","58,12,211","55.83"
"SBIN","EQ","04-Mar-2025","695.30","693.00","718.45","692.10","716.40","716.05","712.88","1,43,86,214","10,25,56,88,811.35","2,20,118","63,24,959","43.97"
"SBIN","EQ","03-Mar-2025","688.80","690.15","697.40","680.00","696.15","695.30","689.59","1,05,98,479","7,30,85,57,453.60","1,87,766","49,01,081","46.24"
"SBIN","EQ","28-Feb-2025","703.90","700.90","701.35","682.60","689.80","688.80","690.06","1,57,80,609","10,88,95,17,995.15","2,52,397","93,46,941","59.23"
"SBIN","EQ","27-Feb-2025","710.90","716.00","717.70","701.10","702.30","703.90","707.28","1,20,33,139","8,51,07,89,065.15","2,05,060","66,36,325","55.15"
"SBIN","EQ","25-Feb-2025","716.40","718.95","718.95","710.00","710.05","710.90","713.58","85,99,635","6,13,65,27,160.15","1,85,705","40,08,662","46.61"
"SBIN","EQ","24-Feb-2025","722.00","710.50","719.75","710.50","716.20","716.40","715.85","69,12,148","4,94,80,71,432.70","1,93,311","31,31,540","45.30"
"SBIN","EQ","21-Feb-2025","729.70","727.30","731.70","720.00","720.35","722.00","724.72","65,71,602","4,76,25,73,887.35","1,73,223","27,63,973","42.06"
"SBIN","EQ","20-Feb-2025","727.30","724.90","731.50","723.35","728.85","729.70","729.14","74,23,268","5,41,25,95,518.05","1,49,827","40,98,018","55.21"
"SBIN","EQ","19-Feb-2025","725.80","722.05","734.85","722.05","726.00","727.30","728.86","67,66,606","4,93,18,83,943.60","1,41,913","24,25,057","35.84"
"SBIN","EQ","18-Feb-2025","727.70","727.70","728.25","717.35","725.50","725.80","723.76","85,62,003","6,19,68,17,709.85","1,96,786","41,50,815","48.48"
"SBIN","EQ","17-Feb-2025","722.15","719.05","728.75","711.55","727.90","727.70","721.67","90,93,600","6,56,25,43,848.90","2,19,084","34,06,046","37.46"
"SBIN","EQ","14-Feb-2025","727.65","730.95","732.90","716.20","720.80","722.15","724.57","1,04,17,539","7,54,82,47,748.35","2,21,611","43,00,329","41.28"
"SBIN","EQ","13-Feb-2025","733.15","734.40","737.50","726.15","726.80","727.65","731.83","1,23,70,571","9,05,31,89,302.10","2,13,728","62,50,040","50.52"
"SBIN","EQ","12-Feb-2025","731.10","733.15","738.70","717.15","732.95","733.15","729.15","1,26,97,743","9,25,85,58,059.35","2,42,862","46,79,157","36.85"
"SBIN","EQ","11-Feb-2025","736.80","737.45","740.15","726.55","731.00","731.10","731.28","1,30,17,060","9,51,91,45,846.95","2,36,472","54,76,658","42.07"
"SBIN","EQ","10-Feb-2025","737.20","740.00","743.90","733.40","736.50","736.80","737.43","1,26,67,049","9,34,10,09,055.85","2,70,972","61,64,871","48.67"
"SBIN","EQ","07-Feb-2025","752.25","759.80","759.90","731.75","736.40","737.20","740.52","3,72,40,692","27,57,74,11,008.65","5,78,986","1,72,54,403","46.33"
"SBIN","EQ","06-Feb-2025","766.05","769.00","770.85","750.05","753.95","752.25","758.86","3,27,45,391","24,84,93,00,016.65","4,39,301","1,32,65,813","40.51"
"SBIN","EQ","05-Feb-2025","779.20","780.00","782.00","765.00","765.50","766.05","771.76","1,34,19,162","10,35,63,28,683.05","2,83,249","66,22,567","49.35"
"SBIN","EQ","04-Feb-2025","760.95","767.00","781.25","765.65","778.50","779.20","776.12","1,20,20,807","9,32,95,36,078.75","2,37,155","59,76,288","49.72"
"SBIN","EQ","03-Feb-2025","766.00","762.80","762.80","753.15","761.05","760.95","758.76","78,62,190","5,96,54,88,760.55","1,82,478","33,12,798","42.14"
"SBIN","EQ","01-Feb-2025","772.90","774.80","778.75","752.15","766.40","766.00","765.95","93,63,077","7,17,16,56,657.15","1,46,411","32,89,431","35.13"
"SBIN","EQ","31-Jan-2025","762.60","764.90","777.55","759.50","773.10","772.90","770.25","1,00,83,763","7,76,69,79,527.60","2,13,867","46,03,516","45.65"
"SBIN","EQ","30-Jan-2025","758.45","758.55","765.00","754.75","764.50","762.60","760.64","1,10,85,824","8,43,23,70,364.65","2,36,993","48,47,228","43.72"
"SBIN","EQ","29-Jan-2025","752.40","753.00","760.80","749.80","758.50","758.45","757.35","92,51,973","7,00,69,56,312.60","2,67,695","51,01,878","55.14"
"SBIN","EQ","28-Jan-2025","749.20","757.00","759.75","745.40","752.15","752.40","752.61","1,41,40,860","10,64,26,22,577.40","2,82,284","60,76,473","42.97"
"SBIN","EQ","27-Jan-2025","744.15","740.00","755.35","735.90","747.50","749.20","748.97","1,14,33,353","8,56,32,57,255.50","2,27,844","50,09,216","43.81"
"SBIN","EQ","24-Jan-2025","745.90","749.90","753.70","739.00","744.50","744.15","746.32","1,05,79,213","7,89,54,35,197.00","1,74,627","46,35,075","43.81"
"SBIN","EQ","23-Jan-2025","753.45","750.00","755.65","743.10","746.25","745.90","748.15","1,09,86,405","8,21,94,65,974.00","2,20,737","47,97,148","43.66"
"SBIN","EQ","22-Jan-2025","759.05","762.00","763.00","738.00","753.45","753.45","749.23","99,08,339","7,42,35,85,184.00","2,33,659","34,73,841","35.06"
"SBIN","EQ","21-Jan-2025","779.25","784.80","784.90","756.05","759.80","759.05","765.52","1,37,51,780","10,52,73,21,816.95","2,78,817","55,52,139","40.37"
"SBIN","EQ","20-Jan-2025","764.10","769.00","785.00","767.85","778.50","779.25","778.03","91,98,929","7,15,70,00,810.05","2,11,086","36,54,610","39.73"
"SBIN","EQ","17-Jan-2025","766.30","766.30","767.95","759.40","763.80","764.10","763.55","57,66,573","4,40,30,52,207.15","1,47,029","22,34,513","38.75"
"SBIN","EQ","16-Jan-2025","753.70","760.40","776.70","760.40","767.00","766.30","768.15","1,18,16,079","9,07,65,38,069.20","2,04,032","49,92,233","42.25"
"SBIN","EQ","15-Jan-2025","748.15","753.15","758.90","750.00","754.95","753.70","754.48","77,92,299","5,87,91,31,387.45","2,25,171","36,40,939","46.72"
"SBIN","EQ","14-Jan-2025","729.50","732.95","757.00","732.95","750.50","748.15","748.73","1,19,60,975","8,95,55,85,470.30","2,42,233","53,83,740","45.01"
"SBIN","EQ","13-Jan-2025","743.25","741.50","743.95","722.50","728.95","729.50","733.81","1,04,14,733","7,64,24,74,249.65","2,54,856","42,11,911","40.44"
"SBIN","EQ","10-Jan-2025","760.45","760.35","763.40","742.05","744.80","743.25","748.01","1,17,79,296","8,81,10,43,804.50","2,75,478","52,62,715","44.68"
"SBIN","T0","09-Jan-2025","771.15","758.10","769.60","758.10","769.60","760.45","768.01","145","1,11,362.00","3","145","100.00"
"SBIN","EQ","09-Jan-2025","771.15","771.15","771.35","726.25","762.00","760.45","760.13","1,53,51,029","11,66,87,46,480.15","2,58,299","57,49,049","37.45"
"SBIN","T0","08-Jan-2025","778.75","778.85","778.85","778.85","778.85","771.15","778.85","5","3,894.25","1","5","100.00"
"SBIN","EQ","08-Jan-2025","778.75","780.90","783.95","760.10","771.35","771.15","767.67","1,56,41,490","12,00,74,86,384.75","2,77,739","89,59,386","57.28"
"SBIN","EQ","07-Jan-2025","776.40","779.85","783.85","774.85","778.40","778.75","778.73","96,69,152","7,52,96,20,598.70","1,88,005","46,36,630","47.95"
"SBIN","EQ","06-Jan-2025","793.40","797.40","797.60","773.15","778.40","776.40","781.47","1,14,19,367","8,92,38,76,463.45","2,89,818","49,85,801","43.66"
"SBIN","EQ","03-Jan-2025","801.20","801.20","809.50","792.15","793.30","793.40","798.97","1,33,36,514","10,65,54,90,014.65","2,08,457","69,78,565","52.33"
"SBIN","EQ","02-Jan-2025","793.20","795.00","802.40","787.00","802.25","801.20","795.88","1,13,98,319","9,07,17,09,128.05","2,06,144","57,25,585","50.23"
"SBIN","EQ","01-Jan-2025","794.95","795.55","798.65","789.50","794.30","793.20","793.85","72,73,098","5,77,37,33,671.35","1,25,843","34,60,010","47.57"
"SBIN","EQ","31-Dec-2024","788.30","786.95","799.20","786.00","796.00","794.95","794.69","90,86,044","7,22,06,00,207.70","1,62,712","37,71,662","41.51"
"SBIN","EQ","30-Dec-2024","799.65","802.00","807.95","785.00","793.30","788.30","793.36","2,15,15,438","17,06,95,91,751.15","3,17,867","1,07,54,166","49.98"
"SBIN","EQ","27-Dec-2024","812.45","816.30","818.30","797.20","800.85","799.65","806.26","1,06,49,800","8,58,65,60,656.85","1,79,691","60,42,312","56.74"
"SBIN","EQ","26-Dec-2024","812.05","813.00","822.85","808.00","814.00","812.45","813.70","83,18,714","6,76,89,03,488.30","1,45,477","35,85,920","43.11"
"SBIN","EQ","24-Dec-2024","821.15","824.25","826.20","809.20","813.00","812.05","814.35","1,06,02,771","8,63,43,65,124.30","1,55,822","48,86,055","46.08"
"SBIN","EQ","23-Dec-2024","812.00","817.30","824.00","812.20","820.50","821.15","820.11","49,33,200","4,04,57,77,516.70","1,27,438","12,03,536","24.40"
"SBIN","EQ","20-Dec-2024","832.80","834.90","836.00","810.00","814.00","812.00","819.20","1,02,44,198","8,39,20,39,433.55","1,83,839","43,63,103","42.59"
"SBIN","EQ","19-Dec-2024","838.15","824.60","838.00","820.20","832.25","832.80","829.17","94,53,398","7,83,84,54,819.80","1,92,047","40,66,393","43.02"
"SBIN","T0","18-Dec-2024","850.55","840.75","840.75","840.75","840.75","838.15","840.75","21","17,655.75","2","21","100.00"
"SBIN","EQ","18-Dec-2024","850.55","851.00","852.00","837.00","840.80","838.15","840.95","82,95,338","6,97,59,24,558.00","1,86,668","39,35,001","47.44"
"SBIN","EQ","17-Dec-2024","860.95","858.55","862.60","847.05","849.80","850.55","852.67","87,91,216","7,49,60,29,790.20","1,93,366","48,08,746","54.70"
"SBIN","T0","17-Dec-2024","860.95","850.50","850.50","850.50","850.50","850.55","850.50","1","850.50","1","1","100.00"
"SBIN","EQ","16-Dec-2024","861.55","859.80","866.40","857.80","860.65","860.95","861.45","64,32,713","5,54,14,82,948.45","1,51,330","29,75,734","46.26"
"SBIN","EQ","13-Dec-2024","853.70","852.60","862.90","835.00","861.90","861.55","851.16","93,79,370","7,98,33,45,804.15","2,28,551","29,89,178","31.87"
"SBIN","EQ","12-Dec-2024","861.60","861.50","864.30","851.15","853.40","853.70","854.33","88,45,103","7,55,66,72,637.10","1,68,059","47,18,551","53.35"
"SBIN","EQ","11-Dec-2024","867.50","867.50","869.85","860.95","861.80","861.60","864.62","70,06,973","6,05,83,37,344.15","1,67,495","31,63,485","45.15"
"SBIN","EQ","10-Dec-2024","858.05","861.80","868.95","858.05","868.30","867.50","863.66","73,79,849","6,37,37,14,111.45","1,58,185","37,23,326","50.45"
"SBIN","EQ","09-Dec-2024","863.65","859.00","866.85","856.95","858.20","858.05","861.15","96,30,346","8,29,32,12,615.95","1,86,481","52,45,726","54.47"
"SBIN","EQ","06-Dec-2024","865.45","865.25","875.45","857.00","862.95","863.65","866.72","1,45,20,568","12,58,51,97,103.00","4,51,441","67,93,005","46.78"
"SBIN","EQ","05-Dec-2024","859.70","860.00","871.45","855.60","864.25","865.45","864.78","1,47,16,036","12,72,61,61,186.90","2,42,317","60,30,572","40.98"
"SBIN","EQ","04-Dec-2024","853.95","853.95","864.00","850.30","858.55","859.70","858.15","1,07,49,716","9,22,48,75,560.05","2,37,875","47,81,386","44.48"
"SBIN","EQ","03-Dec-2024","836.40","838.00","856.60","836.90","853.50","853.95","851.99","1,21,86,182","10,38,25,22,739.05","2,35,478","58,22,458","47.78"
"SBIN","EQ","02-Dec-2024","838.95","838.95","842.00","832.70","837.05","836.40","836.12","66,51,119","5,56,11,36,354.10","1,81,197","27,81,548","41.82"
"SBIN","EQ","29-Nov-2024","838.85","841.10","844.05","831.55","838.70","838.95","838.26","1,08,22,949","9,07,23,92,177.65","1,81,367","48,44,086","44.76"
"SBIN","EQ","28-Nov-2024","834.10","834.10","845.80","830.50","840.55","838.85","838.80","1,35,05,677","11,32,86,15,478.85","2,54,541","63,15,265","46.76"
"SBIN","EQ","27-Nov-2024","839.40","838.50","842.50","832.10","834.85","834.10","836.67","83,75,108","7,00,72,42,077.95","1,51,032","25,13,440","30.01"
"SBIN","EQ","26-Nov-2024","844.45","844.00","846.70","835.55","838.30","839.40","840.11","88,93,744","7,47,17,04,211.50","1,55,469","34,91,598","39.26"
"SBIN","EQ","25-Nov-2024","816.05","827.00","849.60","825.65","845.45","844.45","843.72","2,34,34,605","19,77,22,51,993.95","3,00,921","1,18,15,984","50.42"
"SBIN","EQ","22-Nov-2024","780.75","786.00","819.95","784.05","814.55","816.05","807.63","2,06,65,405","16,68,99,34,313.40","3,51,754","70,06,605","33.90"
"SBIN","EQ","21-Nov-2024","803.00","798.50","798.50","761.55","780.90","780.75","774.76","2,94,86,577","22,84,48,78,143.80","5,46,871","1,37,37,681","46.59"
"SBIN","EQ","19-Nov-2024","814.30","819.00","820.30","800.10","802.40","803.00","809.12","1,36,77,029","11,06,63,81,236.25","2,49,377","62,09,187","45.40"
"SBIN","EQ","18-Nov-2024","804.25","811.00","816.70","799.25","814.15","814.30","809.14","93,22,451","7,54,31,33,216.15","2,24,651","30,84,329","33.08"
"SBIN","EQ","14-Nov-2024","808.65","808.65","818.00","801.05","805.95","804.25","807.42","94,61,484","7,63,93,90,395.60","2,23,899","30,99,231","32.76"
"SBIN","EQ","13-Nov-2024","826.70","823.35","831.75","804.65","812.30","808.65","816.00","1,37,56,706","11,22,55,33,633.65","2,81,743","45,53,129","33.10"
"SBIN","EQ","12-Nov-2024","847.65","852.50","853.40","824.30","826.05","826.70","835.44","1,13,50,729","9,48,28,16,605.05","2,50,017","40,96,588","36.09"
"SBIN","EQ","11-Nov-2024","843.15","846.00","854.00","842.00","845.95","847.65","848.56","1,26,21,337","10,70,99,37,374.20","2,63,092","42,14,314","33.39"
"SBIN","EQ","08-Nov-2024","859.60","859.60","863.50","834.20","841.10","843.15","847.86","2,61,39,105","22,16,24,07,955.75","4,49,937","57,47,213","21.99"
"SBIN","EQ","07-Nov-2024","854.80","861.00","862.40","846.70","858.35","859.60","855.61","1,52,83,847","13,07,70,81,939.55","2,22,825","70,61,658","46.20"
"SBIN","EQ","06-Nov-2024","849.20","849.20","861.40","846.20","855.85","854.80","855.57","1,50,02,433","12,83,55,57,918.45","2,54,740","71,87,073","47.91"
"SBIN","EQ","05-Nov-2024","829.85","829.85","851.40","826.25","847.85","849.20","840.67","2,62,54,561","22,07,14,34,410.80","4,25,258","1,24,39,000","47.38"
"SBIN","EQ","04-Nov-2024","821.20","822.70","837.50","807.10","830.25","829.85","821.64","1,44,98,161","11,91,23,19,813.75","2,51,372","50,53,368","34.86"
"SBIN","EQ","01-Nov-2024","820.20","822.40","825.60","818.90","821.95","821.20","822.73","16,37,141","1,34,69,29,440.80","49,950","6,85,668","41.88"
"SBIN","EQ","31-Oct-2024","822.45","820.00","828.00","813.55","821.10","820.20","819.50","1,34,02,324","10,98,31,82,912.90","2,01,887","66,75,153","49.81"
"SBIN","EQ","30-Oct-2024","832.70","828.00","833.00","821.05","823.55","822.45","826.52","1,59,77,682","13,20,59,42,901.50","2,16,063","87,12,802","54.53"
"SBIN","EQ","29-Oct-2024","792.05","796.00","834.85","790.50","832.05","832.70","815.53","2,82,74,791","23,05,88,40,172.45","5,30,275","1,38,42,511","48.96"
"SBIN","EQ","28-Oct-2024","780.95","783.80","803.95","783.55","793.05","792.05","795.07","1,37,57,251","10,93,79,25,921.65","3,01,023","58,34,489","42.41"
"SBIN","EQ","25-Oct-2024","794.55","798.00","800.75","772.00","782.85","780.95","782.04","97,17,125","7,59,91,89,822.90","2,60,505","29,42,126","30.28"
"SBIN","EQ","24-Oct-2024","786.00","786.05","797.00","784.65","795.00","794.55","792.63","56,07,500","4,44,46,63,312.50","1,33,769","16,17,454","28.84"
"SBIN","EQ","23-Oct-2024","790.40","790.00","792.60","779.80","785.20","786.00","786.04","1,38,66,198","10,89,94,24,425.00","2,50,789","60,46,135","43.60"
"SBIN","EQ","22-Oct-2024","813.95","814.00","816.85","787.50","789.75","790.40","799.45","1,66,45,356","13,30,71,44,297.60","3,44,400","69,87,304","41.98"
"SBIN","EQ","21-Oct-2024","820.40","824.70","826.45","809.00","813.00","813.95","815.24","1,03,59,618","8,44,55,28,708.75","2,22,340","48,27,080","46.60"
"SBIN","EQ","18-Oct-2024","811.05","811.10","822.60","802.90","819.95","820.40","815.60","1,17,04,698","9,54,63,86,592.90","2,28,379","51,77,944","44.24"
"SBIN","EQ","17-Oct-2024","805.45","809.50","819.50","806.00","811.30","811.05","812.93","1,85,80,553","15,10,46,84,368.50","2,52,352","88,48,789","47.62"
"SBIN","EQ","16-Oct-2024","804.65","802.80","809.00","802.05","805.90","805.45","805.74","64,94,240","5,23,26,80,725.80","1,34,895","31,62,341","48.69"
"SBIN","EQ","15-Oct-2024","805.15","805.50","807.50","801.60","805.00","804.65","804.80","62,52,104","5,03,17,18,258.10","1,16,721","24,76,744","39.61"
"SBIN","EQ","14-Oct-2024","799.75","802.00","809.25","800.80","804.35","805.15","804.89","89,67,564","7,21,79,24,843.80","1,87,072","41,39,928","46.17"
"SBIN","EQ","11-Oct-2024","797.10","797.20","802.70","793.00","799.00","799.75","796.96","1,43,22,720","11,41,46,20,098.50","1,88,510","99,63,814","69.57"
"SBIN","EQ","10-Oct-2024","797.40","799.00","804.45","795.00","797.00","797.10","799.19","1,02,41,015","8,18,45,02,967.70","2,08,285","46,26,396","45.18"
"SBIN","EQ","09-Oct-2024","781.45","786.70","804.35","782.05","795.80","797.40","796.77","1,87,58,697","14,94,62,96,986.35","3,13,365","52,93,233","28.22"
"SBIN","EQ","08-Oct-2024","770.65","772.25","784.40","772.25","781.00","781.45","779.95","85,60,960","6,67,70,95,737.45","2,16,893","31,27,574","36.53"
"SBIN","EQ","07-Oct-2024","796.65","800.00","804.00","765.40","774.00","770.65","779.47","2,42,67,990","18,91,60,63,402.30","4,29,825","94,16,159","38.80"
"SBIN","EQ","04-Oct-2024","794.10","792.00","809.85","785.25","797.25","796.65","798.23","2,00,97,454","16,04,24,68,814.10","2,87,081","80,48,243","40.05"
"SBIN","EQ","03-Oct-2024","796.95","789.90","804.00","784.30","793.00","794.10","793.84","1,59,44,135","12,65,70,16,578.30","2,59,077","69,21,704","43.41"
"SBIN","EQ","01-Oct-2024","787.90","788.00","800.35","788.00","795.50","796.95","796.12","1,32,80,535","10,57,29,65,170.25","2,19,272","56,61,416","42.63"
"SBIN","EQ","30-Sep-2024","802.65","801.90","802.60","786.45","788.00","787.90","791.89","1,54,84,573","12,26,21,30,516.90","2,57,965","93,53,248","60.40"
"SBIN","EQ","27-Sep-2024","801.85","801.85","808.00","798.45","802.30","802.65","803.39","1,51,93,681","12,20,64,36,482.05","2,31,524","84,26,718","55.46"
"SBIN","EQ","26-Sep-2024","793.10","796.00","803.00","791.60","802.00","801.85","796.93","2,31,98,842","18,48,78,42,395.85","2,40,672","1,46,51,334","63.16"
"SBIN","EQ","25-Sep-2024","798.25","797.90","798.00","788.70","793.15","793.10","792.31","1,84,65,571","14,63,04,27,178.90","2,22,586","1,02,44,009","55.48"
"SBIN","EQ","24-Sep-2024","801.85","799.25","804.25","796.50","797.90","798.25","801.04","1,51,80,653","12,16,03,61,927.75","2,41,147","85,66,945","56.43"
"SBIN","EQ","23-Sep-2024","781.70","786.00","805.00","784.50","800.60","801.85","799.91","1,73,09,545","13,84,60,48,008.90","3,23,087","74,88,359","43.26"
"SBIN","EQ","20-Sep-2024","789.95","794.85","794.85","779.50","784.50","781.70","785.43","2,13,72,244","16,78,63,88,691.70","2,65,805","1,24,19,457","58.11"
"SBIN","EQ","19-Sep-2024","792.75","795.05","801.35","784.05","791.50","789.95","791.39","1,06,45,478","8,42,47,36,778.30","2,18,449","36,57,423","34.36"
"SBIN","EQ","18-Sep-2024","782.90","783.80","794.75","782.00","790.75","792.75","791.27","1,83,24,412","14,49,95,92,000.20","2,55,355","86,87,589","47.41"
"SBIN","EQ","17-Sep-2024","785.55","785.60","787.50","780.55","782.75","782.90","784.12","1,06,65,630","8,36,31,82,377.75","2,23,966","51,62,399","48.40"
"SBIN","EQ","16-Sep-2024","790.85","790.85","795.00","784.40","786.55","785.55","788.19","95,53,736","7,53,01,68,486.30","2,35,580","53,27,116","55.76"
"SBIN","EQ","13-Sep-2024","787.75","791.00","795.00","785.10","789.70","790.85","790.44","1,29,50,936","10,23,69,36,227.10","3,37,655","61,87,541","47.78"
"SBIN","EQ","12-Sep-2024","768.60","775.00","789.90","772.75","786.50","787.75","780.47","1,75,78,964","13,71,98,61,669.35","3,08,964","84,38,868","48.01"
"SBIN","EQ","11-Sep-2024","782.65","780.05","788.00","765.40","771.00","768.60","775.71","2,00,60,665","15,56,12,42,684.15","3,07,051","82,39,030","41.07"
"SBIN","EQ","10-Sep-2024","784.25","788.00","788.80","777.50","782.50","782.65","782.41","1,28,24,701","10,03,41,64,045.55","2,41,486","45,74,940","35.67"
"SBIN","EQ","09-Sep-2024","782.50","785.00","788.20","771.00","785.70","784.25","779.38","2,13,22,103","16,61,81,14,365.00","4,16,430","90,42,662","42.41"
"SBIN","EQ","06-Sep-2024","818.75","811.50","812.90","777.00","783.90","782.50","790.89","4,02,20,096","31,80,95,57,552.90","7,53,751","2,53,89,094","63.13"
"SBIN","EQ","05-Sep-2024","816.50","818.35","822.15","814.40","818.00","818.75","819.29","83,95,074","6,87,80,27,979.75","1,46,739","38,68,041","46.08"
"SBIN","T0","05-Sep-2024","816.50","820.00","820.00","820.00","820.00","818.75","820.00","1","820.00","1","1","100.00"
"SBIN","EQ","04-Sep-2024","824.80","815.45","818.65","813.65","816.25","816.50","816.16","1,07,89,570","8,80,60,44,759.65","1,77,040","55,91,452","51.82"
"SBIN","EQ","03-Sep-2024","822.15","822.15","825.95","816.40","823.40","824.80","821.71","1,05,48,350","8,66,77,21,196.75","1,97,793","49,40,537","46.84"
"SBIN","EQ","02-Sep-2024","815.60","817.30","825.40","813.05","821.90","822.15","819.67","1,18,13,750","9,68,33,69,620.85","2,79,222","54,00,250","45.71"
"SBIN","EQ","30-Aug-2024","814.50","817.15","820.70","814.35","816.25","815.60","816.37","89,11,426","7,27,50,03,120.65","1,61,440","50,41,096","56.57"
"SBIN","EQ","29-Aug-2024","809.40","809.55","816.00","806.95","815.70","814.50","812.98","1,82,47,268","14,83,46,79,544.70","3,07,266","1,08,75,917","59.60"
"SBIN","EQ","28-Aug-2024","815.90","814.75","817.20","806.50","807.95","809.40","812.23","1,03,71,300","8,42,39,16,166.65","1,89,651","49,67,658","47.90"
"SBIN","EQ","27-Aug-2024","815.05","817.80","819.45","811.05","814.80","815.90","816.19","1,28,33,290","10,47,43,72,291.35","1,88,750","54,96,803","42.83"
"SBIN","EQ","26-Aug-2024","815.35","818.00","823.45","813.80","815.40","815.05","818.73","85,23,795","6,97,87,12,521.45","1,53,882","38,45,255","45.11"
"SBIN","EQ","23-Aug-2024","820.30","821.50","822.00","814.50","815.80","815.35","817.21","55,37,747","4,52,54,82,307.75","1,37,876","23,03,827","41.60"
"SBIN","EQ","22-Aug-2024","815.55","819.00","823.90","817.10","820.00","820.30","820.73","78,32,917","6,42,87,45,634.45","1,70,021","29,54,022","37.71"
"SBIN","EQ","21-Aug-2024","820.30","820.30","821.00","811.20","816.60","815.55","815.09","1,46,07,257","11,90,61,94,827.25","2,07,262","68,39,709","46.82"
"SBIN","EQ","20-Aug-2024","813.70","817.95","823.00","813.35","819.00","820.30","819.61","1,03,47,493","8,48,09,42,023.00","1,72,376","35,28,916","34.10"
"SBIN","EQ","19-Aug-2024","812.10","815.00","825.40","812.60","814.60","813.70","817.66","1,01,51,482","8,30,04,40,391.90","1,74,502","25,95,511","25.57"
"SBIN","T0","19-Aug-2024","812.10","820.00","820.00","820.00","820.00","813.70","820.00","1","820.00","1","1","100.00"
"SBIN","EQ","16-Aug-2024","803.00","803.00","814.90","803.00","811.40","812.10","810.05","1,14,27,335","9,25,67,64,911.30","2,51,297","37,33,766","32.67"
"SBIN","EQ","14-Aug-2024","797.55","800.95","809.15","800.40","803.20","803.00","803.92","1,17,88,665","9,47,71,00,413.75","2,36,789","43,92,805","37.26"
"SBIN","EQ","13-Aug-2024","812.60","813.50","820.00","795.05","797.00","797.55","807.01","1,75,85,172","14,19,14,44,287.00","3,22,018","97,31,151","55.34"
"SBIN","EQ","12-Aug-2024","824.30","820.60","823.00","811.20","813.00","812.60","815.34","1,61,20,449","13,14,36,24,493.80","2,50,757","77,79,273","48.26"
"SBIN","EQ","09-Aug-2024","808.05","816.00","829.95","809.55","825.00","824.30","819.02","1,53,20,885","12,54,81,31,438.55","2,12,970","62,12,277","40.55"
"SBIN","EQ","08-Aug-2024","808.65","812.00","817.80","802.80","808.15","808.05","809.92","1,47,69,069","11,96,17,21,510.05","2,40,989","48,73,913","33.00"
"SBIN","EQ","07-Aug-2024","797.70","809.00","810.70","800.55","809.95","808.65","805.90","1,76,92,355","14,25,81,83,262.40","2,81,837","66,59,048","37.64"
"SBIN","EQ","06-Aug-2024","811.65","822.65","826.55","795.65","799.75","797.70","810.02","1,79,00,930","14,50,00,66,261.55","3,30,145","68,96,556","38.53"
"SBIN","EQ","05-Aug-2024","847.85","830.00","831.35","800.00","810.00","811.65","815.37","2,76,76,951","22,56,70,00,834.00","5,39,085","1,22,48,505","44.26"
"SBIN","EQ","02-Aug-2024","862.65","856.70","858.30","846.15","847.75","847.85","850.62","1,26,09,331","10,72,57,42,695.20","2,53,151","50,63,625","40.16"
"SBIN","EQ","01-Aug-2024","872.40","877.80","881.40","859.45","861.90","862.65","870.65","1,17,87,203","10,26,25,15,137.00","1,72,670","54,70,508","46.41"
"SBIN","EQ","31-Jul-2024","872.80","873.85","874.95","868.00","874.40","872.40","871.25","1,16,36,874","10,13,85,73,730.25","1,85,998","43,19,188","37.12"
"SBIN","EQ","30-Jul-2024","871.60","874.70","880.55","869.00","871.65","872.80","874.10","1,35,28,447","11,82,51,52,187.65","2,32,883","36,28,977","26.82"
"SBIN","EQ","29-Jul-2024","862.45","866.05","889.10","863.20","871.00","871.60","877.20","2,65,82,781","23,31,85,20,569.70","3,80,412","79,77,605","30.01"
"SBIN","EQ","26-Jul-2024","848.50","844.65","864.25","844.00","859.95","862.45","857.50","1,20,81,506","10,35,98,63,504.15","1,99,144","41,91,872","34.70"
"SBIN","EQ","25-Jul-2024","852.00","847.50","850.75","841.20","848.95","848.50","846.52","95,22,375","8,06,09,16,692.50","1,80,539","28,90,970","30.36"
"SBIN","EQ","24-Jul-2024","863.90","864.20","868.00","847.20","853.95","852.00","854.85","1,96,24,845","16,77,63,15,258.25","3,22,758","55,23,383","28.14"
"SBIN","EQ","23-Jul-2024","876.80","883.00","884.50","849.10","864.20","863.90","868.80","1,82,79,212","15,88,10,66,151.40","3,82,383","51,95,965","28.43"
"SBIN","EQ","22-Jul-2024","889.35","881.45","895.00","868.00","878.00","876.80","881.14","1,46,14,111","12,87,71,04,621.30","2,83,608","60,01,817","41.07"
"SBIN","EQ","19-Jul-2024","893.55","895.00","899.00","883.30","889.50","889.35","890.65","1,45,62,742","12,97,02,54,056.15","3,16,170","61,76,654","42.41"
"SBIN","EQ","18-Jul-2024","880.70","880.65","894.90","877.50","892.50","893.55","889.57","1,94,35,183","17,28,89,90,051.00","3,80,546","97,83,181","50.34"
"SBIN","EQ","16-Jul-2024","881.35","882.30","888.10","874.30","882.00","880.70","880.47","1,18,93,692","10,47,20,20,266.75","1,96,244","48,78,106","41.01"
"SBIN","EQ","15-Jul-2024","859.70","859.70","887.35","859.70","883.00","881.35","876.59","2,53,92,820","22,25,91,53,852.55","3,25,154","83,63,708","32.94"
"SBIN","EQ","12-Jul-2024","856.70","856.70","863.00","855.30","861.00","859.70","859.68","1,14,46,064","9,84,00,00,639.30","1,92,216","45,36,220","39.63"
"SBIN","EQ","11-Jul-2024","849.00","854.40","858.30","849.75","856.15","856.70","854.92","85,01,366","7,26,79,81,108.40","1,77,916","26,37,273","31.02"
"SBIN","EQ","10-Jul-2024","861.30","860.10","860.25","843.50","850.05","849.00","850.31","1,73,43,236","14,74,71,73,777.10","2,69,867","62,92,509","36.28"
"SBIN","EQ","09-Jul-2024","856.25","859.90","869.95","856.00","856.50","861.30","863.76","1,35,85,081","11,73,42,73,121.90","2,43,152","50,07,077","36.86"
"SBIN","EQ","08-Jul-2024","859.75","859.75","865.00","853.50","856.75","856.25","858.53","1,03,59,800","8,89,42,48,888.25","1,58,034","33,38,756","32.23"
"SBIN","EQ","05-Jul-2024","839.30","838.00","861.25","837.00","859.60","859.75","850.91","2,48,73,722","21,16,52,31,702.90","2,79,716","1,15,85,088","46.58"
"SBIN","EQ","04-Jul-2024","839.95","843.00","844.90","834.30","838.50","839.30","839.96","1,33,72,587","11,23,24,13,805.95","1,90,968","62,53,980","46.77"
"SBIN","EQ","03-Jul-2024","826.15","829.00","843.85","825.00","841.05","839.95","834.97","2,35,98,009","19,70,35,18,122.60","2,63,776","72,03,496","30.53"
"SBIN","EQ","02-Jul-2024","841.95","844.00","846.30","823.15","827.60","826.15","832.38","2,11,42,840","17,59,88,99,832.20","4,06,548","94,02,717","44.47"
"SBIN","EQ","01-Jul-2024","848.95","849.35","850.50","839.95","842.80","841.95","843.77","1,09,67,797","9,25,42,44,639.05","2,00,173","52,95,644","48.28"
"SBIN","EQ","28-Jun-2024","844.00","846.90","864.00","844.00","848.80","848.95","855.04","2,36,36,388","20,21,01,23,469.85","3,23,370","1,09,13,744","46.17"
"SBIN","EQ","27-Jun-2024","845.35","843.90","847.40","838.25","845.00","844.00","843.39","2,03,78,887","17,18,74,12,738.55","3,20,327","87,52,271","42.95"
"SBIN","EQ","26-Jun-2024","842.25","839.85","848.80","836.00","844.25","845.35","843.76","1,62,81,760","13,73,78,68,669.05","2,36,219","59,08,154","36.29"
"SBIN","EQ","25-Jun-2024","832.70","837.00","845.85","834.30","841.95","842.25","841.30","2,09,17,530","17,59,78,95,341.85","2,78,788","75,56,039","36.12"
"SBIN","EQ","24-Jun-2024","836.30","831.50","836.00","821.05","833.50","832.70","829.99","1,27,15,254","10,55,35,68,351.95","2,29,601","32,92,589","25.89"
"SBIN","EQ","21-Jun-2024","843.75","844.90","848.05","828.60","834.45","836.30","837.22","1,89,90,090","15,89,88,75,069.30","3,05,592","69,76,007","36.73"
"SBIN","EQ","20-Jun-2024","852.60","853.00","853.10","842.35","844.90","843.75","846.89","1,39,85,352","11,84,41,05,365.70","2,14,049","57,53,476","41.14"
"SBIN","EQ","19-Jun-2024","844.90","846.80","860.60","841.00","854.30","852.60","850.68","3,29,25,140","28,00,86,46,934.95","3,94,742","1,05,17,183","31.94"
"SBIN","EQ","18-Jun-2024","839.20","841.55","851.50","840.25","845.30","844.90","847.17","1,49,29,083","12,64,75,06,030.85","2,41,973","64,29,345","43.07"
"SBIN","EQ","14-Jun-2024","843.90","845.00","849.90","835.10","839.20","839.20","841.90","1,29,03,496","10,86,34,38,124.70","2,06,549","43,97,179","34.08"
"SBIN","EQ","13-Jun-2024","839.10","845.00","845.90","836.10","844.95","843.90","842.29","1,25,23,972","10,54,88,43,617.45","1,85,661","64,30,720","51.35"
"SBIN","EQ","12-Jun-2024","835.55","837.00","845.55","833.00","838.85","839.10","840.25","1,50,71,442","12,66,38,19,955.65","2,47,749","47,64,091","31.61"
"SBIN","EQ","11-Jun-2024","831.80","836.00","839.60","829.05","835.50","835.55","835.28","1,47,54,408","12,32,40,05,252.55","2,23,238","56,08,419","38.01"
"SBIN","EQ","10-Jun-2024","829.95","834.15","845.45","829.20","830.80","831.80","837.18","1,67,25,508","14,00,22,92,421.20","2,83,108","64,25,667","38.42"
"SBIN","EQ","07-Jun-2024","816.95","819.90","831.50","810.50","829.25","829.95","823.33","2,50,61,284","20,63,38,08,796.00","3,46,989","80,75,639","32.22"
"SBIN","EQ","06-Jun-2024","789.75","800.00","833.35","796.00","817.00","816.95","818.98","4,05,55,649","33,21,41,56,708.95","6,11,412","1,33,80,701","32.99"
"SBIN","EQ","05-Jun-2024","775.20","790.75","795.00","744.05","787.55","789.75","771.20","7,42,56,082","57,26,65,40,264.65","11,47,451","2,92,24,251","39.36"
"SBIN","EQ","04-Jun-2024","905.65","897.00","897.00","731.95","784.60","775.20","803.85","12,23,81,193","98,37,57,60,977.65","19,04,773","5,09,09,322","41.60"
"SBIN","EQ","03-Jun-2024","830.35","863.55","912.00","856.75","909.05","905.65","890.20","6,42,69,020","57,21,23,26,883.50","12,42,769","2,80,51,367","43.65"
"SBIN","EQ","31-May-2024","825.85","830.70","835.00","817.10","832.25","830.35","827.92","2,22,67,336","18,43,55,62,035.65","3,13,614","1,02,55,254","46.06"
"SBIN","EQ","30-May-2024","822.65","821.40","836.00","819.30","828.90","825.85","828.27","1,78,18,705","14,75,86,26,273.60","4,38,243","83,08,344","46.63"
"SBIN","T0","29-May-2024","831.15","826.00","826.00","826.00","826.00","822.65","826.00","1","826.00","1","1","100.00"
"SBIN","EQ","29-May-2024","831.15","828.40","834.45","819.30","825.00","822.65","825.29","1,45,18,232","11,98,17,97,386.95","2,43,373","62,30,239","42.91"
"SBIN","EQ","28-May-2024","833.70","835.70","840.70","823.30","830.80","831.15","832.45","1,38,18,893","11,50,35,19,499.10","2,06,371","68,78,029","49.77"
"SBIN","EQ","27-May-2024","828.60","832.60","839.40","823.00","833.35","833.70","833.52","1,22,95,193","10,24,83,01,213.70","2,19,095","42,03,176","34.19"
"SBIN","EQ","24-May-2024","832.10","830.00","841.25","827.00","828.00","828.60","835.17","1,22,52,075","10,23,25,81,868.55","2,36,666","46,94,848","38.32"
"SBIN","EQ","23-May-2024","818.75","824.70","835.50","822.00","829.85","832.10","830.11","1,74,97,488","14,52,48,11,082.60","2,97,207","54,22,183","30.99"
"SBIN","EQ","22-May-2024","830.65","826.55","826.65","813.55","818.75","818.75","819.27","1,92,39,277","15,76,21,79,196.85","3,03,784","93,83,288","48.77"
"SBIN","EQ","21-May-2024","821.00","821.00","836.30","819.60","830.00","830.65","830.06","1,40,37,801","11,65,21,54,522.45","2,99,301","55,33,304","39.42"
"SBIN","EQ","18-May-2024","817.85","822.00","823.00","819.20","821.50","821.00","820.96","9,60,453","78,84,96,867.55","18,745","6,09,834","63.49"
"SBIN","EQ","17-May-2024","811.95","814.50","822.45","811.20","817.35","817.85","817.69","1,24,92,509","10,21,49,79,481.60","2,38,755","52,74,836","42.22"
"SBIN","EQ","16-May-2024","820.30","825.30","826.15","797.35","812.30","811.95","810.77","2,05,36,990","16,65,08,76,495.95","3,98,702","73,33,149","35.71"
"SBIN","EQ","15-May-2024","818.20","821.00","825.30","818.05","820.70","820.30","821.25","97,55,062","8,01,13,23,408.05","1,84,595","26,71,170","27.38"
"SBIN","EQ","14-May-2024","808.80","813.00","822.40","807.90","817.90","818.20","815.81","1,09,12,462","8,90,24,78,688.10","2,15,574","39,08,344","35.82"
"SBIN","EQ","13-May-2024","817.35","819.85","819.85","798.60","808.95","808.80","807.30","1,53,98,505","12,43,12,53,183.15","3,00,588","53,05,042","34.45"
"SBIN","EQ","10-May-2024","819.80","827.00","832.05","815.60","816.85","817.35","822.63","2,05,43,142","16,89,94,81,306.25","3,37,836","69,22,409","33.70"
"SBIN","EQ","09-May-2024","810.80","811.90","839.65","803.55","820.00","819.80","820.70","4,92,90,254","40,45,25,25,638.00","7,10,585","1,68,59,500","34.20"
"SBIN","EQ","08-May-2024","801.90","802.60","822.00","799.50","811.40","810.80","811.87","2,79,08,322","22,65,78,96,599.95","4,16,012","1,54,09,013","55.21"
"SBIN","EQ","07-May-2024","807.80","812.00","814.65","793.20","803.65","801.90","802.82","1,67,25,013","13,42,71,69,707.45","3,33,003","78,51,037","46.94"
"SBIN","EQ","06-May-2024","831.45","835.00","836.00","803.00","809.50","807.80","809.69","3,52,83,557","28,56,86,03,442.05","4,20,532","2,01,78,148","57.19"
"SBIN","EQ","03-May-2024","830.05","834.80","836.20","820.00","831.00","831.45","828.02","2,26,67,634","18,76,93,16,179.15","2,99,662","1,21,18,380","53.46"
"SBIN","EQ","02-May-2024","826.25","826.90","833.90","825.00","830.45","830.05","830.43","1,99,43,724","16,56,17,98,987.10","4,25,940","1,02,87,198","51.58"
"SBIN","EQ","30-Apr-2024","826.50","826.50","834.85","819.90","821.00","826.25","827.56","2,74,49,073","22,71,57,42,484.05","3,76,985","94,19,363","34.32"
"SBIN","EQ","29-Apr-2024","801.30","807.00","831.25","798.70","825.00","826.50","817.53","2,73,02,732","22,32,07,52,043.65","3,71,639","76,46,173","28.01"
"SBIN","T0","26-Apr-2024","812.70","800.50","800.50","800.50","800.50","801.30","800.50","10","8,005.00","1","10","100.00"
"SBIN","EQ","26-Apr-2024","812.70","815.90","816.90","798.90","803.20","801.30","804.98","1,49,64,358","12,04,60,26,651.85","3,20,781","64,91,614","43.38"
"SBIN","EQ","25-Apr-2024","773.10","770.65","814.40","769.65","812.00","812.70","798.71","3,67,32,974","29,33,91,61,191.35","4,90,497","1,64,75,930","44.85"
"SBIN","EQ","24-Apr-2024","773.00","778.50","778.50","770.20","772.50","773.10","772.96","78,42,615","6,06,20,53,959.30","1,63,729","33,98,638","43.34"
"SBIN","EQ","23-Apr-2024","766.10","770.35","777.70","765.55","773.00","773.00","772.87","1,22,92,429","9,50,04,56,626.70","3,90,560","54,72,804","44.52"
"SBIN","EQ","22-Apr-2024","750.45","754.15","769.00","750.45","768.15","766.10","760.71","1,74,52,186","13,27,60,83,461.55","3,20,047","99,11,278","56.79"
"SBIN","EQ","19-Apr-2024","744.80","734.50","752.00","732.05","750.00","750.45","743.33","1,08,86,554","8,09,23,49,855.55","1,91,080","34,83,310","32.00"
"SBIN","EQ","18-Apr-2024","751.70","752.05","759.95","742.00","746.10","744.80","750.48","1,45,89,648","10,94,92,56,502.45","2,71,371","58,20,263","39.89"
"SBIN","EQ","16-Apr-2024","757.50","751.25","754.90","744.40","752.80","751.70","750.07","1,33,38,991","10,00,52,42,780.00","2,02,899","57,69,212","43.25"
"SBIN","EQ","15-Apr-2024","766.30","759.80","763.30","748.75","758.90","757.50","756.89","1,13,56,572","8,59,57,00,637.00","2,03,154","33,94,129","29.89"
"SBIN","EQ","12-Apr-2024","779.05","777.25","779.50","764.80","766.55","766.30","772.32","1,44,08,722","11,12,81,57,762.80","2,45,294","75,25,415","52.23"
"SBIN","EQ","10-Apr-2024","764.20","766.50","780.70","763.65","777.40","779.05","772.90","1,45,30,669","11,23,07,49,541.10","2,01,570","60,83,772","41.87"
"SBIN","EQ","09-Apr-2024","768.30","768.45","772.45","761.10","765.05","764.20","766.79","74,65,892","5,72,47,66,013.05","1,27,868","22,70,132","30.41"
"SBIN","T0","08-Apr-2024","764.75","762.00","762.00","762.00","762.00","768.30","762.00","1","762.00","1","1","100.00"
"SBIN","EQ","08-Apr-2024","764.75","766.05","770.00","761.80","767.60","768.30","766.03","97,97,174","7,50,49,31,342.05","1,93,392","45,73,077","46.68"
"SBIN","EQ","05-Apr-2024","759.30","757.95","767.70","752.60","765.90","764.75","760.39","99,39,620","7,55,79,66,836.05","1,59,848","32,84,683","33.05"
"SBIN","T0","04-Apr-2024","771.05","761.00","761.00","761.00","761.00","759.30","761.00","2","1,522.00","1","2","100.00"
"SBIN","EQ","04-Apr-2024","771.05","775.00","775.30","758.10","760.80","759.30","763.24","1,58,89,530","12,12,74,83,574.70","2,63,762","52,52,262","33.05"
"SBIN","EQ","03-Apr-2024","766.40","764.90","772.60","760.15","771.00","771.05","767.84","1,91,36,981","14,69,42,03,509.30","2,77,412","1,03,92,587","54.31"
"SBIN","T0","02-Apr-2024","758.30","763.00","763.00","761.00","761.00","766.40","761.50","4","3,046.00","4","2","50.00"
"SBIN","EQ","02-Apr-2024","758.30","758.20","768.75","753.35","765.95","766.40","761.63","1,57,13,063","11,96,75,15,949.70","1,99,522","71,22,583","45.33"
"SBIN","EQ","01-Apr-2024","752.35","759.05","761.50","752.10","758.00","758.30","757.16","99,49,971","7,53,36,78,627.05","1,55,072","35,87,578","36.06"
"SBIN","EQ","28-Mar-2024","733.30","737.75","759.55","736.90","752.95","752.35","750.83","2,17,05,116","16,29,67,64,834.75","2,50,615","89,96,115","41.45"
"SBIN","T0","28-Mar-2024","733.30","734.20","752.60","734.20","742.20","752.35","742.54","16","11,880.70","7","15","93.75"
"SBIN","EQ","27-Mar-2024","740.05","743.00","745.85","730.20","736.50","733.30","735.91","3,00,88,789","22,14,26,32,347.65","3,03,834","1,53,97,825","51.17"
"SBIN","EQ","26-Mar-2024","746.70","743.05","747.85","738.50","741.80","740.05","741.15","1,46,78,342","10,87,88,01,267.10","4,71,853","79,37,403","54.08"
"SBIN","EQ","22-Mar-2024","744.30","743.85","748.80","741.40","746.50","746.70","746.09","1,55,35,921","11,59,11,96,217.50","2,61,750","71,43,052","45.98"
"SBIN","EQ","21-Mar-2024","736.25","742.00","750.60","740.55","742.80","744.30","745.38","1,51,61,161","11,30,08,17,864.00","2,97,397","55,86,102","36.84"
"SBIN","EQ","20-Mar-2024","723.80","725.15","738.95","719.80","736.60","736.25","731.17","2,54,05,455","18,57,56,65,608.10","4,11,626","79,84,760","31.43"
"SBIN","EQ","19-Mar-2024","730.95","730.00","734.35","721.15","722.55","723.80","727.47","1,52,05,043","11,06,12,61,059.95","2,03,852","68,87,268","45.30"
"SBIN","EQ","18-Mar-2024","731.90","727.10","737.90","722.10","732.45","730.95","729.81","1,81,45,126","13,24,25,20,782.95","2,66,091","82,84,860","45.66"
"SBIN","EQ","15-Mar-2024","741.05","739.25","746.55","723.00","732.65","731.90","731.27","2,97,92,241","21,78,60,99,985.35","3,82,516","1,64,67,856","55.28"
"SBIN","EQ","14-Mar-2024","747.25","749.90","750.80","734.05","741.00","741.05","743.03","1,97,30,882","14,66,06,90,669.70","3,04,735","88,74,679","44.98"
"SBIN","EQ","13-Mar-2024","759.70","758.65","763.70","743.00","747.40","747.25","751.85","2,79,50,252","21,01,43,17,799.65","4,62,302","1,20,98,367","43.29"
"SBIN","EQ","12-Mar-2024","773.70","770.00","777.75","757.35","759.00","759.70","764.67","2,15,29,705","16,46,30,45,923.05","3,90,497","82,12,224","38.14"
"SBIN","EQ","11-Mar-2024","788.05","790.00","792.80","770.55","773.95","773.70","778.59","1,67,78,340","13,06,34,54,668.35","3,87,291","85,47,195","50.94"
"SBIN","EQ","07-Mar-2024","783.90","790.00","793.40","783.00","786.00","788.05","788.54","1,54,97,868","12,22,07,05,592.60","2,19,629","91,23,241","58.87"
"SBIN","EQ","06-Mar-2024","783.95","783.65","790.30","772.90","783.70","783.90","783.81","2,67,10,525","20,93,60,92,585.05","5,03,262","97,91,491","36.66"
"SBIN","EQ","05-Mar-2024","772.05","769.50","786.95","769.10","784.60","783.95","782.20","1,80,88,847","14,14,91,13,322.65","4,04,509","70,56,745","39.01"
"SBIN","EQ","04-Mar-2024","773.30","774.40","777.00","769.00","771.35","772.05","772.72","97,89,141","7,56,42,84,699.60","1,97,362","36,52,799","37.31"
"SBIN","EQ","02-Mar-2024","769.15","771.95","777.00","768.90","773.70","773.30","774.03","11,58,960","89,70,65,444.75","27,382","5,03,601","43.45"
"SBIN","EQ","01-Mar-2024","748.10","752.00","772.00","751.95","770.00","769.15","763.20","1,73,48,526","13,24,04,13,220.45","3,09,262","75,66,668","43.62"
"SBIN","EQ","29-Feb-2024","742.50","743.90","753.90","737.15","753.00","748.10","745.74","1,92,17,113","14,33,08,98,842.35","3,89,495","72,58,306","37.77"
"SBIN","EQ","28-Feb-2024","749.85","749.85","756.75","741.00","743.00","742.50","747.76","1,12,63,318","8,42,22,54,972.85","2,83,338","32,55,416","28.90"
"SBIN","EQ","27-Feb-2024","758.90","758.90","762.35","742.20","749.50","749.85","751.69","1,39,69,393","10,50,06,29,239.15","3,15,352","48,47,382","34.70"
"SBIN","EQ","26-Feb-2024","759.05","755.00","766.35","752.70","758.40","758.90","759.32","1,13,55,186","8,62,22,14,664.70","2,80,156","38,88,203","34.24"
"SBIN","EQ","23-Feb-2024","765.90","765.90","770.50","755.00","760.35","759.05","761.81","1,41,43,636","10,77,48,10,691.75","4,79,997","54,26,016","38.36"
"SBIN","EQ","22-Feb-2024","771.50","773.00","773.00","757.00","766.95","765.90","764.01","1,87,99,244","14,36,28,48,260.80","3,72,278","68,31,114","36.34"
"SBIN","EQ","21-Feb-2024","760.10","760.65","777.50","759.60","772.05","771.50","770.65","2,14,65,311","16,54,22,28,829.40","4,41,746","61,58,114","28.69"
"SBIN","EQ","20-Feb-2024","759.25","759.05","763.50","754.00","760.65","760.10","759.33","1,25,28,399","9,51,31,87,763.75","2,60,985","43,18,800","34.47"
"SBIN","EQ","19-Feb-2024","754.70","758.70","765.00","750.00","759.65","759.25","758.61","1,39,79,584","10,60,50,31,489.65","2,53,774","44,58,749","31.89"
"SBIN","EQ","16-Feb-2024","761.70","763.45","774.60","753.35","757.35","754.70","763.14","2,73,65,121","20,88,33,78,535.90","5,19,358","1,15,24,648","42.11"
"SBIN","EQ","15-Feb-2024","743.40","747.70","764.00","741.65","760.40","761.70","754.14","3,39,41,282","25,59,65,07,159.35","8,63,114","1,50,61,490","44.38"
"SBIN","EQ","14-Feb-2024","713.45","705.55","748.50","705.55","743.00","743.40","730.54","3,67,82,182","26,87,09,28,805.05","4,93,455","1,21,56,464","33.05"
"SBIN","EQ","13-Feb-2024","707.90","708.55","718.00","702.15","711.35","713.45","711.68","2,33,51,472","16,61,86,87,259.40","3,64,739","66,98,293","28.68"
"SBIN","EQ","12-Feb-2024","725.25","726.00","726.00","704.50","707.00","707.90","713.27","2,28,73,137","16,31,48,27,822.60","5,73,623","86,70,324","37.91"
"SBIN","EQ","09-Feb-2024","699.55","703.65","728.35","694.20","725.45","725.25","711.47","4,32,35,061","30,76,02,44,551.05","7,57,763","1,67,93,764","38.84"
"SBIN","EQ","08-Feb-2024","675.25","680.40","718.90","678.50","699.80","699.55","700.87","7,42,22,434","52,02,06,33,464.10","9,78,644","3,17,13,090","42.73"
"SBIN","EQ","07-Feb-2024","650.25","655.05","677.95","655.00","677.50","675.25","669.94","4,16,96,232","27,93,40,60,703.15","7,97,692","1,64,05,107","39.34"
"SBIN","EQ","06-Feb-2024","642.95","644.45","655.00","637.70","654.80","650.25","644.26","1,40,79,390","9,07,07,37,392.70","2,30,842","45,25,485","32.14"
"SBIN","EQ","05-Feb-2024","649.65","647.10","654.80","638.75","643.00","642.95","646.89","2,83,39,525","18,33,25,81,475.65","3,48,687","98,95,120","34.92"
"SBIN","EQ","02-Feb-2024","647.65","652.00","660.55","646.70","648.00","649.65","653.81","2,74,71,811","17,96,12,31,828.75","3,62,306","97,52,154","35.50"
"SBIN","EQ","01-Feb-2024","640.50","642.75","652.95","633.25","648.50","647.65","644.85","2,65,87,707","17,14,50,97,528.60","3,41,287","88,70,846","33.36"
"SBIN","EQ","31-Jan-2024","626.75","626.40","643.20","622.00","641.55","640.50","634.65","2,32,70,745","14,76,87,84,599.55","3,31,696","87,73,593","37.70"
"SBIN","EQ","30-Jan-2024","622.95","625.45","633.50","624.20","625.50","626.75","628.36","1,69,66,577","10,66,11,20,748.15","3,40,803","66,29,436","39.07"
"SBIN","EQ","29-Jan-2024","612.75","619.00","629.50","615.60","624.20","622.95","622.28","1,95,72,140","12,17,92,66,716.90","3,75,931","1,06,33,301","54.33"
"SBIN","EQ","25-Jan-2024","618.30","618.50","623.80","606.25","615.00","612.75","612.47","2,26,84,904","13,89,39,36,068.05","2,95,756","1,01,32,801","44.67"
"SBIN","EQ","24-Jan-2024","605.10","609.95","622.35","603.10","618.00","618.30","615.78","1,92,21,835","11,83,64,60,488.35","2,74,606","81,17,404","42.23"
"SBIN","EQ","23-Jan-2024","631.40","627.00","634.90","600.65","606.00","605.10","613.88","3,09,54,343","19,00,24,05,937.25","4,09,569","1,42,65,326","46.09"
"SBIN","EQ","20-Jan-2024","627.75","629.00","633.80","624.10","631.00","631.40","628.99","98,86,760","6,21,87,02,860.50","1,33,765","22,67,972","22.94"
"SBIN","EQ","19-Jan-2024","628.30","633.00","635.50","624.70","628.70","627.75","629.47","1,16,75,202","7,34,91,40,974.30","2,08,754","53,57,034","45.88"
"SBIN","EQ","18-Jan-2024","626.00","625.80","633.45","619.05","628.50","628.30","627.46","1,46,95,436","9,22,07,94,332.40","2,39,183","56,74,908","38.62"
"SBIN","EQ","17-Jan-2024","636.90","624.00","636.80","623.00","626.45","626.00","628.60","3,00,16,308","18,86,83,96,654.85","4,28,458","93,47,325","31.14"
"SBIN","EQ","16-Jan-2024","640.10","640.00","644.90","633.45","637.55","636.90","639.72","1,50,25,543","9,61,21,87,789.45","2,53,396","63,76,490","42.44"
"SBIN","EQ","15-Jan-2024","633.60","638.90","645.50","636.10","640.80","640.10","640.23","1,68,44,018","10,78,40,99,571.95","3,00,031","73,73,550","43.78"
"SBIN","EQ","12-Jan-2024","620.20","623.80","636.50","621.10","635.25","633.60","630.54","1,66,20,797","10,48,01,04,627.65","3,02,558","80,21,953","48.26"
"SBIN","EQ","11-Jan-2024","621.75","626.00","627.15","618.50","621.25","620.20","621.85","1,55,33,860","9,65,97,92,551.10","2,84,550","99,49,858","64.05"
"SBIN","EQ","10-Jan-2024","625.40","624.80","625.30","618.20","622.00","621.75","622.15","1,27,42,464","7,92,76,74,893.10","2,13,657","71,78,612","56.34"
"SBIN","EQ","09-Jan-2024","627.00","632.00","634.35","624.50","625.95","625.40","629.70","1,34,00,235","8,43,80,88,899.05","2,36,123","54,99,185","41.04"
"SBIN","EQ","08-Jan-2024","641.95","640.00","645.00","625.05","627.90","627.00","633.49","1,47,39,531","9,33,73,25,175.95","3,36,839","68,36,375","46.38"
"SBIN","EQ","05-Jan-2024","642.75","645.00","651.75","637.75","641.45","641.95","645.02","1,59,84,585","10,31,04,53,920.00","2,72,662","60,17,286","37.64"
"SBIN","EQ","04-Jan-2024","643.45","642.50","646.40","638.65","643.60","642.75","642.95","1,38,83,388","8,92,63,55,539.75","2,71,568","68,90,470","49.63"
"SBIN","EQ","03-Jan-2024","639.45","639.35","648.00","635.80","644.50","643.45","643.21","1,45,71,772","9,37,27,32,858.90","2,52,225","55,71,546","38.24"
"SBIN","EQ","02-Jan-2024","641.35","641.35","648.00","633.85","639.20","639.45","640.47","1,51,64,482","9,71,23,46,967.95","2,49,803","57,63,498","38.01"
"SBIN","EQ","01-Jan-2024","642.05","642.20","646.90","638.00","638.10","641.35","643.93","82,95,548","5,34,17,16,373.30","2,57,804","38,22,880","46.08"
"SBIN","EQ","29-Dec-2023","651.40","645.50","649.60","639.55","641.70","642.05","642.49","1,32,21,898","8,49,49,32,618.15","3,32,467","63,11,045","47.73"
"SBIN","EQ","28-Dec-2023","648.55","650.25","653.30","646.50","649.30","651.40","650.46","1,69,82,092","11,04,61,12,701.50","3,01,058","76,77,028","45.21"
"SBIN","EQ","27-Dec-2023","638.05","640.75","649.45","639.00","648.65","648.55","645.18","1,44,17,646","9,30,19,72,173.20","2,95,473","63,51,229","44.05"
"SBIN","EQ","26-Dec-2023","636.75","638.85","641.30","635.65","638.50","638.05","639.19","1,01,53,089","6,48,97,68,989.95","2,98,625","39,85,685","39.26"
"SBIN","EQ","22-Dec-2023","643.75","644.75","649.40","635.15","637.20","636.75","642.31","1,49,98,068","9,63,33,65,890.05","3,07,210","55,32,417","36.89"
"SBIN","EQ","21-Dec-2023","636.45","632.15","648.95","627.50","644.00","643.75","639.02","1,99,15,516","12,72,64,51,072.85","3,47,188","80,72,018","40.53"
"SBIN","EQ","20-Dec-2023","655.40","658.70","660.40","633.95","634.55","636.45","647.91","2,25,42,056","14,60,51,96,613.65","4,19,233","98,02,178","43.48"
"SBIN","EQ","19-Dec-2023","648.50","648.50","659.60","640.25","656.00","655.40","652.88","1,99,64,008","13,03,41,25,974.85","3,84,049","72,63,113","36.38"
"SBIN","EQ","18-Dec-2023","648.25","646.65","655.65","642.40","647.60","648.50","650.04","1,62,21,796","10,54,48,32,650.95","3,47,590","64,66,062","39.86"
"SBIN","EQ","15-Dec-2023","623.65","628.00","650.00","619.85","648.30","648.25","638.08","2,98,13,572","19,02,34,30,389.90","4,33,979","1,23,98,365","41.59"
"SBIN","EQ","14-Dec-2023","619.85","626.00","627.75","622.40","623.65","623.65","624.37","1,58,13,797","9,87,36,63,687.10","3,36,921","78,62,531","49.72"
"SBIN","EQ","13-Dec-2023","612.40","614.45","620.50","611.65","619.00","619.85","616.90","1,39,77,914","8,62,29,77,354.10","2,79,821","59,30,859","42.43"
"SBIN","EQ","12-Dec-2023","614.25","617.00","617.95","610.80","612.05","612.40","613.75","1,44,94,836","8,89,61,94,867.15","2,82,774","76,74,743","52.95"
"SBIN","EQ","11-Dec-2023","614.15","615.00","619.90","613.10","614.20","614.25","615.99","1,17,06,255","7,21,08,78,840.80","2,85,158","52,44,532","44.80"
"SBIN","EQ","08-Dec-2023","611.70","610.00","616.80","605.35","614.50","614.15","610.67","1,77,22,136","10,82,23,16,306.20","2,94,891","77,90,149","43.96"
"SBIN","EQ","07-Dec-2023","608.45","610.00","612.55","605.00","611.50","611.70","609.73","1,07,25,706","6,53,97,46,289.50","2,48,309","48,15,801","44.90"
"SBIN","EQ","06-Dec-2023","608.25","614.00","614.00","604.55","607.70","608.45","609.96","2,14,39,069","13,07,69,49,822.20","2,73,409","92,32,102","43.06"
"SBIN","EQ","05-Dec-2023","594.70","595.05","611.30","595.05","608.25","608.25","606.37","3,64,30,152","22,09,01,96,336.45","4,32,396","1,45,88,724","40.05"
"SBIN","EQ","04-Dec-2023","571.75","588.00","596.00","584.55","595.90","594.70","590.28","2,60,77,882","15,39,31,75,008.05","3,86,859","1,38,63,658","53.16"
"SBIN","EQ","01-Dec-2023","564.75","567.00","574.20","566.55","571.85","571.75","571.83","1,06,14,230","6,06,95,42,121.05","1,89,868","53,20,016","50.12"
"SBIN","EQ","30-Nov-2023","568.60","569.75","570.20","563.65","565.15","564.75","566.22","1,97,58,998","11,18,79,29,536.50","3,14,822","1,08,08,653","54.70"
"SBIN","EQ","29-Nov-2023","564.45","568.00","569.00","565.10","568.35","568.60","567.58","1,02,99,034","5,84,55,06,569.15","2,06,929","63,81,892","61.97"
"SBIN","EQ","28-Nov-2023","560.35","563.60","565.20","561.10","564.80","564.45","563.42","81,53,314","4,59,37,27,819.70","1,86,090","40,67,321","49.89"
"SBIN","EQ","24-Nov-2023","559.95","561.95","562.45","559.25","560.70","560.35","560.63","65,29,851","3,66,08,04,948.55","1,55,259","33,23,702","50.90"
"SBIN","EQ","23-Nov-2023","558.95","561.75","563.50","558.30","560.50","559.95","560.72","63,76,210","3,57,52,82,774.35","1,98,344","22,54,110","35.35"
"SBIN","EQ","22-Nov-2023","561.50","562.95","564.50","555.15","559.50","558.95","559.00","1,49,09,071","8,33,42,45,035.50","2,47,815","76,09,977","51.04"
"SBIN","EQ","21-Nov-2023","563.75","566.00","566.65","561.00","561.40","561.50","563.11","1,42,80,013","8,04,12,32,058.75","2,23,495","92,09,902","64.50"
"SBIN","EQ","20-Nov-2023","563.05","564.00","566.80","560.60","563.50","563.75","564.68","1,27,14,585","7,17,96,13,743.45","2,64,832","75,96,353","59.75"
"SBIN","EQ","17-Nov-2023","584.65","574.50","574.50","562.10","562.90","563.05","566.16","3,71,73,221","21,04,59,79,976.30","6,82,644","2,34,18,513","63.00"
"SBIN","EQ","16-Nov-2023","584.70","584.70","588.00","582.90","584.10","584.65","585.40","86,22,660","5,04,76,71,165.75","1,79,964","40,86,521","47.39"
"SBIN","EQ","15-Nov-2023","581.35","587.25","588.00","582.60","584.00","584.70","584.93","1,13,97,676","6,66,68,56,921.25","2,21,182","46,65,661","40.94"
"SBIN","EQ","13-Nov-2023","581.30","581.00","582.50","575.20","581.30","581.35","578.71","1,12,82,362","6,52,91,78,380.05","1,77,978","51,61,793","45.75"
"SBIN","EQ","12-Nov-2023","579.50","584.75","584.75","580.10","580.85","581.30","581.85","19,47,722","1,13,32,73,076.55","53,935","10,09,020","51.81"
"SBIN","EQ","10-Nov-2023","578.35","577.80","581.00","575.40","580.25","579.50","578.70","67,73,038","3,91,95,67,928.90","1,19,792","28,40,557","41.94"
"SBIN","EQ","09-Nov-2023","580.30","581.00","581.85","576.50","577.60","578.35","578.27","1,24,34,363","7,19,04,09,015.15","1,67,584","64,02,370","51.49"
"SBIN","EQ","08-Nov-2023","579.75","581.90","582.60","579.00","580.40","580.30","580.52","1,54,34,808","8,96,01,48,835.65","3,91,419","51,69,837","33.49"
"SBIN","EQ","07-Nov-2023","574.35","574.80","581.20","572.60","580.35","579.75","577.36","1,79,23,281","10,34,81,72,706.10","4,66,280","62,44,715","34.84"
"SBIN","EQ","06-Nov-2023","578.15","582.00","582.50","573.25","573.95","574.35","575.70","1,64,99,138","9,49,84,82,029.95","3,30,138","85,23,583","51.66"
"SBIN","EQ","03-Nov-2023","572.10","576.00","579.50","573.45","579.15","578.15","577.35","1,13,71,371","6,56,52,79,355.45","2,05,720","65,89,318","57.95"
"SBIN","EQ","02-Nov-2023","566.40","571.10","575.45","567.60","572.00","572.10","571.18","1,11,48,516","6,36,78,49,377.00","2,12,716","34,40,074","30.86"
"SBIN","EQ","01-Nov-2023","565.55","566.25","569.65","563.85","567.30","566.40","567.16","1,35,75,575","7,69,95,15,897.65","2,40,220","33,88,690","24.96"
"SBIN","EQ","31-Oct-2023","565.20","567.00","569.50","563.15","565.95","565.55","566.37","1,30,39,696","7,38,53,12,631.25","2,36,664","37,14,133","28.48"
"SBIN","EQ","30-Oct-2023","561.15","563.00","566.70","556.50","566.20","565.20","562.29","85,93,704","4,83,21,88,898.35","1,91,150","39,58,500","46.06"
"SBIN","EQ","27-Oct-2023","547.00","550.00","562.50","550.00","561.70","561.15","558.49","1,04,15,296","5,81,68,77,868.95","2,10,599","38,90,100","37.35"
"SBIN","EQ","26-Oct-2023","556.20","551.45","552.90","543.20","547.00","547.00","547.27","1,94,24,825","10,63,06,51,336.60","3,17,445","87,00,995","44.79"
"SBIN","EQ","25-Oct-2023","552.95","558.60","560.80","553.60","556.60","556.20","557.67","1,21,34,624","6,76,71,61,161.25","2,62,171","60,42,264","49.79"
"SBIN","EQ","23-Oct-2023","563.10","563.10","566.00","551.00","552.40","552.95","559.35","1,18,75,035","6,64,23,19,960.75","2,63,251","49,62,537","41.79"
"SBIN","EQ","20-Oct-2023","571.20","569.90","570.00","562.10","562.80","563.10","565.15","1,11,10,988","6,27,93,75,187.50","2,82,726","55,78,493","50.21"
"SBIN","EQ","19-Oct-2023","572.65","569.80","574.00","567.00","571.30","571.20","570.92","1,14,41,499","6,53,21,50,778.60","2,39,777","50,51,411","44.15"
"SBIN","EQ","18-Oct-2023","576.45","577.75","579.25","569.35","572.75","572.65","573.26","1,17,77,454","6,75,15,31,244.10","2,70,057","56,08,793","47.62"
"SBIN","EQ","17-Oct-2023","575.65","577.70","579.95","575.30","576.70","576.45","577.46","1,07,65,224","6,21,64,66,935.70","2,69,728","58,59,053","54.43"
"SBIN","EQ","16-Oct-2023","576.15","576.00","578.75","571.50","575.50","575.65","576.02","1,12,90,293","6,50,33,88,837.60","4,85,503","63,32,284","56.09"
"SBIN","EQ","13-Oct-2023","586.05","577.75","581.30","574.80","576.20","576.15","577.07","1,90,64,577","11,00,16,25,403.05","4,65,129","1,03,07,019","54.06"
"SBIN","EQ","12-Oct-2023","588.35","590.80","593.00","585.00","585.60","586.05","588.33","1,19,83,797","7,05,03,77,951.75","1,71,954","70,22,541","58.60"
"SBIN","EQ","11-Oct-2023","591.65","596.90","597.00","587.60","588.90","588.35","591.39","1,42,20,119","8,40,95,71,970.95","2,09,131","71,81,314","50.50"
"SBIN","EQ","10-Oct-2023","585.10","587.00","595.00","585.75","591.20","591.65","590.68","1,03,73,508","6,12,74,06,833.20","2,50,192","37,31,487","35.97"
"SBIN","EQ","09-Oct-2023","594.25","588.00","589.00","581.55","584.55","585.10","584.53","91,89,597","5,37,16,08,921.20","2,35,554","38,91,031","42.34"
"SBIN","EQ","06-Oct-2023","592.15","593.40","598.95","592.20","594.00","594.25","595.04","82,16,780","4,88,92,95,417.95","1,87,684","24,38,547","29.68"
"SBIN","EQ","05-Oct-2023","586.25","590.00","594.35","587.10","592.00","592.15","591.18","1,32,48,028","7,83,20,00,311.45","2,09,600","52,18,527","39.39"
"SBIN","EQ","04-Oct-2023","602.95","600.00","600.45","584.45","585.20","586.25","590.41","2,49,14,612","14,70,97,73,963.60","3,08,578","1,21,45,737","48.75"
"SBIN","EQ","03-Oct-2023","598.55","596.60","604.90","589.60","603.10","602.95","597.63","1,53,22,196","9,15,69,85,818.05","2,45,784","83,12,801","54.25"
"SBIN","EQ","29-Sep-2023","589.95","592.85","600.00","591.30","598.30","598.55","597.22","1,21,89,735","7,27,99,47,317.40","2,24,164","48,67,517","39.93"
"SBIN","EQ","28-Sep-2023","589.75","591.25","595.20","588.85","590.50","589.95","591.37","2,19,60,816","12,98,69,61,371.85","2,87,488","97,46,149","44.38"
"SBIN","EQ","27-Sep-2023","594.40","593.45","594.30","588.20","590.00","589.75","590.74","98,65,347","5,82,78,26,886.25","2,32,626","52,84,601","53.57"
"SBIN","EQ","26-Sep-2023","594.05","594.00","595.00","591.25","594.45","594.40","593.80","83,27,427","4,94,48,09,375.45","1,85,873","28,88,462","34.69"
"SBIN","EQ","25-Sep-2023","598.15","601.50","601.50","590.45","593.95","594.05","594.79","97,12,784","5,77,71,09,828.20","2,62,285","34,97,893","36.01"
"SBIN","EQ","22-Sep-2023","588.15","593.50","602.00","591.40","598.70","598.15","598.12","1,87,84,139","11,23,52,13,845.05","2,95,166","65,36,792","34.80"
"SBIN","EQ","21-Sep-2023","601.10","600.00","606.60","584.65","587.90","588.15","593.29","2,34,53,425","13,91,46,25,160.45","4,25,490","83,08,765","35.43"
"SBIN","EQ","20-Sep-2023","603.95","600.85","606.80","599.40","601.00","601.10","602.78","2,13,14,600","12,84,80,60,287.55","3,51,772","80,03,748","37.55"
"SBIN","EQ","18-Sep-2023","598.80","598.80","608.40","597.05","603.00","603.95","605.18","1,93,05,055","11,68,30,85,228.80","3,36,027","62,99,800","32.63"
"SBIN","EQ","15-Sep-2023","597.30","599.35","600.70","595.20","598.05","598.80","598.23","1,17,56,389","7,03,30,62,065.15","1,82,595","55,51,889","47.22"
"SBIN","EQ","14-Sep-2023","596.45","598.45","603.70","595.20","596.60","597.30","598.77","1,31,78,911","7,89,11,38,917.75","2,60,528","50,30,891","38.17"
"SBIN","EQ","13-Sep-2023","588.35","588.40","598.00","583.45","596.35","596.45","592.24","1,93,77,172","11,47,59,63,581.80","2,79,643","59,23,422","30.57"
"SBIN","EQ","12-Sep-2023","591.70","593.65","594.25","584.65","587.60","588.35","588.44","1,60,93,060","9,46,98,53,287.90","2,54,109","60,92,579","37.86"
"SBIN","EQ","11-Sep-2023","583.45","587.00","592.30","585.35","591.25","591.70","590.12","1,09,46,134","6,45,95,50,843.30","2,71,751","52,29,717","47.78"
"SBIN","EQ","08-Sep-2023","579.05","581.00","588.50","579.70","583.40","583.45","584.57","1,40,32,068","8,20,27,79,359.95","2,05,241","58,66,967","41.81"
"SBIN","EQ","07-Sep-2023","570.50","568.00","581.00","568.00","580.60","579.05","575.60","1,23,90,597","7,13,20,78,107.95","1,80,550","48,28,758","38.97"
"SBIN","EQ","06-Sep-2023","573.00","574.25","574.25","568.00","570.95","570.50","570.55","2,06,09,936","11,75,91,00,652.10","3,37,013","56,86,645","27.59"
"SBIN","EQ","05-Sep-2023","575.55","575.60","578.25","571.35","572.95","573.00","574.05","1,44,44,729","8,29,20,19,922.20","2,47,672","34,89,469","24.16"
"SBIN","EQ","04-Sep-2023","569.55","572.00","576.35","568.45","575.60","575.55","572.87","1,21,08,655","6,93,66,98,350.40","1,95,524","48,50,266","40.06"
"SBIN","EQ","01-Sep-2023","561.35","562.70","571.20","562.10","569.50","569.55","567.55","1,81,21,168","10,28,47,01,912.55","2,60,408","78,28,067","43.20"
"SBIN","EQ","31-Aug-2023","567.40","569.30","570.30","559.40","562.15","561.35","564.43","2,78,98,476","15,74,66,86,711.25","3,26,854","1,04,48,308","37.45"
"SBIN","EQ","30-Aug-2023","574.85","576.70","577.70","566.10","567.50","567.40","571.91","1,52,81,416","8,73,96,16,795.90","2,45,036","67,48,751","44.16"
"SBIN","EQ","29-Aug-2023","572.85","573.65","576.30","571.85","575.25","574.85","574.01","1,31,44,855","7,54,53,23,890.40","2,32,951","42,70,158","32.49"
"SBIN","EQ","28-Aug-2023","569.95","572.80","574.80","569.20","573.10","572.85","571.84","97,11,932","5,55,37,05,392.90","1,81,649","28,07,235","28.91"
"SBIN","EQ","25-Aug-2023","576.95","573.80","575.30","567.20","569.70","569.95","571.20","1,22,71,885","7,00,96,92,537.00","1,98,589","34,34,185","27.98"
"SBIN","EQ","24-Aug-2023","576.90","578.15","582.00","575.55","577.00","576.95","578.00","2,41,31,644","13,94,80,78,521.65","3,21,952","79,10,389","32.78"
"SBIN","EQ","23-Aug-2023","568.50","571.00","577.95","566.00","576.30","576.90","572.66","1,85,79,297","10,63,96,20,981.45","2,60,827","74,87,329","40.30"
"SBIN","EQ","22-Aug-2023","571.70","572.50","574.45","567.50","568.20","568.50","570.63","1,40,73,413","8,03,07,60,756.35","1,94,890","46,98,558","33.39"
"SBIN","EQ","21-Aug-2023","572.95","572.95","575.55","570.75","571.30","571.70","572.74","93,80,810","5,37,27,33,325.40","1,54,325","26,89,028","28.67"
"SBIN","EQ","18-Aug-2023","572.15","570.00","575.25","567.40","571.15","572.95","571.79","1,82,53,227","10,43,70,30,633.70","2,96,911","85,82,405","47.02"
"SBIN","EQ","17-Aug-2023","565.35","565.75","573.15","564.00","571.75","572.15","568.81","2,79,10,162","15,87,54,89,835.20","3,38,178","1,27,19,935","45.57"
"SBIN","EQ","16-Aug-2023","560.80","558.80","566.40","554.00","565.05","565.35","563.54","1,57,25,767","8,86,20,34,153.75","1,90,829","59,94,932","38.12"
"SBIN","EQ","14-Aug-2023","574.15","572.95","573.00","558.60","561.00","560.80","561.45","2,80,84,093","15,76,76,94,753.00","4,78,707","1,38,09,180","49.17"
"SBIN","EQ","11-Aug-2023","573.65","575.45","579.00","572.00","574.50","574.15","575.36","1,82,21,179","10,48,37,83,178.00","2,63,372","80,60,217","44.24"
"SBIN","EQ","10-Aug-2023","573.75","573.75","577.60","570.10","574.00","573.65","573.33","2,73,25,801","15,66,65,66,522.25","4,21,225","98,00,370","35.86"
"SBIN","EQ","09-Aug-2023","573.10","575.00","575.00","568.35","573.65","573.75","571.15","1,57,69,111","9,00,65,04,554.10","2,47,711","70,73,585","44.86"
"SBIN","EQ","08-Aug-2023","567.90","571.00","574.25","568.45","573.70","573.10","571.54","2,50,38,671","14,31,05,53,091.45","3,53,947","1,08,67,206","43.40"
"SBIN","EQ","07-Aug-2023","573.30","577.00","577.00","566.65","568.35","567.90","569.52","3,27,36,325","18,64,39,67,967.55","4,24,649","1,42,28,827","43.46"
"SBIN","EQ","04-Aug-2023","590.50","594.80","598.70","571.40","573.20","573.30","582.94","5,27,25,616","30,73,59,73,949.65","5,68,761","1,98,87,839","37.72"
"SBIN","EQ","03-Aug-2023","598.45","598.70","600.85","585.00","591.25","590.50","590.78","2,77,74,877","16,40,88,64,220.80","3,20,867","76,88,103","27.68"
"SBIN","EQ","02-Aug-2023","611.85","609.85","610.50","594.10","598.80","598.45","601.63","1,49,77,497","9,01,09,47,970.40","2,73,820","53,49,044","35.71"
"SBIN","EQ","01-Aug-2023","620.20","620.20","620.85","610.60","612.40","611.85","614.09","1,34,93,453","8,28,62,25,481.95","1,99,918","44,68,411","33.12"
"SBIN","EQ","31-Jul-2023","616.05","616.65","621.00","614.50","619.00","620.20","618.92","86,05,483","5,32,61,28,162.15","1,24,305","37,68,229","43.79"
"SBIN","EQ","28-Jul-2023","616.55","616.40","619.90","613.60","616.00","616.05","616.59","1,19,30,586","7,35,62,36,982.10","1,61,432","48,24,810","40.44"
"SBIN","EQ","27-Jul-2023","615.15","616.40","621.25","613.10","617.00","616.55","616.65","1,74,44,742","10,75,73,20,781.55","2,26,610","57,74,328","33.10"
"SBIN","EQ","26-Jul-2023","609.60","612.00","616.35","609.15","614.40","615.15","613.49","99,99,125","6,13,44,01,476.75","1,72,572","30,39,203","30.39"
"SBIN","EQ","25-Jul-2023","617.65","621.80","621.80","604.20","609.90","609.60","610.43","1,85,03,305","11,29,48,99,424.10","2,82,970","41,91,258","22.65"
"SBIN","EQ","24-Jul-2023","615.10","615.05","621.90","614.30","617.90","617.65","618.22","1,17,56,364","7,26,80,33,560.60","2,02,347","32,94,221","28.02"
"SBIN","EQ","21-Jul-2023","610.05","610.00","619.50","609.00","615.35","615.10","616.02","2,10,40,281","12,96,12,08,006.40","2,78,392","80,54,181","38.28"
"SBIN","EQ","20-Jul-2023","601.45","601.40","610.80","598.75","610.00","610.05","607.09","3,40,38,351","20,66,41,79,322.85","4,18,329","1,63,50,741","48.04"
"SBIN","EQ","19-Jul-2023","592.35","594.65","602.40","592.00","600.85","601.45","598.20","1,75,56,585","10,50,24,35,041.00","2,29,380","51,15,653","29.14"
"SBIN","EQ","18-Jul-2023","601.10","603.05","604.05","588.75","592.50","592.35","597.04","2,57,57,209","15,37,80,20,448.05","3,56,474","68,82,008","26.72"
"SBIN","EQ","17-Jul-2023","584.40","587.00","602.85","584.20","602.00","601.10","594.72","1,93,78,986","11,52,51,51,182.85","2,55,411","86,99,928","44.89"
"SBIN","EQ","14-Jul-2023","585.65","586.75","591.30","580.70","584.85","584.40","584.92","1,21,90,152","7,13,02,26,704.30","1,91,652","58,66,794","48.13"
"SBIN","EQ","13-Jul-2023","589.25","594.90","598.00","583.35","586.00","585.65","591.82","2,00,24,503","11,85,08,04,940.95","2,92,405","62,73,309","31.33"
"SBIN","EQ","12-Jul-2023","588.55","589.00","594.50","588.20","589.60","589.25","590.82","1,60,29,716","9,47,06,54,030.50","2,27,576","83,52,944","52.11"
"SBIN","EQ","11-Jul-2023","592.60","595.00","595.95","587.35","589.35","588.55","591.37","1,32,21,177","7,81,86,63,062.75","2,24,137","48,09,659","36.38"
"SBIN","EQ","10-Jul-2023","593.60","594.65","599.80","590.25","591.60","592.60","595.13","1,14,17,363","6,79,48,59,601.00","1,75,959","34,05,853","29.83"
"SBIN","EQ","07-Jul-2023","592.50","590.00","595.50","585.50","592.50","593.60","590.44","1,17,07,209","6,91,24,13,770.85","2,20,036","51,38,043","43.89"
"SBIN","EQ","06-Jul-2023","590.60","590.40","593.50","589.10","592.25","592.50","591.75","1,13,23,509","6,70,06,79,504.10","1,88,528","41,94,399","37.04"
"SBIN","EQ","05-Jul-2023","589.25","589.80","593.70","588.20","591.25","590.60","590.50","1,35,98,114","8,02,97,06,202.95","2,71,617","55,77,248","41.01"
"SBIN","EQ","04-Jul-2023","585.45","588.20","595.95","582.25","588.90","589.25","590.37","2,47,99,250","14,64,08,54,129.20","3,50,400","78,27,869","31.56"
"SBIN","EQ","03-Jul-2023","572.85","574.50","586.35","573.90","585.40","585.45","581.26","1,54,21,985","8,96,41,44,325.90","2,11,446","64,59,497","41.88"
"SBIN","EQ","30-Jun-2023","569.80","574.00","574.00","570.20","572.35","572.85","572.30","87,18,232","4,98,94,42,645.40","1,55,913","43,34,652","49.72"
"SBIN","EQ","28-Jun-2023","566.10","572.25","574.00","568.55","571.00","569.80","571.17","1,80,28,934","10,29,76,58,917.65","2,43,601","73,86,647","40.97"
"SBIN","EQ","27-Jun-2023","557.05","558.25","567.95","555.65","567.30","566.10","560.63","1,06,94,768","5,99,57,85,528.20","2,11,284","46,62,341","43.59"
"SBIN","EQ","26-Jun-2023","554.60","556.00","558.50","554.50","557.35","557.05","556.75","83,60,264","4,65,46,18,050.30","1,64,198","41,03,221","49.08"
"SBIN","EQ","23-Jun-2023","562.95","562.00","562.10","553.80","555.45","554.60","556.89","1,22,15,712","6,80,28,03,838.55","2,18,058","61,83,151","50.62"
"SBIN","EQ","22-Jun-2023","566.35","566.35","569.00","561.05","562.90","562.95","564.62","1,49,79,063","8,45,74,57,302.25","1,99,200","53,17,404","35.50"
"SBIN","EQ","21-Jun-2023","567.40","567.40","569.50","565.65","566.30","566.35","567.46","1,49,46,871","8,48,17,84,144.45","2,19,147","82,98,303","55.52"
"SBIN","EQ","20-Jun-2023","568.85","568.85","569.45","562.55","568.00","567.40","565.75","1,45,49,152","8,23,11,66,324.45","2,16,416","51,73,041","35.56"
"SBIN","EQ","19-Jun-2023","571.25","571.25","572.75","565.90","569.20","568.85","568.29","1,79,03,691","10,17,44,91,934.45","2,13,062","71,36,026","39.86"
"SBIN","EQ","16-Jun-2023","566.50","568.75","574.70","567.05","570.00","571.25","570.69","1,26,60,226","7,22,50,83,719.50","1,78,755","72,74,348","57.46"
"SBIN","EQ","15-Jun-2023","576.55","576.00","576.70","565.25","566.75","566.50","571.49","1,79,34,877","10,24,95,89,135.90","2,32,221","63,02,464","35.14"
"SBIN","EQ","14-Jun-2023","576.40","577.00","578.55","575.25","576.35","576.55","576.96","89,48,696","5,16,30,47,228.70","1,22,388","23,57,142","26.34"
"SBIN","EQ","13-Jun-2023","578.65","579.45","581.40","574.25","576.35","576.40","576.44","1,26,12,098","7,27,00,79,551.55","1,98,530","46,38,747","36.78"
"SBIN","EQ","12-Jun-2023","578.70","580.00","581.50","577.70","578.55","578.65","579.37","87,86,066","5,09,03,56,083.85","1,29,364","36,44,909","41.49"
"SBIN","EQ","09-Jun-2023","588.50","588.00","589.10","576.75","578.80","578.70","580.81","1,88,70,272","10,96,00,50,604.80","2,53,490","87,73,204","46.49"
"SBIN","EQ","08-Jun-2023","589.20","589.95","593.95","586.35","588.00","588.50","591.21","1,59,71,917","9,44,27,24,430.85","1,40,988","45,90,648","28.74"
"SBIN","EQ","07-Jun-2023","585.35","588.00","590.60","586.00","588.80","589.20","588.49","1,11,13,781","6,54,03,71,617.50","1,70,307","43,72,718","39.35"
"SBIN","EQ","06-Jun-2023","587.20","588.00","588.90","583.00","586.00","585.35","585.23","1,11,99,940","6,55,45,43,425.95","1,40,444","44,30,081","39.55"
"SBIN","EQ","05-Jun-2023","587.20","588.50","589.80","586.00","587.00","587.20","587.86","1,29,20,507","7,59,54,73,740.25","1,43,514","69,13,408","53.51"
"SBIN","EQ","02-Jun-2023","582.75","584.70","588.90","583.00","586.60","587.20","586.45","1,13,23,908","6,64,09,01,519.45","1,57,397","40,19,066","35.49"
"SBIN","EQ","01-Jun-2023","579.85","581.80","586.40","581.00","583.05","582.75","584.03","1,78,20,226","10,40,75,10,474.15","1,70,662","64,47,653","36.18"
"SBIN","EQ","31-May-2023","592.80","583.80","584.80","577.50","581.00","579.85","581.09","2,87,97,643","16,73,39,58,686.45","2,09,733","1,60,50,197","55.73"
"SBIN","EQ","30-May-2023","595.00","595.00","595.50","591.50","592.95","592.80","593.57","1,50,31,640","8,92,22,77,742.60","1,56,739","48,92,995","32.55"
"SBIN","EQ","29-May-2023","586.00","590.00","596.40","588.05","594.60","595.00","593.50","1,84,32,231","10,93,96,16,927.30","3,23,484","86,70,091","47.04"
"SBIN","EQ","26-May-2023","581.25","581.25","587.75","580.55","585.75","586.00","585.13","97,88,076","5,72,73,06,518.30","1,17,540","36,14,841","36.93"
"SBIN","EQ","25-May-2023","582.70","582.00","582.90","577.00","580.70","581.25","580.06","1,64,79,436","9,55,91,18,791.75","1,51,117","60,35,545","36.62"
"SBIN","EQ","24-May-2023","581.60","579.80","585.25","578.25","582.00","582.70","583.06","1,76,16,658","10,27,16,55,251.50","1,58,808","53,94,675","30.62"
"SBIN","EQ","23-May-2023","577.15","578.90","583.70","576.80","580.30","581.60","580.66","1,61,20,548","9,36,05,57,915.40","1,54,666","42,60,949","26.43"
"SBIN","EQ","22-May-2023","575.15","577.50","580.30","573.45","576.55","577.15","577.12","2,14,84,049","12,39,88,69,154.95","2,05,172","58,41,775","27.19"
"SBIN","EQ","19-May-2023","574.20","579.00","586.25","569.90","575.65","575.15","576.07","4,22,93,962","24,36,42,73,546.75","3,51,340","1,42,09,037","33.60"
"SBIN","EQ","18-May-2023","586.30","590.30","593.90","571.40","576.35","574.20","583.00","4,56,56,620","26,61,76,35,078.25","4,03,645","95,58,160","20.93"
"SBIN","EQ","17-May-2023","586.30","586.00","590.50","579.50","587.20","586.30","584.82","2,37,39,774","13,88,33,95,488.50","2,51,054","55,07,063","23.20"
"SBIN","EQ","16-May-2023","581.90","584.00","590.40","582.00","585.95","586.30","586.03","2,21,78,229","12,99,71,34,028.50","2,33,142","56,79,408","25.61"
"SBIN","EQ","15-May-2023","578.15","578.75","584.00","574.65","582.05","581.90","581.35","1,14,10,243","6,63,33,67,008.50","1,76,477","40,08,677","35.13"
"SBIN","EQ","12-May-2023","573.45","574.70","580.75","571.55","578.10","578.15","576.81","1,13,19,335","6,52,91,01,795.50","1,48,890","29,74,058","26.27"
"SBIN","EQ","11-May-2023","572.20","572.20","580.00","572.00","573.70","573.45","574.59","1,60,16,715","9,20,31,23,584.55","1,83,896","31,39,645","19.60"
"SBIN","EQ","10-May-2023","573.50","575.00","575.00","563.25","572.15","572.20","568.87","1,85,61,315","10,55,90,52,709.10","2,23,302","54,54,128","29.38"
"SBIN","EQ","09-May-2023","583.60","585.00","586.45","572.10","573.70","573.50","576.83","1,89,59,065","10,93,61,67,606.40","2,47,801","73,37,137","38.70"
"SBIN","EQ","08-May-2023","576.50","577.65","587.60","577.35","584.60","583.60","582.04","1,29,90,869","7,56,11,57,898.55","1,59,186","36,90,834","28.41"
"SBIN","EQ","05-May-2023","580.00","580.20","588.25","575.05","576.45","576.50","582.81","1,81,63,461","10,58,59,37,155.00","1,82,941","52,72,072","29.03"
"SBIN","EQ","04-May-2023","570.50","570.20","580.80","568.50","579.45","580.00","576.93","1,25,33,761","7,23,11,05,959.65","1,55,082","39,12,583","31.22"
"SBIN","EQ","03-May-2023","575.30","570.65","575.00","569.00","569.90","570.50","572.27","96,99,527","5,55,07,86,227.05","1,51,234","29,88,248","30.81"
"SBIN","EQ","02-May-2023","578.30","580.00","580.85","573.15","574.40","575.30","577.47","1,36,67,511","7,89,25,86,303.30","2,72,846","68,20,342","49.90"
"SBIN","EQ","28-Apr-2023","564.75","567.80","580.45","565.50","576.10","578.30","572.14","1,61,83,423","9,25,91,24,491.90","1,72,070","63,23,241","39.07"
"SBIN","EQ","27-Apr-2023","566.35","565.00","567.40","561.10","564.45","564.75","564.04","1,78,45,169","10,06,53,43,831.20","2,13,129","37,16,055","20.82"
"SBIN","EQ","26-Apr-2023","561.80","562.00","567.00","556.45","567.00","566.35","562.67","2,31,43,882","13,02,24,69,078.50","1,95,651","76,44,016","33.03"
"SBIN","EQ","25-Apr-2023","554.60","555.00","567.90","555.00","561.35","561.80","562.34","3,81,42,390","21,44,89,99,021.65","2,50,488","1,04,87,670","27.50"
"SBIN","EQ","24-Apr-2023","543.15","543.80","555.55","543.50","553.80","554.60","550.47","2,33,35,611","12,84,55,92,513.85","2,10,456","76,18,595","32.65"
"SBIN","EQ","21-Apr-2023","544.80","545.00","546.40","539.70","542.30","543.15","542.35","2,25,99,418","12,25,67,95,887.05","1,88,920","50,38,165","22.29"
"SBIN","EQ","20-Apr-2023","540.30","541.20","545.45","536.65","544.35","544.80","541.56","2,55,88,577","13,85,76,34,831.90","1,46,793","39,37,602","15.39"
"SBIN","EQ","19-Apr-2023","545.85","544.00","547.50","538.25","539.40","540.30","543.32","2,11,56,372","11,49,47,63,710.95","1,42,208","28,76,163","13.59"
"SBIN","EQ","18-Apr-2023","544.00","545.35","548.50","540.50","545.25","545.85","545.32","2,22,83,456","12,15,16,54,395.50","2,18,269","58,57,265","26.29"
"SBIN","EQ","17-Apr-2023","532.95","528.00","545.00","528.00","544.40","544.00","539.11","3,24,76,990","17,50,87,92,556.85","2,29,953","78,32,609","24.12"
"SBIN","EQ","13-Apr-2023","528.20","529.30","534.25","527.15","533.40","532.95","530.40","2,85,97,560","15,16,82,46,670.05","1,68,188","45,76,910","16.00"
"SBIN","EQ","12-Apr-2023","532.10","533.20","534.00","526.00","529.15","528.20","529.65","2,12,92,441","11,27,75,64,811.00","1,70,950","62,08,271","29.16"
"SBIN","EQ","11-Apr-2023","526.30","530.85","535.70","527.15","532.50","532.10","533.07","2,64,14,406","14,08,08,36,565.45","1,76,416","45,16,279","17.10"
"SBIN","EQ","10-Apr-2023","527.65","529.25","530.40","524.40","525.70","526.30","527.28","1,73,35,453","9,14,06,93,489.70","1,38,261","28,61,438","16.51"
"SBIN","EQ","06-Apr-2023","523.00","524.00","533.70","521.65","527.70","527.65","528.66","2,51,25,879","13,28,29,81,142.75","2,32,693","57,59,507","22.92"
"SBIN","EQ","05-Apr-2023","526.75","527.00","527.60","519.05","523.50","523.00","522.57","1,35,74,801","7,09,38,06,223.30","1,74,172","46,34,585","34.14"
"SBIN","EQ","03-Apr-2023","523.75","524.75","528.50","522.10","525.60","526.75","525.94","1,42,10,949","7,47,41,13,454.40","1,37,769","24,38,251","17.16"
"SBIN","EQ","31-Mar-2023","516.50","520.65","524.90","519.35","523.00","523.75","522.06","1,73,56,345","9,06,11,33,003.00","2,10,617","63,88,153","36.81"
"SBIN","EQ","29-Mar-2023","508.10","509.00","518.00","506.30","517.00","516.50","512.21","2,42,03,789","12,39,74,77,065.00","2,16,794","86,19,929","35.61"
"SBIN","EQ","28-Mar-2023","510.15","511.45","511.75","503.85","509.00","508.10","507.96","1,58,33,599","8,04,28,52,927.30","1,99,721","46,23,581","29.20"
"SBIN","EQ","27-Mar-2023","505.35","507.00","514.15","501.55","509.00","510.15","509.28","1,56,74,218","7,98,26,18,562.65","2,24,703","39,52,164","25.21"
"SBIN","EQ","24-Mar-2023","512.75","514.50","514.95","503.45","505.50","505.35","510.24","1,44,16,984","7,35,61,53,435.65","1,94,898","54,24,799","37.63"
"SBIN","EQ","23-Mar-2023","521.55","519.40","521.00","511.50","512.00","512.75","517.21","2,20,97,792","11,42,91,12,837.45","2,61,069","1,13,42,410","51.33"
"SBIN","EQ","22-Mar-2023","521.85","522.20","527.00","520.10","521.55","521.55","523.63","1,16,19,538","6,08,42,88,023.15","1,55,900","52,68,693","45.34"
"SBIN","EQ","21-Mar-2023","519.20","522.00","523.45","516.45","521.75","521.85","520.33","2,94,85,180","15,34,19,48,084.50","2,95,453","1,99,06,339","67.51"
"SBIN","EQ","20-Mar-2023","529.80","526.60","526.60","515.00","520.00","519.20","518.98","1,42,75,315","7,40,85,42,782.55","2,51,690","56,00,274","39.23"
"SBIN","EQ","17-Mar-2023","524.50","528.65","531.60","520.10","531.00","529.80","526.55","1,87,87,379","9,89,25,76,528.70","1,85,372","82,16,481","43.73"
"SBIN","EQ","16-Mar-2023","517.55","518.40","529.35","514.30","525.65","524.50","521.02","2,00,40,008","10,44,13,35,063.95","2,90,873","72,64,230","36.25"
"SBIN","EQ","15-Mar-2023","525.40","529.80","532.00","515.55","517.80","517.55","524.47","1,12,82,329","5,91,72,58,639.80","2,52,252","47,13,550","41.78"
"SBIN","EQ","14-Mar-2023","530.00","527.65","532.80","520.00","526.00","525.40","524.87","1,47,50,800","7,74,22,94,996.90","2,62,481","50,39,617","34.17"
"SBIN","EQ","13-Mar-2023","547.35","547.00","553.15","528.45","529.95","530.00","537.53","1,43,73,729","7,72,63,10,525.70","2,11,599","64,33,717","44.76"
"SBIN","EQ","10-Mar-2023","558.90","553.10","554.95","545.00","547.65","547.35","548.40","1,15,22,371","6,31,89,23,508.05","2,23,557","56,03,181","48.63"
"SBIN","EQ","09-Mar-2023","564.80","564.75","565.75","558.00","558.70","558.90","561.63","89,93,423","5,05,09,51,266.70","1,29,019","47,79,228","53.14"
"SBIN","EQ","08-Mar-2023","561.70","560.00","565.50","556.45","564.00","564.80","561.23","1,26,37,578","7,09,26,00,028.60","1,63,357","69,89,670","55.31"
"SBIN","EQ","06-Mar-2023","561.20","564.90","567.90","559.00","561.80","561.70","563.48","1,61,62,268","9,10,70,45,455.25","1,99,841","85,48,401","52.89"
"SBIN","EQ","03-Mar-2023","533.75","542.00","564.30","541.75","561.00","561.20","557.80","2,76,56,538","15,42,68,80,804.45","3,01,105","1,15,81,862","41.88"
"SBIN","EQ","02-Mar-2023","536.70","535.95","539.90","532.50","534.50","533.75","535.45","1,03,76,913","5,55,62,84,341.95","1,50,813","42,82,815","41.27"
"SBIN","EQ","01-Mar-2023","522.80","523.25","537.40","523.10","536.25","536.70","532.39","1,35,10,198","7,19,27,17,063.95","2,47,974","63,56,190","47.05"
"SBIN","EQ","28-Feb-2023","527.70","527.25","528.45","521.05","522.45","522.80","523.97","1,57,68,010","8,26,20,22,278.80","1,38,340","90,13,032","57.16"
"SBIN","EQ","27-Feb-2023","521.05","521.10","529.80","519.00","527.50","527.70","525.49","1,10,48,799","5,80,59,88,068.60","1,75,532","39,56,168","35.81"
"SBIN","EQ","24-Feb-2023","521.00","524.20","527.50","517.60","521.50","521.05","522.25","1,22,53,035","6,39,91,75,579.85","1,74,036","52,66,229","42.98"
"SBIN","EQ","23-Feb-2023","516.35","516.95","524.00","511.35","522.85","521.00","518.82","1,55,35,085","8,05,98,38,424.75","2,09,593","58,46,231","37.63"
"SBIN","EQ","22-Feb-2023","523.45","520.75","521.90","512.50","516.75","516.35","516.60","1,47,63,050","7,62,65,22,439.50","2,79,932","72,54,757","49.14"
"SBIN","EQ","21-Feb-2023","525.15","527.10","528.95","522.40","523.80","523.45","525.46","1,02,23,218","5,37,18,49,834.55","2,01,064","32,79,783","32.08"
"SBIN","EQ","20-Feb-2023","531.00","532.00","533.95","522.15","525.45","525.15","526.99","1,25,70,032","6,62,42,34,423.90","2,07,013","50,49,722","40.17"
"SBIN","EQ","17-Feb-2023","540.10","538.50","539.65","527.75","530.65","531.00","532.32","1,41,92,008","7,55,46,22,361.75","2,20,159","56,86,809","40.07"
"SBIN","EQ","16-Feb-2023","542.25","546.85","546.85","538.50","539.30","540.10","542.25","1,27,67,016","6,92,28,54,433.10","2,19,926","73,04,544","57.21"
"SBIN","EQ","15-Feb-2023","540.85","540.00","544.65","536.80","542.80","542.25","541.31","1,27,96,579","6,92,69,57,648.50","2,07,687","69,43,042","54.26"
"SBIN","EQ","14-Feb-2023","537.50","539.95","544.60","530.75","541.00","540.85","536.92","1,85,59,909","9,96,51,43,466.40","2,21,342","95,04,632","51.21"
"SBIN","EQ","13-Feb-2023","553.05","554.00","556.90","533.30","537.10","537.50","539.69","1,84,88,732","9,97,81,35,518.80","2,48,043","90,84,653","49.14"
"SBIN","EQ","10-Feb-2023","550.80","546.50","557.25","546.50","552.90","553.05","553.81","1,38,24,475","7,65,61,54,646.75","1,79,516","69,96,559","50.61"
"SBIN","EQ","09-Feb-2023","549.75","552.00","552.00","542.80","551.00","550.80","548.33","1,50,61,047","8,25,83,88,340.35","1,47,809","80,79,673","53.65"
"SBIN","EQ","08-Feb-2023","547.10","550.00","554.50","545.50","550.75","549.75","549.76","1,55,02,847","8,52,29,03,102.05","2,44,248","74,75,340","48.22"
"SBIN","EQ","07-Feb-2023","545.40","548.00","551.40","541.05","546.20","547.10","546.83","1,61,95,947","8,85,63,78,573.70","3,43,935","51,72,352","31.94"
"SBIN","EQ","06-Feb-2023","544.20","558.80","558.80","536.55","543.90","545.40","545.24","2,53,38,586","13,81,56,25,569.50","2,66,976","91,16,230","35.98"
"SBIN","EQ","03-Feb-2023","528.10","536.00","545.95","519.15","545.70","544.20","535.23","3,23,17,232","17,29,70,09,476.05","4,44,091","1,04,66,617","32.39"
"SBIN","EQ","02-Feb-2023","527.35","520.20","532.65","502.50","532.10","528.10","521.91","3,92,87,056","20,50,42,07,140.65","4,71,242","1,59,00,344","40.47"
"SBIN","EQ","01-Feb-2023","553.50","561.40","565.00","499.35","527.00","527.35","541.41","3,82,18,810","20,69,21,38,679.10","4,98,247","1,24,77,291","32.65"
"SBIN","EQ","31-Jan-2023","538.20","545.00","557.00","537.85","556.95","553.50","550.83","2,19,11,943","12,06,97,23,500.85","2,84,762","1,00,14,509","45.70"
"SBIN","EQ","30-Jan-2023","539.95","536.00","554.35","525.20","541.25","538.20","536.97","4,07,97,825","21,90,71,60,847.25","5,90,951","2,31,32,765","56.70"
"SBIN","EQ","27-Jan-2023","568.70","568.00","568.55","532.25","542.00","539.95","548.08","4,01,63,464","22,01,29,48,569.60","5,01,251","2,46,14,678","61.29"
"SBIN","EQ","25-Jan-2023","594.35","595.85","595.85","567.40","568.50","568.70","574.28","2,56,86,294","14,75,10,42,028.80","4,41,882","1,47,55,095","57.44"
"SBIN","EQ","24-Jan-2023","600.45","603.50","604.60","593.05","593.95","594.35","597.94","76,09,623","4,55,01,01,925.85","1,43,693","42,78,719","56.23"
"SBIN","EQ","23-Jan-2023","592.20","598.50","601.75","592.95","601.00","600.45","599.43","66,04,469","3,95,89,19,244.80","1,22,483","30,55,907","46.27"
"SBIN","EQ","20-Jan-2023","589.85","593.80","596.60","590.80","592.95","592.20","593.93","67,50,607","4,00,93,74,692.95","1,14,106","28,36,387","42.02"
"SBIN","EQ","19-Jan-2023","591.45","591.00","591.75","587.55","589.70","589.85","589.57","74,75,688","4,40,74,07,361.60","1,59,313","36,00,314","48.16"
"SBIN","EQ","18-Jan-2023","592.95","595.90","597.15","587.60","591.00","591.45","591.61","1,15,38,075","6,82,60,73,685.45","1,87,691","52,28,386","45.31"
"SBIN","EQ","17-Jan-2023","603.00","603.00","606.00","586.05","593.40","592.95","593.93","1,34,61,999","7,99,55,08,779.40","1,79,000","62,02,110","46.07"
"SBIN","EQ","16-Jan-2023","600.10","603.00","606.10","600.60","603.20","603.00","603.22","54,83,191","3,30,75,58,082.15","1,14,056","17,86,991","32.59"
"SBIN","EQ","13-Jan-2023","594.90","597.90","602.90","593.65","600.70","600.10","598.73","78,77,610","4,71,65,67,188.30","1,22,377","35,70,587","45.33"
"SBIN","EQ","12-Jan-2023","596.70","597.90","597.90","590.10","594.95","594.90","593.57","81,83,715","4,85,76,01,333.75","1,95,861","40,61,846","49.63"
"SBIN","EQ","11-Jan-2023","595.15","596.45","599.50","592.25","597.00","596.70","596.73","74,19,630","4,42,75,02,701.85","1,20,446","27,44,770","36.99"
"SBIN","EQ","10-Jan-2023","607.70","608.45","609.00","590.60","595.50","595.15","596.10","1,06,22,660","6,33,22,08,142.65","1,87,602","47,95,085","45.14"
"SBIN","EQ","09-Jan-2023","600.65","605.00","609.00","600.10","608.45","607.70","606.07","88,78,905","5,38,12,51,510.20","1,60,223","52,16,863","58.76"
"SBIN","EQ","06-Jan-2023","605.10","607.40","607.45","597.00","601.00","600.65","601.57","79,72,036","4,79,57,47,048.60","1,54,179","41,50,827","52.07"
"SBIN","EQ","05-Jan-2023","605.20","607.00","611.60","601.95","605.75","605.10","605.84","82,41,475","4,99,29,82,082.00","1,46,571","40,11,597","48.68"
"SBIN","EQ","04-Jan-2023","612.40","611.85","614.95","604.00","605.60","605.20","607.74","70,11,191","4,26,09,69,479.35","1,13,548","29,22,723","41.69"
"SBIN","EQ","03-Jan-2023","612.20","614.50","616.60","610.00","612.95","612.40","613.26","68,18,062","4,18,12,58,078.20","1,22,799","24,51,217","35.95"
"SBIN","EQ","02-Jan-2023","613.70","614.95","619.20","611.20","612.60","612.20","614.42","67,26,084","4,13,26,15,299.65","1,25,418","24,30,000","36.13"
"SBIN","EQ","30-Dec-2022","611.80","615.25","620.55","611.35","614.25","613.70","615.43","1,30,52,895","8,03,31,00,347.05","1,58,347","61,60,516","47.20"
"SBIN","EQ","29-Dec-2022","601.05","600.00","618.00","597.15","614.05","611.80","608.16","2,01,30,392","12,24,25,24,564.70","1,68,187","1,14,39,937","56.83"
"SBIN","EQ","28-Dec-2022","601.90","600.90","607.00","598.55","601.00","601.05","602.94","79,88,631","4,81,66,51,444.45","1,43,945","25,62,261","32.07"
"SBIN","EQ","27-Dec-2022","597.10","600.40","603.10","593.30","602.00","601.90","598.21","96,38,618","5,76,59,12,745.95","2,06,219","25,69,120","26.65"
"SBIN","EQ","26-Dec-2022","574.00","574.00","601.70","570.70","597.10","597.10","589.64","1,32,01,587","7,78,41,34,332.20","2,10,003","44,97,406","34.07"
"SBIN","EQ","23-Dec-2022","593.40","590.00","590.70","571.50","573.10","574.00","579.55","1,30,47,046","7,56,14,31,125.75","2,26,901","59,30,199","45.45"
"SBIN","EQ","22-Dec-2022","593.40","597.00","599.00","587.55","592.00","593.40","592.49","87,40,149","5,17,84,37,456.55","1,36,417","26,37,879","30.18"
"SBIN","EQ","21-Dec-2022","604.45","605.90","609.15","589.60","594.30","593.40","599.66","92,17,253","5,52,71,95,688.50","1,45,768","35,22,227","38.21"
"SBIN","EQ","20-Dec-2022","604.45","603.00","606.50","599.55","605.30","604.45","602.65","67,53,785","4,07,01,54,751.50","1,28,701","22,74,446","33.68"
"SBIN","EQ","19-Dec-2022","603.35","604.00","609.50","603.00","605.50","604.45","605.78","83,22,012","5,04,12,68,364.25","1,49,442","37,77,196","45.39"
"SBIN","EQ","16-Dec-2022","615.95","612.00","615.60","602.10","604.35","603.35","607.83","94,35,071","5,73,49,14,585.60","1,60,875","34,97,337","37.07"
"SBIN","EQ","15-Dec-2022","625.50","625.55","629.55","614.30","614.70","615.95","621.92","1,06,22,271","6,60,61,76,441.80","1,48,853","40,96,192","38.56"
"SBIN","EQ","14-Dec-2022","616.75","618.50","626.75","617.50","625.30","625.50","623.52","1,40,10,673","8,73,58,84,073.65","1,87,174","58,62,456","41.84"
"SBIN","EQ","13-Dec-2022","613.05","613.50","617.40","612.50","616.80","616.75","615.45","74,55,415","4,58,84,04,579.40","1,62,670","33,63,135","45.11"
"SBIN","EQ","12-Dec-2022","616.50","614.80","618.70","611.00","612.35","613.05","613.74","92,85,187","5,69,86,47,281.15","1,35,955","37,83,456","40.75"
"SBIN","EQ","09-Dec-2022","611.65","614.40","618.00","609.10","617.00","616.50","613.84","1,12,02,267","6,87,64,34,227.30","1,69,991","54,48,182","48.63"
"SBIN","EQ","08-Dec-2022","607.05","609.75","613.80","607.15","612.25","611.65","611.14","1,00,20,015","6,12,36,08,626.50","1,46,277","45,72,184","45.63"
"SBIN","EQ","07-Dec-2022","608.95","610.85","612.90","604.50","606.95","607.05","607.96","76,13,892","4,62,89,04,222.25","1,13,416","34,19,765","44.91"
"SBIN","EQ","06-Dec-2022","617.30","614.75","619.80","607.80","609.30","608.95","613.29","1,29,96,244","7,97,05,03,352.00","1,90,699","73,87,969","56.85"
"SBIN","EQ","05-Dec-2022","607.55","608.50","618.00","607.55","616.70","617.30","614.05","1,15,85,602","7,11,41,64,816.20","2,10,728","57,30,406","49.46"
"SBIN","EQ","02-Dec-2022","608.10","607.50","609.60","604.25","607.60","607.55","607.29","75,33,838","4,57,52,52,955.95","1,42,901","39,82,578","52.86"
"SBIN","EQ","01-Dec-2022","602.45","607.85","609.80","601.55","608.00","608.10","605.68","1,42,09,313","8,60,62,71,146.80","1,72,004","68,62,086","48.29"
"SBIN","EQ","30-Nov-2022","608.55","608.50","611.40","598.40","602.95","602.45","603.09","1,56,06,230","9,41,20,10,412.20","1,74,362","84,49,322","54.14"
"SBIN","EQ","29-Nov-2022","608.60","607.10","611.80","607.10","608.10","608.55","609.32","69,42,919","4,23,04,94,096.30","1,21,735","31,38,453","45.20"
"SBIN","EQ","28-Nov-2022","607.40","605.60","610.90","602.35","608.00","608.60","606.01","79,34,274","4,80,82,29,149.85","1,21,851","36,25,579","45.70"
"SBIN","EQ","25-Nov-2022","609.35","610.55","613.70","606.25","607.20","607.40","609.30","99,94,513","6,08,96,40,965.50","1,36,359","44,41,339","44.44"
"SBIN","EQ","24-Nov-2022","607.65","609.75","611.30","605.80","609.60","609.35","608.75","89,60,032","5,45,43,95,604.45","1,28,229","34,20,469","38.17"
"SBIN","EQ","23-Nov-2022","599.10","601.55","609.60","601.00","607.10","607.65","606.50","1,24,35,924","7,54,23,86,457.50","1,71,897","52,17,318","41.95"
"SBIN","EQ","22-Nov-2022","598.10","598.15","600.70","596.15","599.00","599.10","598.56","80,48,595","4,81,75,32,263.45","1,26,028","39,02,083","48.48"
"SBIN","EQ","21-Nov-2022","602.70","602.10","602.10","595.35","598.00","598.10","598.39","74,12,419","4,43,55,09,514.55","1,35,865","28,65,902","38.66"
"SBIN","EQ","18-Nov-2022","599.05","601.00","605.75","597.15","602.05","602.70","601.12","1,29,33,675","7,77,47,46,404.45","1,55,935","50,77,955","39.26"
"SBIN","EQ","17-Nov-2022","599.75","599.10","602.75","596.15","598.45","599.05","599.41","81,67,131","4,89,54,33,201.45","1,14,824","29,48,861","36.11"
"SBIN","EQ","16-Nov-2022","600.85","599.95","603.50","596.00","599.00","599.75","600.52","1,15,55,749","6,93,94,89,693.90","1,68,811","46,56,034","40.29"
"SBIN","EQ","15-Nov-2022","592.55","594.30","602.10","592.65","601.50","600.85","597.70","1,02,86,417","6,14,81,69,628.95","1,53,811","33,48,965","32.56"
"SBIN","EQ","14-Nov-2022","601.30","603.95","603.95","591.65","592.50","592.55","596.08","1,29,57,268","7,72,35,73,323.30","2,27,415","60,81,635","46.94"
"SBIN","BL","14-Nov-2022","573.85","601.30","601.30","601.30","601.30","601.30","601.30","28,12,726","1,69,12,92,143.80","1","-","-"
"SBIN","EQ","11-Nov-2022","605.75","617.25","619.55","598.50","600.00","601.30","605.28","1,55,25,267","9,39,71,03,693.35","2,20,631","56,51,310","36.40"
"SBIN","EQ","10-Nov-2022","615.55","613.10","615.10","602.20","605.05","605.75","607.23","1,16,18,405","7,05,50,30,835.70","2,32,699","44,37,252","38.19"
"SBIN","EQ","09-Nov-2022","614.15","621.00","621.00","610.55","614.60","615.55","615.08","1,89,39,854","11,64,95,23,009.90","3,02,328","93,73,877","49.49"
"SBIN","EQ","07-Nov-2022","593.95","613.00","622.70","607.70","613.80","614.15","615.56","4,42,65,903","27,24,84,49,289.60","4,70,162","1,64,13,804","37.08"
"SBIN","EQ","04-Nov-2022","584.90","586.00","596.95","580.40","595.70","593.95","587.64","2,57,59,031","15,13,70,53,924.20","3,02,456","1,00,18,968","38.89"
"SBIN","EQ","03-Nov-2022","573.85","569.00","587.95","568.00","584.15","584.90","581.58","1,75,57,998","10,21,13,88,603.80","2,44,825","51,21,059","29.17"
"SBIN","BL","03-Nov-2022","570.50","573.85","573.85","573.85","573.85","573.85","573.85","28,12,727","1,61,40,83,388.95","1","-","-"
"SBIN","EQ","02-Nov-2022","576.90","575.90","578.95","569.90","573.00","573.85","574.79","1,02,41,440","5,88,66,94,998.95","1,42,730","37,73,099","36.84"
"SBIN","EQ","01-Nov-2022","573.80","576.35","585.75","574.60","576.00","576.90","579.85","1,20,69,579","6,99,85,54,295.30","1,63,499","50,57,539","41.90"
"SBIN","EQ","31-Oct-2022","570.75","574.95","577.45","568.40","573.50","573.80","572.79","98,94,639","5,66,75,60,387.80","1,39,535","37,59,140","37.99"
"SBIN","EQ","28-Oct-2022","579.65","579.95","582.65","567.00","571.80","570.75","572.65","1,00,43,644","5,75,15,15,569.95","1,44,061","37,98,576","37.82"
"SBIN","EQ","27-Oct-2022","578.55","583.95","585.00","577.60","579.10","579.65","580.71","1,36,13,533","7,90,55,25,313.35","2,09,377","59,98,675","44.06"
"SBIN","BL","25-Oct-2022","527.20","570.50","570.50","570.50","570.50","570.50","570.50","15,13,251","86,33,09,695.50","1","-","-"
"SBIN","EQ","25-Oct-2022","570.50","572.50","586.20","568.00","577.00","578.55","578.28","1,98,99,324","11,50,74,27,412.85","2,15,376","88,33,736","44.39"
"SBIN","EQ","24-Oct-2022","560.85","567.00","572.50","565.90","572.15","570.50","569.46","36,92,065","2,10,24,64,996.35","63,147","15,10,943","40.92"
"SBIN","EQ","21-Oct-2022","555.40","557.25","565.80","557.25","561.65","560.85","562.70","1,17,67,639","6,62,16,48,120.80","1,98,859","44,01,295","37.40"
"SBIN","EQ","20-Oct-2022","553.40","552.00","556.80","545.30","555.50","555.40","551.98","1,12,25,588","6,19,63,28,573.95","1,34,915","40,79,003","36.34"
"SBIN","EQ","19-Oct-2022","562.45","563.00","563.45","551.55","553.75","553.40","555.40","95,40,583","5,29,88,45,388.70","1,37,573","33,98,721","35.62"
"SBIN","EQ","18-Oct-2022","543.65","547.10","563.50","546.75","562.40","562.45","558.19","2,04,40,781","11,40,97,91,394.10","2,45,391","97,47,060","47.68"
"SBIN","BL","17-Oct-2022","530.75","527.20","527.20","527.20","527.20","527.20","527.20","23,78,054","1,25,37,10,068.80","1","-","-"
"SBIN","EQ","17-Oct-2022","527.20","526.40","544.70","524.20","543.20","543.65","538.70","1,34,85,349","7,26,45,15,862.55","2,08,408","37,00,920","27.44"
"SBIN","EQ","14-Oct-2022","521.45","530.20","534.85","526.00","527.80","527.20","530.03","85,45,479","4,52,93,75,083.50","1,44,578","29,24,078","34.22"
"SBIN","EQ","13-Oct-2022","533.80","533.00","533.80","520.20","521.90","521.45","525.44","1,29,72,765","6,81,64,38,201.85","1,66,849","64,96,472","50.08"
"SBIN","EQ","12-Oct-2022","527.40","530.00","535.00","526.00","535.00","533.80","530.03","85,22,604","4,51,72,36,010.00","1,21,592","30,16,240","35.39"
"SBIN","EQ","11-Oct-2022","530.75","530.75","533.70","525.50","527.00","527.40","529.35","1,08,25,440","5,73,04,63,472.65","1,59,970","45,18,524","41.74"
"SBIN","BL","11-Oct-2022","530.60","530.75","530.75","530.75","530.75","530.75","530.75","23,25,381","1,23,41,95,965.75","1","-","-"
"SBIN","EQ","10-Oct-2022","530.20","525.70","533.90","522.20","531.40","530.75","528.13","96,49,292","5,09,60,52,558.90","1,91,653","35,88,945","37.19"
"SBIN","EQ","07-Oct-2022","537.30","535.50","535.60","526.55","531.00","530.20","529.64","1,10,65,307","5,86,06,24,159.50","1,85,698","50,18,194","45.35"
"SBIN","EQ","06-Oct-2022","532.70","534.60","541.80","534.60","537.35","537.30","538.44","95,07,322","5,11,91,02,137.60","1,83,101","44,30,981","46.61"
"SBIN","EQ","04-Oct-2022","519.75","533.00","535.80","527.80","532.95","532.70","532.39","87,45,887","4,65,62,44,525.45","1,28,142","34,56,189","39.52"
"SBIN","BL","03-Oct-2022","531.05","530.60","530.60","530.60","530.60","530.60","530.60","23,26,755","1,23,45,76,203.00","1","-","-"
"SBIN","EQ","03-Oct-2022","530.60","527.60","531.65","518.50","518.95","519.75","525.01","93,51,162","4,90,94,56,239.05","1,41,130","34,30,661","36.69"
"SBIN","EQ","30-Sep-2022","521.75","524.00","536.90","516.15","531.55","530.60","528.17","1,74,66,950","9,22,54,77,677.20","1,99,404","55,33,983","31.68"
"SBIN","EQ","29-Sep-2022","524.85","529.00","535.70","519.55","524.00","521.75","525.18","1,73,10,168","9,09,09,86,645.60","2,15,284","81,11,849","46.86"
"SBIN","EQ","28-Sep-2022","536.50","532.90","539.80","520.35","523.50","524.85","532.17","1,22,33,485","6,51,02,84,800.40","1,83,919","52,24,334","42.71"
"SBIN","EQ","27-Sep-2022","543.30","544.55","550.90","533.20","538.00","536.50","542.40","1,10,66,799","6,00,26,26,270.30","1,54,979","38,62,856","34.90"
"SBIN","EQ","26-Sep-2022","550.60","545.80","549.00","533.00","545.30","543.30","541.37","1,61,58,750","8,74,79,41,723.25","2,74,214","76,54,966","47.37"
"SBIN","EQ","23-Sep-2022","567.30","564.80","568.00","549.50","550.90","550.60","555.53","1,25,63,239","6,97,92,15,908.20","2,82,839","56,42,445","44.91"
"SBIN","EQ","22-Sep-2022","569.70","566.75","574.00","562.00","567.50","567.30","567.39","1,18,69,435","6,73,45,94,427.30","1,81,550","52,06,546","43.87"
"SBIN","EQ","21-Sep-2022","574.05","575.00","577.30","565.40","569.00","569.70","570.45","93,92,526","5,35,79,98,661.95","1,74,676","34,67,830","36.92"
"SBIN","EQ","20-Sep-2022","572.25","577.95","577.95","572.85","573.60","574.05","575.50","84,84,017","4,88,25,36,374.35","1,76,912","37,67,069","44.40"
"SBIN","EQ","19-Sep-2022","561.80","560.70","574.40","559.55","572.50","572.25","569.54","1,11,94,003","6,37,53,98,054.40","1,63,866","47,56,130","42.49"
"SBIN","EQ","16-Sep-2022","572.15","569.10","574.00","560.30","562.50","561.80","564.61","1,47,39,280","8,32,19,82,741.65","2,31,709","73,73,673","50.03"
"SBIN","EQ","15-Sep-2022","571.75","572.55","578.50","567.90","571.50","572.15","573.50","1,27,49,947","7,31,20,60,768.80","2,24,387","36,56,992","28.68"
"SBIN","EQ","14-Sep-2022","558.00","550.00","574.85","549.25","572.30","571.75","567.79","2,16,32,641","12,28,28,52,152.30","3,01,335","83,00,762","38.37"
"SBIN","EQ","13-Sep-2022","554.90","560.00","560.00","553.75","557.10","558.00","557.73","1,67,07,275","9,31,80,85,634.25","1,48,044","1,12,20,044","67.16"
"SBIN","EQ","12-Sep-2022","553.35","554.90","558.60","551.25","554.95","554.90","555.63","96,77,415","5,37,70,80,074.60","1,27,479","43,84,107","45.30"
"SBIN","EQ","09-Sep-2022","544.65","549.65","557.00","548.00","551.95","553.35","553.57","1,85,87,927","10,28,96,92,790.20","2,67,586","79,57,943","42.81"
"SBIN","EQ","08-Sep-2022","532.85","536.00","546.30","535.50","545.25","544.65","541.55","1,22,40,707","6,62,89,12,370.75","1,41,256","48,16,335","39.35"
"SBIN","EQ","07-Sep-2022","537.80","534.40","537.45","531.55","532.10","532.85","534.25","84,45,359","4,51,18,95,645.90","1,06,610","43,54,695","51.56"
"SBIN","EQ","06-Sep-2022","538.90","538.00","542.70","534.10","537.30","537.80","539.43","86,57,868","4,67,03,46,677.00","1,08,579","25,39,671","29.33"
"SBIN","EQ","05-Sep-2022","536.70","537.00","540.80","536.30","538.75","538.90","539.17","78,19,994","4,21,63,30,099.55","1,06,157","33,46,038","42.79"
"SBIN","EQ","02-Sep-2022","533.30","537.00","537.85","531.25","535.00","536.70","535.36","1,00,17,930","5,36,31,64,755.20","1,24,824","39,90,475","39.83"
"SBIN","EQ","01-Sep-2022","531.25","522.25","540.90","522.25","534.25","533.30","535.06","1,66,70,228","8,91,96,50,119.40","2,18,023","53,84,878","32.30"
"SBIN","EQ","30-Aug-2022","514.85","518.20","532.50","517.95","531.00","531.25","528.36","1,48,35,308","7,83,83,53,166.55","1,66,014","69,47,862","46.83"
"SBIN","EQ","29-Aug-2022","523.80","511.30","517.00","508.75","515.00","514.85","513.62","94,21,339","4,83,89,57,049.45","1,43,380","40,80,606","43.31"
"SBIN","EQ","26-Aug-2022","520.40","523.80","529.50","522.20","524.30","523.80","525.17","1,28,55,886","6,75,15,14,077.25","1,28,630","53,07,516","41.28"
"SBIN","EQ","25-Aug-2022","519.30","521.95","528.30","518.50","520.15","520.40","523.90","1,54,73,450","8,10,65,40,162.80","1,67,210","68,15,830","44.05"
"SBIN","EQ","24-Aug-2022","521.90","519.00","523.00","512.30","520.40","519.30","517.90","1,19,30,650","6,17,88,50,761.40","1,43,063","51,35,639","43.05"
"SBIN","EQ","23-Aug-2022","511.30","508.25","524.00","508.25","523.00","521.90","517.45","85,97,965","4,44,89,95,522.90","1,30,274","22,00,718","25.60"
"SBIN","EQ","22-Aug-2022","520.35","519.00","519.90","510.00","511.10","511.30","513.09","96,76,954","4,96,51,52,207.80","1,65,588","42,80,662","44.24"
"SBIN","EQ","19-Aug-2022","532.35","532.00","533.65","518.50","520.05","520.35","523.18","1,10,87,222","5,80,06,22,525.65","1,46,387","40,95,463","36.94"
"SBIN","EQ","18-Aug-2022","528.15","526.85","534.80","526.20","532.00","532.35","531.57","90,13,662","4,79,13,85,825.20","1,20,443","27,72,894","30.76"
"SBIN","EQ","17-Aug-2022","525.95","528.85","530.55","524.35","527.80","528.15","526.89","1,20,54,183","6,35,12,46,080.75","1,59,055","52,03,847","43.17"
"SBIN","EQ","16-Aug-2022","530.70","533.30","533.85","525.00","526.60","525.95","527.74","1,07,21,167","5,65,79,79,793.75","1,45,707","50,25,077","46.87"
"SBIN","EQ","12-Aug-2022","524.75","525.70","531.80","525.15","531.00","530.70","529.76","1,21,54,012","6,43,87,50,910.60","1,60,036","56,79,718","46.73"
"SBIN","EQ","11-Aug-2022","514.70","520.00","526.00","517.20","524.50","524.75","521.76","1,38,62,195","7,23,26,93,557.90","1,92,485","65,22,359","47.05"
"SBIN","EQ","10-Aug-2022","520.40","521.55","523.50","513.40","513.90","514.70","516.46","1,69,04,151","8,73,03,79,353.15","2,47,601","97,02,561","57.40"
"SBIN","EQ","08-Aug-2022","531.05","524.00","524.00","513.85","520.10","520.40","518.01","3,25,66,317","16,86,97,12,451.35","4,16,603","1,33,76,188","41.07"
"SBIN","BL","08-Aug-2022","513.70","531.05","531.05","531.05","531.05","531.05","531.05","27,03,279","1,43,55,76,312.95","1","-","-"
"SBIN","EQ","05-Aug-2022","533.25","535.55","542.90","529.00","532.35","531.05","537.29","2,11,10,734","11,34,26,75,873.75","2,05,564","86,10,671","40.79"
"SBIN","EQ","04-Aug-2022","540.85","543.65","544.00","524.20","532.30","533.25","532.95","1,80,72,293","9,63,15,94,662.25","2,01,817","70,49,054","39.00"
"SBIN","EQ","03-Aug-2022","542.10","541.90","546.40","534.65","540.50","540.85","542.04","2,42,62,125","13,15,10,82,595.40","2,53,745","1,25,30,803","51.65"
"SBIN","EQ","02-Aug-2022","533.75","531.90","544.90","531.10","540.00","542.10","541.38","1,68,45,027","9,11,95,56,236.75","2,30,932","63,40,949","37.64"
"SBIN","EQ","01-Aug-2022","528.35","529.05","535.00","526.40","533.35","533.75","532.31","82,95,631","4,41,58,16,994.75","1,24,805","34,02,591","41.02"
"SBIN","EQ","29-Jul-2022","532.45","535.05","537.00","526.75","527.65","528.35","529.82","1,19,21,058","6,31,59,98,165.40","1,44,306","53,02,505","44.48"
"SBIN","EQ","28-Jul-2022","528.20","533.20","537.50","529.55","532.15","532.45","532.51","1,21,60,734","6,47,56,54,215.20","2,15,225","52,68,494","43.32"
"SBIN","EQ","27-Jul-2022","514.20","515.30","529.95","512.25","528.35","528.20","522.16","1,51,01,546","7,88,54,50,134.35","3,33,000","66,47,299","44.02"
"SBIN","EQ","26-Jul-2022","517.80","517.70","520.80","513.10","513.70","514.20","516.44","88,62,656","4,57,70,00,715.15","1,68,343","35,88,725","40.49"
"SBIN","EQ","25-Jul-2022","513.70","513.40","519.00","509.15","516.25","517.80","514.40","1,02,29,778","5,26,22,42,658.25","1,53,553","37,64,768","36.80"
"SBIN","BL","25-Jul-2022","492.75","513.70","513.70","513.70","513.70","513.70","513.70","27,03,278","1,38,86,73,908.60","1","-","-"
"SBIN","EQ","22-Jul-2022","512.05","513.45","520.20","511.20","511.90","513.70","516.23","1,46,99,129","7,58,81,86,570.15","2,44,781","73,70,555","50.14"
"SBIN","EQ","21-Jul-2022","508.60","509.80","513.40","506.75","511.10","512.05","511.48","1,38,14,893","7,06,60,28,812.70","1,96,106","67,76,664","49.05"
"SBIN","EQ","20-Jul-2022","497.95","501.00","510.60","500.40","507.40","508.60","507.48","1,92,80,117","9,78,42,17,298.85","2,54,529","97,05,808","50.34"
"SBIN","EQ","19-Jul-2022","490.30","488.00","498.55","488.00","497.90","497.95","494.57","1,17,24,183","5,79,84,51,759.05","1,30,777","41,29,670","35.22"
"SBIN","EQ","18-Jul-2022","479.10","484.55","491.50","482.10","489.60","490.30","487.33","99,34,786","4,84,15,01,119.40","1,78,323","49,16,706","49.49"
"SBIN","EQ","15-Jul-2022","479.35","482.55","484.40","474.70","478.70","479.10","478.30","69,45,602","3,32,20,54,772.00","1,20,161","25,26,701","36.38"
"SBIN","EQ","14-Jul-2022","486.50","486.60","488.90","476.80","480.30","479.35","482.03","93,85,630","4,52,41,20,598.85","1,51,617","40,03,660","42.66"
"SBIN","EQ","13-Jul-2022","484.95","487.75","492.45","484.55","486.20","486.50","488.27","82,08,853","4,00,81,06,035.85","1,29,820","35,15,328","42.82"
"SBIN","EQ","12-Jul-2022","488.20","485.00","491.35","483.10","483.40","484.95","488.66","73,64,457","3,59,87,04,148.85","1,08,367","22,91,145","31.11"
"SBIN","EQ","11-Jul-2022","488.55","485.00","491.30","485.00","488.05","488.20","488.75","77,04,792","3,76,57,16,046.15","94,857","28,92,361","37.54"
"SBIN","EQ","08-Jul-2022","486.75","489.00","489.90","485.15","488.45","488.55","487.44","90,57,231","4,41,48,56,472.40","1,62,363","41,19,292","45.48"
"SBIN","EQ","07-Jul-2022","479.95","484.00","488.25","481.60","486.90","486.75","485.27","1,14,97,832","5,57,95,93,687.80","1,73,806","45,32,216","39.42"
"SBIN","EQ","06-Jul-2022","472.15","475.15","481.00","473.90","480.55","479.95","478.18","1,20,59,857","5,76,68,32,535.75","1,79,395","60,50,389","50.17"
"SBIN","EQ","05-Jul-2022","473.45","475.15","480.00","471.00","472.55","472.15","475.99","1,20,03,244","5,71,33,84,767.95","1,43,727","58,60,719","48.83"
"SBIN","EQ","04-Jul-2022","466.85","466.85","474.15","466.85","473.95","473.45","470.57","91,86,358","4,32,27,93,774.10","1,15,285","35,97,397","39.16"
"SBIN","EQ","01-Jul-2022","465.90","463.35","468.80","460.55","468.50","466.85","465.07","94,05,495","4,37,41,95,289.05","1,16,790","37,05,513","39.40"
"SBIN","EQ","30-Jun-2022","459.10","459.00","469.30","458.60","465.60","465.90","465.57","1,69,26,328","7,88,04,39,985.75","1,86,175","79,66,400","47.07"
"SBIN","EQ","29-Jun-2022","464.25","460.00","462.70","458.00","458.95","459.10","460.55","1,18,00,876","5,43,49,14,241.85","1,07,588","56,99,030","48.29"
"SBIN","EQ","28-Jun-2022","461.20","458.90","465.75","458.00","464.75","464.25","462.78","1,32,61,290","6,13,70,31,012.35","1,68,906","67,01,665","50.54"
"SBIN","EQ","27-Jun-2022","454.25","459.95","464.85","458.05","461.55","461.20","461.18","95,09,175","4,38,54,21,054.00","1,03,487","32,48,514","34.16"
"SBIN","EQ","24-Jun-2022","451.40","455.80","460.35","453.20","454.55","454.25","455.97","1,08,33,364","4,93,96,43,608.55","1,27,154","42,66,938","39.39"
"SBIN","EQ","23-Jun-2022","447.65","449.00","456.45","446.00","451.25","451.40","451.63","1,22,29,833","5,52,33,91,671.25","1,57,832","34,32,786","28.07"
"SBIN","EQ","22-Jun-2022","450.75","448.75","451.20","444.65","447.05","447.65","447.71","1,10,66,447","4,95,45,85,919.80","1,11,722","43,16,772","39.01"
"SBIN","EQ","21-Jun-2022","434.70","439.50","454.95","437.60","451.00","450.75","447.76","1,38,01,891","6,17,99,36,791.15","1,78,846","47,75,043","34.60"
"SBIN","EQ","20-Jun-2022","441.00","441.50","443.45","430.70","434.65","434.70","436.85","1,23,68,534","5,40,31,53,186.35","1,72,757","47,15,450","38.12"
"SBIN","EQ","17-Jun-2022","441.60","440.00","447.55","437.25","442.50","441.00","443.05","1,43,26,050","6,34,71,37,199.65","1,67,655","60,62,938","42.32"
"SBIN","EQ","16-Jun-2022","451.35","455.15","457.75","440.15","441.15","441.60","448.44","1,07,80,703","4,83,44,45,595.35","1,39,788","38,02,794","35.27"
"SBIN","EQ","15-Jun-2022","448.10","448.95","455.45","448.60","450.25","451.35","452.60","99,20,926","4,49,02,31,934.55","1,19,413","38,21,460","38.52"
"SBIN","EQ","14-Jun-2022","445.85","445.00","449.25","443.35","448.00","448.10","446.47","1,13,51,101","5,06,79,02,738.85","1,36,687","42,57,354","37.51"
"SBIN","EQ","13-Jun-2022","461.85","454.00","454.05","442.10","446.10","445.85","446.07","1,34,26,836","5,98,92,84,598.40","2,03,861","58,56,727","43.62"
"SBIN","EQ","10-Jun-2022","466.95","462.00","464.15","458.60","462.10","461.85","461.60","86,21,104","3,97,94,79,308.50","1,27,828","30,62,201","35.52"
"SBIN","EQ","09-Jun-2022","471.30","468.95","470.90","462.45","467.20","466.95","465.94","1,26,35,601","5,88,74,39,316.60","1,58,259","54,13,414","42.84"
"SBIN","EQ","08-Jun-2022","463.40","466.60","475.55","463.20","471.00","471.30","470.58","1,71,68,871","8,07,92,64,816.60","1,92,002","65,97,993","38.43"
"SBIN","EQ","07-Jun-2022","463.70","461.85","465.95","460.50","463.95","463.40","462.95","76,72,515","3,55,19,90,864.45","1,08,268","29,30,211","38.19"
"SBIN","EQ","06-Jun-2022","464.50","464.20","465.60","456.50","463.60","463.70","461.88","1,06,61,432","4,92,43,34,007.85","1,37,662","37,01,362","34.72"
"SBIN","EQ","03-Jun-2022","469.85","473.25","475.50","463.50","465.00","464.50","470.15","1,13,06,291","5,31,56,46,218.95","1,14,757","49,56,294","43.84"
"SBIN","EQ","02-Jun-2022","468.30","466.90","472.35","466.15","470.00","469.85","469.68","93,70,989","4,40,13,83,675.10","1,14,087","28,29,770","30.20"
"SBIN","EQ","01-Jun-2022","468.10","468.00","472.00","464.70","469.25","468.30","468.69","94,24,008","4,41,69,55,450.55","1,19,346","33,43,041","35.47"
"SBIN","EQ","31-May-2022","474.60","474.00","476.40","465.00","467.60","468.10","471.12","1,54,41,579","7,27,47,61,527.75","1,49,463","80,86,708","52.37"
"SBIN","EQ","30-May-2022","468.95","473.00","476.90","471.10","474.80","474.60","474.04","93,65,470","4,43,96,26,587.15","1,51,679","34,13,721","36.45"
"SBIN","EQ","27-May-2022","468.90","471.40","475.00","467.50","468.00","468.95","470.69","1,09,77,001","5,16,67,82,867.50","1,60,651","28,66,709","26.12"
"SBIN","EQ","26-May-2022","454.10","456.85","470.10","452.50","469.60","468.90","460.09","1,70,55,257","7,84,69,11,655.75","2,08,123","63,10,397","37.00"
"SBIN","EQ","25-May-2022","462.05","461.00","464.45","452.05","453.45","454.10","458.77","1,27,28,644","5,83,94,99,480.45","1,54,093","45,70,376","35.91"
"SBIN","EQ","24-May-2022","460.90","462.40","466.80","460.20","463.00","462.05","463.29","1,71,75,179","7,95,70,58,574.60","1,39,005","85,55,677","49.81"
"SBIN","EQ","23-May-2022","462.40","463.10","471.40","459.50","461.00","460.90","465.61","1,34,99,415","6,28,54,93,530.75","1,70,499","50,48,653","37.40"
"SBIN","EQ","20-May-2022","447.50","454.85","464.00","454.15","462.50","462.40","460.64","1,35,96,860","6,26,32,39,735.25","1,51,413","51,79,315","38.09"
"SBIN","EQ","19-May-2022","458.00","449.05","450.00","444.45","449.00","447.50","447.36","1,42,01,420","6,35,31,83,667.30","2,23,399","57,06,783","40.18"
"SBIN","EQ","18-May-2022","467.30","467.90","468.60","457.10","458.25","458.00","463.11","1,56,44,497","7,24,51,21,118.30","2,05,591","64,29,531","41.10"
"SBIN","EQ","17-May-2022","455.00","458.30","469.65","456.15","467.45","467.30","462.65","1,68,80,698","7,80,98,01,121.70","2,06,674","61,20,436","36.26"
"SBIN","EQ","16-May-2022","444.65","445.00","461.50","438.85","456.00","455.00","454.93","2,79,40,958","12,71,10,54,077.20","2,83,950","87,46,208","31.30"
"SBIN","EQ","13-May-2022","462.65","469.45","477.00","439.75","440.50","444.65","461.88","6,14,03,008","28,36,05,28,047.60","5,95,336","2,10,63,112","34.30"
"SBIN","EQ","12-May-2022","476.55","473.00","473.00","456.35","462.70","462.65","462.77","1,89,47,096","8,76,80,75,747.50","3,14,035","63,21,015","33.36"
"SBIN","EQ","11-May-2022","475.20","475.25","479.00","463.65","478.40","476.55","471.45","1,47,71,351","6,96,39,38,211.00","2,41,751","49,64,332","33.61"
"SBIN","EQ","10-May-2022","475.90","477.00","482.55","473.50","474.00","475.20","477.99","1,08,84,328","5,20,26,12,034.70","1,83,663","39,73,819","36.51"
"SBIN","EQ","09-May-2022","483.95","477.10","483.70","473.80","476.45","475.90","477.81","1,35,44,947","6,47,18,55,072.45","1,70,758","53,64,082","39.60"
"SBIN","EQ","06-May-2022","480.00","471.00","486.10","471.00","485.50","483.95","478.71","1,67,10,020","7,99,91,71,104.80","2,16,166","55,18,027","33.02"
"SBIN","EQ","05-May-2022","479.65","485.00","494.00","478.65","480.00","480.00","487.16","1,41,30,385","6,88,37,60,406.35","1,85,153","47,37,190","33.52"
"SBIN","EQ","04-May-2022","491.00","492.00","496.45","477.50","478.50","479.65","487.20","1,46,45,323","7,13,52,45,642.50","2,21,907","46,78,363","31.94"
"SBIN","EQ","02-May-2022","496.30","492.65","495.00","481.30","490.90","491.00","487.35","1,85,90,895","9,06,02,63,031.45","2,32,328","82,72,742","44.50"
"SBIN","EQ","29-Apr-2022","507.50","508.10","512.50","494.00","495.90","496.30","503.59","1,28,94,773","6,49,37,03,529.65","1,43,518","45,13,960","35.01"
"SBIN","EQ","28-Apr-2022","497.25","499.15","510.00","496.50","507.70","507.50","503.04","1,21,54,792","6,11,43,31,932.30","1,34,713","43,44,540","35.74"
"SBIN","EQ","27-Apr-2022","505.50","500.00","502.80","491.85","497.85","497.25","496.78","1,23,67,342","6,14,38,29,183.05","1,42,885","48,36,551","39.11"
"SBIN","EQ","26-Apr-2022","494.75","499.00","507.90","498.45","505.50","505.50","504.31","1,21,37,213","6,12,08,98,078.00","1,58,992","48,14,676","39.67"
"SBIN","EQ","25-Apr-2022","500.60","495.00","499.20","490.05","495.00","494.75","495.06","1,40,57,444","6,95,92,99,074.05","1,86,190","42,13,339","29.97"
"SBIN","EQ","22-Apr-2022","516.30","512.90","513.50","499.00","499.50","500.60","505.07","1,67,60,456","8,46,51,27,370.95","2,08,796","64,63,154","38.56"
"SBIN","EQ","21-Apr-2022","509.30","513.40","518.00","512.20","516.90","516.30","515.24","1,00,35,638","5,17,08,07,462.70","1,08,987","36,42,087","36.29"
"SBIN","EQ","20-Apr-2022","511.80","512.00","513.70","507.00","509.20","509.30","510.20","1,18,81,305","6,06,18,30,257.65","1,53,556","33,87,079","28.51"
"SBIN","EQ","19-Apr-2022","509.50","513.25","520.95","505.10","506.60","511.80","515.99","2,03,62,934","10,50,70,79,159.65","2,40,810","95,70,530","47.00"
"SBIN","EQ","18-Apr-2022","517.70","512.00","515.00","504.00","510.10","509.50","509.48","1,44,92,183","7,38,35,07,123.10","2,06,832","52,54,385","36.26"
"SBIN","EQ","13-Apr-2022","512.85","514.30","520.90","513.75","517.70","517.70","517.08","1,54,40,525","7,98,39,87,949.40","1,50,224","65,56,852","42.47"
"SBIN","EQ","12-Apr-2022","514.90","512.75","516.70","504.35","512.50","512.85","510.30","1,44,60,680","7,37,93,18,523.10","1,79,734","37,86,899","26.19"
"SBIN","EQ","11-Apr-2022","516.10","513.50","522.00","513.20","515.00","514.90","518.25","1,23,70,288","6,41,08,59,873.85","1,81,292","38,25,098","30.92"
"SBIN","EQ","08-Apr-2022","514.95","519.50","519.50","512.35","516.10","516.10","516.11","1,35,72,638","7,00,49,26,248.30","1,42,230","30,39,317","22.39"
"SBIN","EQ","07-Apr-2022","513.95","510.05","519.90","510.05","516.55","514.95","515.08","1,96,20,958","10,10,64,55,922.15","1,93,008","64,94,062","33.10"
"SBIN","EQ","06-Apr-2022","509.40","507.00","515.20","506.00","512.75","513.95","510.73","1,37,38,275","7,01,65,07,642.00","1,56,632","35,43,860","25.80"
"SBIN","EQ","05-Apr-2022","512.40","514.40","516.40","507.70","508.00","509.40","512.46","1,36,02,384","6,97,06,82,174.05","1,52,569","35,50,320","26.10"
"SBIN","EQ","04-Apr-2022","508.20","509.30","514.90","506.00","512.20","512.40","511.42","1,62,57,176","8,31,42,32,026.45","1,98,168","37,13,095","22.84"
"SBIN","EQ","01-Apr-2022","493.55","491.00","509.75","491.00","508.00","508.20","503.37","1,85,27,226","9,32,61,26,941.05","1,97,319","60,92,596","32.88"
"SBIN","EQ","31-Mar-2022","494.30","494.30","497.55","492.20","493.30","493.55","494.45","1,02,40,982","5,06,36,10,021.25","1,24,653","32,96,644","32.19"
"SBIN","EQ","30-Mar-2022","495.00","499.30","500.40","492.30","493.00","494.30","496.58","1,64,61,225","8,17,43,31,159.80","1,96,570","74,85,867","45.48"
"SBIN","EQ","29-Mar-2022","497.50","500.00","501.40","491.70","495.50","495.00","496.03","1,43,01,429","7,09,39,76,888.55","1,49,505","44,00,398","30.77"
"SBIN","EQ","28-Mar-2022","490.70","490.95","498.60","481.95","497.75","497.50","491.67","1,67,38,684","8,22,98,88,608.85","2,01,945","45,51,326","27.19"
"SBIN","EQ","25-Mar-2022","487.10","491.75","493.30","486.60","491.80","490.70","490.04","1,15,41,196","5,65,55,97,136.55","1,45,141","23,18,257","20.09"
"SBIN","EQ","24-Mar-2022","490.65","485.00","494.80","483.50","486.90","487.10","489.44","1,81,74,877","8,89,55,07,386.05","1,91,083","63,09,523","34.72"
"SBIN","EQ","23-Mar-2022","493.70","498.50","502.40","489.20","489.95","490.65","495.13","1,58,00,195","7,82,32,06,413.75","1,68,550","37,30,665","23.61"
"SBIN","EQ","22-Mar-2022","490.60","490.60","495.80","477.25","495.10","493.70","486.29","2,61,57,969","12,72,02,46,447.95","2,64,129","1,01,88,906","38.95"
"SBIN","EQ","21-Mar-2022","501.90","502.00","502.00","489.00","490.25","490.60","493.32","1,90,64,060","9,40,47,35,444.25","2,24,101","78,61,269","41.24"
"SBIN","EQ","17-Mar-2022","492.75","499.00","503.50","498.30","501.00","501.90","501.29","2,29,47,673","11,50,35,33,276.50","2,21,065","1,14,50,769","49.90"
"SBIN","BL","17-Mar-2022","451.65","492.75","492.75","492.75","492.75","492.75","492.75","4,38,688","21,61,63,512.00","1","-","-"
"SBIN","EQ","16-Mar-2022","485.85","493.00","494.30","489.40","491.95","492.75","492.21","1,62,11,288","7,97,92,96,625.65","1,72,261","64,09,633","39.54"
"SBIN","EQ","15-Mar-2022","485.15","489.00","490.50","480.65","485.00","485.85","485.62","2,72,04,899","13,21,12,11,846.75","3,00,344","90,77,046","33.37"
"SBIN","EQ","14-Mar-2022","470.35","471.00","486.00","470.55","485.50","485.15","480.43","2,77,50,689","13,33,22,16,131.55","2,75,270","89,40,086","32.22"
"SBIN","EQ","11-Mar-2022","468.70","466.40","474.80","462.00","470.85","470.35","470.21","2,20,91,309","10,38,76,24,187.45","2,19,456","65,21,011","29.52"
"SBIN","EQ","10-Mar-2022","451.70","469.90","476.65","461.65","467.40","468.70","469.95","3,45,53,299","16,23,81,98,015.45","3,28,612","1,04,31,536","30.19"
"SBIN","EQ","09-Mar-2022","440.30","442.00","454.30","438.55","452.30","451.70","445.45","3,23,31,325","14,40,20,86,959.40","3,47,913","1,28,91,220","39.87"
"SBIN","EQ","08-Mar-2022","440.30","438.00","442.10","425.00","440.00","440.30","434.44","4,25,10,207","18,46,82,17,945.75","4,31,966","1,82,40,018","42.91"
"SBIN","EQ","07-Mar-2022","461.95","447.50","453.95","433.45","441.15","440.30","439.85","3,37,20,472","14,83,20,43,226.30","4,74,609","1,56,40,955","46.38"
"SBIN","EQ","04-Mar-2022","467.40","460.30","470.90","457.65","462.45","461.95","464.01","2,06,84,268","9,59,76,16,194.80","2,71,479","59,28,253","28.66"
"SBIN","EQ","03-Mar-2022","474.25","480.00","483.40","464.60","466.65","467.40","470.45","2,03,58,590","9,57,77,47,166.60","2,55,355","68,83,546","33.81"
"SBIN","EQ","02-Mar-2022","483.20","478.00","479.80","467.00","475.00","474.25","473.10","2,20,03,848","10,40,99,16,776.85","3,19,620","81,55,846","37.07"
"SBIN","EQ","28-Feb-2022","482.95","476.90","485.30","473.10","483.70","483.20","479.74","1,80,69,367","8,66,86,36,657.30","2,40,076","58,41,695","32.33"
"SBIN","EQ","25-Feb-2022","472.65","480.00","491.90","479.30","483.75","482.95","485.29","2,17,92,287","10,57,56,86,869.05","2,45,306","58,80,588","26.98"
"SBIN","EQ","24-Feb-2022","498.70","480.00","487.95","468.00","470.85","472.65","479.75","3,23,56,037","15,52,29,08,575.30","4,30,597","1,29,79,939","40.12"
"SBIN","EQ","23-Feb-2022","498.40","503.00","505.35","497.25","498.15","498.70","501.32","1,38,99,433","6,96,80,58,858.15","1,74,252","38,04,564","27.37"
"SBIN","EQ","22-Feb-2022","511.85","500.90","505.30","495.50","497.90","498.40","500.10","2,71,08,772","13,55,70,96,740.05","2,85,946","1,06,03,657","39.12"
"SBIN","EQ","21-Feb-2022","515.30","511.55","517.50","504.65","511.50","511.85","511.82","1,68,66,932","8,63,28,77,138.25","1,86,884","28,66,305","16.99"
"SBIN","EQ","18-Feb-2022","512.95","510.10","520.90","510.10","515.00","515.30","515.84","1,51,11,223","7,79,49,91,046.45","1,67,187","33,02,927","21.86"
"SBIN","EQ","17-Feb-2022","516.70","520.00","520.00","511.15","511.60","512.95","515.23","1,64,08,356","8,45,40,56,421.80","1,83,638","37,75,450","23.01"
"SBIN","EQ","16-Feb-2022","524.80","526.50","528.00","514.00","515.00","516.70","519.94","1,97,73,807","10,28,12,77,420.45","2,23,564","44,03,240","22.27"
"SBIN","EQ","15-Feb-2022","501.40","502.00","526.85","497.10","524.00","524.80","510.42","2,38,42,951","12,17,00,05,170.25","2,70,915","42,70,297","17.91"
"SBIN","EQ","14-Feb-2022","529.60","515.00","515.60","499.70","500.25","501.40","508.66","2,61,53,332","13,30,32,47,218.75","3,64,555","79,39,518","30.36"
"SBIN","EQ","11-Feb-2022","540.55","536.25","537.70","527.10","528.25","529.60","532.27","1,46,07,095","7,77,49,21,814.25","1,77,760","53,00,325","36.29"
"SBIN","EQ","10-Feb-2022","535.25","537.10","543.95","534.40","540.30","540.55","540.35","1,86,59,370","10,08,25,67,002.45","2,28,387","66,78,600","35.79"
"SBIN","EQ","09-Feb-2022","531.35","534.95","536.50","527.75","536.30","535.25","532.72","1,48,56,155","7,91,42,32,904.95","1,91,210","52,70,035","35.47"
"SBIN","EQ","08-Feb-2022","533.25","535.50","537.65","519.00","530.40","531.35","528.40","2,65,67,546","14,03,83,48,935.45","3,05,464","52,43,345","19.74"
"SBIN","EQ","07-Feb-2022","530.30","531.90","549.00","525.25","533.90","533.25","538.29","5,22,89,545","28,14,69,60,844.85","5,64,783","1,44,52,562","27.64"
"SBIN","EQ","04-Feb-2022","540.10","542.15","546.40","527.30","529.45","530.30","535.90","2,53,32,894","13,57,59,88,476.00","3,25,989","78,51,720","30.99"
"SBIN","EQ","03-Feb-2022","539.80","537.15","544.70","537.15","540.00","540.10","540.99","2,27,17,677","12,29,00,16,550.35","3,23,435","1,08,43,133","47.73"
"SBIN","EQ","02-Feb-2022","532.30","536.65","544.25","531.35","539.65","539.80","536.94","2,16,61,864","11,63,11,91,094.50","2,22,610","76,85,559","35.48"
"SBIN","EQ","01-Feb-2022","538.30","543.95","543.95","520.00","532.60","532.30","533.59","3,22,45,356","17,20,56,50,890.20","3,30,437","97,01,888","30.09"
"SBIN","EQ","31-Jan-2022","523.45","529.00","540.90","527.05","537.95","538.30","535.63","2,86,74,232","15,35,88,65,480.55","3,15,416","1,25,00,126","43.59"
"SBIN","EQ","28-Jan-2022","528.95","534.00","536.40","521.40","523.30","523.45","529.78","2,47,15,250","13,09,35,92,191.65","3,10,048","82,85,505","33.52"
"SBIN","EQ","27-Jan-2022","514.65","503.55","530.85","503.20","529.00","528.95","520.47","3,54,09,230","18,42,95,06,726.90","3,91,838","1,30,30,691","36.80"
"SBIN","EQ","25-Jan-2022","494.15","490.00","517.50","489.00","513.35","514.65","507.46","2,17,91,739","11,05,83,88,452.70","2,90,929","64,93,271","29.80"
"SBIN","EQ","24-Jan-2022","502.70","502.40","506.80","488.00","493.70","494.15","497.31","2,02,33,933","10,06,25,60,914.35","2,55,220","70,11,152","34.65"
"SBIN","EQ","21-Jan-2022","511.40","505.30","507.50","498.00","504.05","502.70","503.16","1,69,47,941","8,52,75,31,247.25","2,15,520","68,56,629","40.46"
"SBIN","EQ","20-Jan-2022","515.80","516.00","519.15","508.00","511.00","511.40","513.81","1,77,24,642","9,10,70,52,842.40","1,93,420","63,03,752","35.56"
"SBIN","EQ","19-Jan-2022","506.80","505.00","517.65","500.30","515.05","515.80","508.61","1,60,79,457","8,17,82,48,303.40","1,90,208","33,68,811","20.95"
"SBIN","EQ","18-Jan-2022","514.00","514.00","517.45","505.00","507.40","506.80","512.70","1,25,92,506","6,45,61,95,519.55","1,44,399","36,57,202","29.04"
"SBIN","EQ","17-Jan-2022","508.35","508.00","518.90","507.55","514.20","514.00","515.37","1,74,22,211","8,97,88,84,449.10","2,30,852","76,48,078","43.90"
"SBIN","EQ","14-Jan-2022","511.35","509.00","510.35","505.15","507.75","508.35","507.82","87,24,574","4,43,05,18,916.80","1,51,240","34,23,049","39.23"
"SBIN","EQ","13-Jan-2022","510.25","510.00","512.85","507.00","511.50","511.35","510.36","1,04,50,974","5,33,37,62,558.50","1,60,127","30,08,087","28.78"
"SBIN","EQ","12-Jan-2022","505.95","509.90","513.50","508.50","509.95","510.25","511.05","1,44,89,616","7,40,49,03,048.50","1,78,769","61,19,939","42.24"
"SBIN","EQ","11-Jan-2022","503.65","503.00","507.80","499.25","505.75","505.95","504.20","1,61,07,950","8,12,16,96,006.40","2,14,059","49,37,902","30.66"
"SBIN","EQ","10-Jan-2022","491.25","493.35","504.95","492.50","504.75","503.65","499.62","1,58,32,274","7,91,01,80,279.85","1,78,755","48,21,092","30.45"
"SBIN","EQ","07-Jan-2022","491.70","493.45","501.95","489.45","491.25","491.25","495.38","2,27,46,330","11,26,80,85,856.65","2,54,165","69,08,394","30.37"
"SBIN","EQ","06-Jan-2022","492.40","487.70","494.40","485.40","491.35","491.70","490.44","1,81,90,843","8,92,15,14,100.80","1,95,393","59,57,550","32.75"
"SBIN","EQ","05-Jan-2022","483.50","481.90","495.00","479.15","491.70","492.40","489.50","2,46,94,169","12,08,79,15,535.95","2,40,463","82,82,621","33.54"
"SBIN","EQ","04-Jan-2022","470.80","472.50","484.70","471.05","483.75","483.50","479.89","2,32,96,671","11,17,98,52,628.40","2,46,431","76,67,089","32.91"
"SBIN","EQ","03-Jan-2022","460.45","462.00","472.00","460.10","471.50","470.80","467.17","1,31,24,509","6,13,13,88,321.75","1,68,001","41,83,151","31.87"
"SBIN","EQ","31-Dec-2021","451.70","454.25","461.40","453.10","460.20","460.45","459.07","1,00,05,842","4,59,33,71,921.95","1,28,788","31,50,588","31.49"
"SBIN","EQ","30-Dec-2021","454.40","452.75","454.90","448.50","453.05","451.70","451.71","2,88,79,190","13,04,50,96,929.05","1,98,099","1,48,25,094","51.33"
"SBIN","EQ","29-Dec-2021","461.20","461.00","462.15","451.40","453.20","454.40","457.66","1,17,57,303","5,38,08,69,113.55","1,48,597","49,89,343","42.44"
"SBIN","EQ","28-Dec-2021","458.05","461.20","462.90","459.05","460.55","461.20","461.10","88,32,210","4,07,24,92,143.05","1,11,561","28,70,018","32.49"
"SBIN","EQ","27-Dec-2021","456.95","453.70","460.50","450.55","459.40","458.05","456.62","88,56,482","4,04,40,23,092.90","1,33,445","11,79,518","13.32"
"SBIN","EQ","24-Dec-2021","461.80","462.60","463.60","452.20","457.25","456.95","456.35","1,32,21,159","6,03,34,44,238.00","1,39,530","38,08,688","28.81"
"SBIN","EQ","23-Dec-2021","455.85","461.00","465.00","457.75","460.70","461.80","461.46","1,44,71,377","6,67,80,04,894.25","1,96,406","54,13,589","37.41"
"SBIN","EQ","22-Dec-2021","446.00","450.00","457.30","449.00","456.15","455.85","453.67","1,31,02,553","5,94,42,55,120.25","1,70,711","40,26,674","30.73"
"SBIN","EQ","21-Dec-2021","449.20","457.05","458.25","444.50","447.30","446.00","452.06","1,66,17,447","7,51,20,89,959.00","2,76,029","65,91,707","39.67"
"SBIN","EQ","20-Dec-2021","467.80","459.00","464.00","443.00","450.90","449.20","449.66","2,23,36,114","10,04,36,53,287.20","4,01,072","91,98,460","41.18"
"SBIN","EQ","17-Dec-2021","481.15","480.05","481.40","466.50","468.30","467.80","471.10","1,26,48,603","5,95,87,94,559.65","1,82,619","41,61,837","32.90"
"SBIN","EQ","16-Dec-2021","484.80","488.35","490.55","478.25","482.00","481.15","482.82","1,11,07,781","5,36,30,30,502.90","1,38,481","36,05,289","32.46"
"SBIN","EQ","15-Dec-2021","488.55","490.00","491.00","483.50","484.35","484.80","487.35","86,39,835","4,21,06,28,131.15","1,27,451","27,59,744","31.94"
"SBIN","EQ","14-Dec-2021","487.80","486.00","490.35","481.80","488.25","488.55","486.65","1,16,42,447","5,66,58,50,327.65","1,52,297","30,10,173","25.86"
"SBIN","EQ","13-Dec-2021","494.70","497.75","500.45","486.35","488.50","487.80","493.46","1,40,47,645","6,93,19,47,610.00","2,07,621","55,08,506","39.21"
"SBIN","EQ","10-Dec-2021","488.65","488.50","495.95","484.40","494.80","494.70","489.64","1,32,61,408","6,49,33,75,283.00","1,48,459","42,28,388","31.88"
"SBIN","EQ","09-Dec-2021","491.55","492.30","493.50","486.10","487.80","488.65","489.02","1,25,60,970","6,14,25,60,356.10","1,59,836","33,04,118","26.30"
"SBIN","EQ","08-Dec-2021","476.70","480.90","492.40","480.25","490.60","491.55","487.45","2,03,97,660","9,94,28,65,186.30","2,37,922","74,79,972","36.67"
"SBIN","EQ","07-Dec-2021","465.30","469.20","479.70","469.20","476.85","476.70","475.06","1,36,44,942","6,48,21,89,411.35","1,79,255","34,79,596","25.50"
"SBIN","EQ","06-Dec-2021","473.15","473.15","477.00","463.80","464.95","465.30","470.81","1,43,53,300","6,75,76,42,219.95","1,87,905","51,42,334","35.83"
"SBIN","EQ","03-Dec-2021","477.00","475.75","481.50","470.05","471.95","473.15","475.90","1,66,53,993","7,92,56,28,412.65","1,98,060","50,89,665","30.56"
"SBIN","EQ","02-Dec-2021","475.30","474.50","478.15","470.95","477.60","477.00","474.72","1,29,62,679","6,15,35,83,482.70","1,89,218","38,24,707","29.51"
"SBIN","EQ","01-Dec-2021","460.55","464.45","477.25","464.00","475.90","475.30","470.57","1,71,56,956","8,07,34,74,431.45","1,92,988","44,05,161","25.68"
"SBIN","EQ","30-Nov-2021","465.10","468.00","477.25","458.00","459.10","460.55","467.26","2,30,26,652","10,75,95,12,051.10","2,83,930","76,07,689","33.04"
"SBIN","EQ","29-Nov-2021","470.50","470.00","477.75","454.30","466.20","465.10","467.79","2,24,07,465","10,48,19,42,195.90","3,10,952","55,87,894","24.94"
"SBIN","EQ","26-Nov-2021","490.55","486.25","487.90","467.10","470.00","470.50","475.02","2,63,05,817","12,49,56,59,021.25","3,79,366","1,12,54,640","42.78"
"SBIN","EQ","25-Nov-2021","493.15","490.00","495.45","486.30","492.00","490.55","491.77","1,28,94,211","6,34,09,26,155.95","1,60,207","36,60,492","28.39"
"SBIN","EQ","24-Nov-2021","493.05","495.80","500.00","489.05","490.00","493.15","496.27","1,39,63,769","6,92,97,91,180.60","1,94,560","44,85,951","32.13"
"SBIN","EQ","23-Nov-2021","486.40","485.25","495.40","480.00","492.80","493.05","490.18","2,00,00,371","9,80,37,58,522.30","2,32,054","59,53,569","29.77"
"SBIN","EQ","22-Nov-2021","503.80","506.00","506.00","477.50","487.00","486.40","489.05","2,88,00,269","14,08,47,66,587.35","3,83,770","1,02,88,095","35.72"
"SBIN","EQ","18-Nov-2021","498.15","499.10","506.20","492.30","503.35","503.80","500.73","2,24,71,070","11,25,19,12,236.40","2,76,780","54,23,193","24.13"
"SBIN","EQ","17-Nov-2021","495.10","493.85","505.40","491.00","497.60","498.15","500.32","2,04,88,483","10,25,08,37,191.30","2,75,972","65,09,080","31.77"
"SBIN","EQ","16-Nov-2021","506.55","507.40","507.40","493.50","494.25","495.10","499.96","1,95,53,216","9,77,58,79,787.00","2,92,914","72,77,609","37.22"
"SBIN","EQ","15-Nov-2021","511.35","512.40","515.90","505.50","507.40","506.55","509.14","1,33,28,183","6,78,59,00,980.10","1,86,098","46,98,458","35.25"
"SBIN","EQ","12-Nov-2021","509.60","512.00","513.00","502.70","510.95","511.35","509.00","1,98,36,221","10,09,66,85,240.65","2,59,734","81,87,869","41.28"
"SBIN","EQ","11-Nov-2021","524.40","522.85","522.85","507.10","509.90","509.60","513.93","2,30,86,898","11,86,49,47,886.35","4,04,691","88,52,924","38.35"
"SBIN","EQ","10-Nov-2021","529.15","525.55","528.50","521.50","523.70","524.40","524.92","1,58,05,538","8,29,66,60,439.05","2,33,636","66,61,421","42.15"
"SBIN","EQ","09-Nov-2021","523.25","526.25","532.00","522.20","529.00","529.15","528.31","2,54,51,967","13,44,66,03,285.85","2,63,483","1,08,68,864","42.70"
"SBIN","EQ","08-Nov-2021","530.45","534.45","534.45","516.45","523.60","523.25","524.29","3,68,02,110","19,29,49,23,063.55","4,34,185","1,38,09,608","37.52"
"SBIN","EQ","04-Nov-2021","527.65","531.50","535.90","528.05","530.80","530.45","532.20","97,96,046","5,21,34,60,589.80","1,54,034","34,58,640","35.31"
"SBIN","EQ","03-Nov-2021","521.70","524.00","542.30","515.20","530.90","527.65","529.74","8,07,75,924","42,78,99,06,386.30","6,64,904","1,12,96,532","13.99"
"SBIN","EQ","02-Nov-2021","515.70","514.80","525.00","512.05","522.00","521.70","519.23","2,67,97,820","13,91,42,85,754.45","2,92,700","80,02,712","29.86"
"SBIN","EQ","01-Nov-2021","502.15","508.50","516.95","501.00","515.30","515.70","509.46","2,06,79,604","10,53,54,40,179.85","2,32,409","79,03,086","38.22"
"SBIN","EQ","29-Oct-2021","501.35","501.50","512.65","488.40","504.00","502.15","502.70","3,13,55,893","15,76,25,55,971.95","3,74,125","1,06,89,375","34.09"
"SBIN","EQ","28-Oct-2021","519.15","519.60","520.55","497.60","503.70","501.35","508.70","2,81,40,401","14,31,49,57,500.35","2,60,970","1,12,85,902","40.11"
"SBIN","EQ","27-Oct-2021","512.55","513.70","526.85","512.75","518.00","519.15","521.13","2,94,63,032","15,35,39,90,567.30","3,01,253","1,04,94,169","35.62"
"SBIN","EQ","26-Oct-2021","506.50","507.60","518.20","507.60","512.75","512.55","513.42","2,11,07,457","10,83,70,79,011.10","2,33,424","68,45,791","32.43"
"SBIN","EQ","25-Oct-2021","502.95","506.50","515.45","497.85","507.10","506.50","508.70","3,56,19,415","18,11,94,25,930.15","3,83,621","1,47,44,285","41.39"
"SBIN","EQ","22-Oct-2021","502.95","504.60","508.70","500.00","502.50","502.95","504.16","2,40,80,485","12,14,03,56,949.25","2,26,890","91,18,838","37.87"
"SBIN","EQ","21-Oct-2021","499.90","504.90","506.50","491.75","504.45","502.95","500.34","2,08,08,243","10,41,12,57,991.50","2,37,992","55,57,708","26.71"
"SBIN","EQ","20-Oct-2021","488.20","488.80","507.50","483.10","501.20","499.90","499.79","3,40,80,545","17,03,32,73,637.45","3,30,756","99,18,562","29.10"
"SBIN","EQ","19-Oct-2021","497.95","500.35","504.20","483.25","488.70","488.20","496.47","2,06,45,100","10,24,96,03,940.75","2,22,035","69,02,634","33.43"
"SBIN","EQ","18-Oct-2021","490.60","494.00","501.00","491.70","496.95","497.95","496.52","2,00,84,248","9,97,22,48,131.00","2,42,361","69,57,051","34.64"
"SBIN","EQ","14-Oct-2021","481.70","482.00","493.90","482.00","489.00","490.60","489.36","2,34,31,826","11,46,67,00,420.40","2,85,093","92,03,608","39.28"
"SBIN","EQ","13-Oct-2021","483.00","486.15","486.15","478.00","480.30","481.70","482.03","1,76,38,983","8,50,25,69,064.60","1,93,982","61,71,965","34.99"
"SBIN","EQ","12-Oct-2021","469.25","470.00","484.40","468.10","483.00","483.00","477.21","3,37,63,609","16,11,24,73,783.15","3,58,816","1,05,24,930","31.17"
"SBIN","EQ","11-Oct-2021","458.00","460.00","474.95","458.65","470.00","469.25","467.63","2,06,86,981","9,67,39,41,458.60","2,16,624","58,70,213","28.38"
"SBIN","EQ","08-Oct-2021","457.90","461.90","464.00","454.25","460.05","458.00","458.23","1,65,21,128","7,57,05,06,024.80","2,03,056","52,92,617","32.04"
"SBIN","EQ","07-Oct-2021","457.20","462.10","464.00","457.10","458.80","457.90","460.40","99,84,651","4,59,69,45,034.65","1,25,318","24,61,134","24.65"
"SBIN","EQ","06-Oct-2021","464.70","465.00","471.00","453.65","456.85","457.20","462.34","1,90,56,690","8,81,06,09,278.20","2,12,608","56,74,001","29.77"
"SBIN","EQ","05-Oct-2021","463.15","462.00","469.00","458.70","463.70","464.70","462.56","1,64,87,568","7,62,65,35,668.60","1,73,621","61,98,603","37.60"
"SBIN","BL","04-Oct-2021","303.80","451.65","451.65","451.65","451.65","451.65","451.65","16,77,788","75,77,72,950.20","1","-","-"
"SBIN","EQ","04-Oct-2021","451.65","453.80","464.40","451.60","462.50","463.15","459.53","1,62,46,765","7,46,58,19,749.15","1,65,717","61,23,342","37.69"
"SBIN","EQ","01-Oct-2021","453.00","448.50","455.55","443.80","452.00","451.65","451.04","1,47,77,309","6,66,51,06,556.20","1,55,872","44,97,093","30.43"
"SBIN","EQ","30-Sep-2021","460.00","459.95","464.90","451.40","453.00","453.00","456.78","2,65,30,369","12,11,84,27,234.50","2,63,399","92,67,354","34.93"
"SBIN","EQ","29-Sep-2021","444.90","441.85","462.30","439.10","459.70","460.00","455.43","3,86,35,938","17,59,57,81,811.20","2,76,232","1,75,29,709","45.37"
"SBIN","EQ","28-Sep-2021","446.60","449.20","455.80","439.60","444.65","444.90","448.31","1,92,41,170","8,62,60,38,318.15","1,99,169","51,39,742","26.71"
"SBIN","EQ","27-Sep-2021","440.75","444.90","450.55","442.25","446.00","446.60","447.06","1,17,46,892","5,25,15,71,390.70","1,53,034","39,99,470","34.05"